track_id,vehicle_type,lane,timestamp_sec,world_x,world_y,frame_no
2,Three-Wheeler,Lane 2,0.936,10.528,31.912,26
9,Car,Lane 2,3.887,9.222,32.449,108
8,Car,Lane 2,5.435,12.255,31.535,151
43,Three-Wheeler,Lane 2,9.358,11.809,31.385,260
61,Three-Wheeler,Lane 1,11.482,8.377,32.634,319
59,Three-Wheeler,Lane 2,12.849,10.379,32.195,357
68,Three-Wheeler,Lane 1,14.577,7.617,32.295,405
123,Motorcycle,Lane 1,23.683,-1.193,36.924,658
127,Motorcycle,Lane 1,23.827,-2.476,36.647,662
128,Bus,Lane 1,26.239,-7.234,37.431,729
138,Motorcycle,Lane 1,27.714,-0.918,36.578,770
144,Light Goods Vehicle,Lane 1,30.414,0.019,35.809,845
150,Light Goods Vehicle,Lane 1,30.774,0.02,35.534,855
154,Car,Lane 1,31.601,-0.956,36.305,878
162,Car,Lane 1,32.105,-1.083,36.055,892
167,Three-Wheeler,Lane 2,33.437,10.061,32.265,929
174,Three-Wheeler,Lane 1,35.489,7.411,32.591,986
191,Three-Wheeler,Lane 2,37.252,9.742,32.335,1035
192,Motorcycle,Lane 1,39.016,-2.836,36.728,1084
215,Motorcycle,Lane 1,41.967,1.461,35.486,1166
210,Motorcycle,Lane 1,42.039,1.325,35.243,1168
212,Three-Wheeler,Lane 1,43.155,8.737,32.052,1199
225,Car,Lane 1,58.128,1.152,35.282,1615
228,Motorcycle,Lane 1,58.452,-4.87,36.623,1624
227,Motorcycle,Lane 1,58.776,-5.215,36.98,1633
226,Three-Wheeler,Lane 2,58.884,10.636,31.64,1636
234,Motorcycle,Lane 1,61.619,-2.418,36.354,1712
236,Motorcycle,Lane 1,61.835,-3.278,37.397,1718
239,Motorcycle,Lane 1,62.123,-2.521,36.657,1726
241,Three-Wheeler,Lane 1,62.159,-3.162,36.243,1727
237,Three-Wheeler,Lane 2,66.514,9.622,32.361,1848
257,Motorcycle,Lane 1,72.669,-0.633,35.407,2019
261,Motorcycle,Lane 1,72.957,-1.341,35.837,2027
260,Motorcycle,Lane 1,73.209,1.319,34.974,2034
267,Motorcycle,Lane 1,74.721,-1.916,35.965,2076
265,Motorcycle,Lane 1,74.936,-0.901,35.739,2082
271,Three-Wheeler,Lane 2,88.47,9.377,32.163,2458
273,Light Goods Vehicle,Lane 2,88.506,9.457,32.145,2459
274,Car,Lane 1,92.177,-1.872,35.955,2561
292,Car,Lane 1,92.285,-2.082,35.728,2564
275,Motorcycle,Lane 1,92.645,-3.315,37.987,2574
293,Motorcycle,Lane 1,93.725,-2.507,36.374,2604
282,Motorcycle,Lane 1,94.013,-2.983,36.203,2612
300,Motorcycle,Lane 1,94.085,3.584,34.472,2614
298,Motorcycle,Lane 1,94.372,2.242,35.312,2622
297,Van,Lane 1,95.236,-0.676,35.417,2646
313,Car,Lane 1,99.087,-3.494,36.595,2753
308,Three-Wheeler,Lane 1,99.231,-3.072,36.223,2757
309,Car,Lane 1,99.591,0.108,35.243,2767
314,Car,Lane 1,99.663,0.151,35.233,2769
321,Car,Lane 1,105.026,7.284,32.873,2918
332,Motorcycle,Lane 1,105.206,2.093,34.803,2923
344,Three-Wheeler,Lane 2,110.173,10.488,31.92,3061
351,Motorcycle,Lane 1,114.996,-5.051,36.664,3195
354,Light Goods Vehicle,Lane 1,116.292,0.888,35.07,3231
352,Car,Lane 1,116.508,1.061,35.032,3237
357,Light Goods Vehicle,Lane 1,116.508,1.065,35.301,3237
381,Motorcycle,Lane 2,122.519,10.211,31.981,3404
397,Three-Wheeler,Lane 1,126.766,7.33,32.609,3522
404,Car,Lane 2,128.601,9.702,32.344,3573
435,Three-Wheeler,Lane 1,131.229,7.976,32.468,3646
434,Three-Wheeler,Lane 1,133.208,7.568,32.811,3701
464,Three-Wheeler,Lane 1,136.52,-3.206,36.253,3793
460,Three-Wheeler,Lane 1,136.556,-3.206,36.253,3794
463,Car,Lane 1,137.708,-0.769,35.71,3826
476,Car,Lane 1,139.867,7.416,32.339,3886
483,Three-Wheeler,Lane 2,139.975,10.379,32.195,3889
485,Car,Lane 1,140.119,1.233,34.993,3893
498,Car,Lane 1,141.991,8.014,32.713,3945
518,Car,Lane 1,142.063,-8.955,38.102,3947
521,Bus,Lane 1,142.531,-5.854,37.123,3960
502,Van,Lane 1,144.042,1.792,34.869,4002
517,Car,Lane 1,144.546,-2.284,36.324,4016
516,Three-Wheeler,Lane 1,144.762,7.694,32.53,4022
543,Motorcycle,Lane 1,144.762,1.535,34.926,4022
557,Three-Wheeler,Lane 1,145.806,-1.597,35.621,4051
561,Motorcycle,Lane 1,145.878,0.935,35.33,4053
595,Bus,Lane 1,149.225,-10.23,38.389,4146
596,Light Goods Vehicle,Lane 1,149.261,-10.933,40.65,4147
606,Light Goods Vehicle,Lane 1,150.341,-3.162,36.243,4177
597,Light Goods Vehicle,Lane 1,150.377,-3.287,36.829,4178
611,Car,Lane 1,154.444,7.324,32.864,4291
623,Motorcycle,Lane 1,154.696,-2.264,36.882,4298
610,Car,Lane 1,154.84,7.2,28.459,4302
617,Light Goods Vehicle,Lane 1,154.876,-4.509,36.543,4303
615,Light Goods Vehicle,Lane 1,154.912,-4.513,37.104,4304
631,Motorcycle,Lane 1,155.308,-2.449,36.084,4315
638,Three-Wheeler,Lane 1,158.655,7.365,32.855,4408
584,Bus,Lane 2,159.987,11.914,30.634,4445
653,Three-Wheeler,Lane 1,160.419,7.892,32.74,4457
656,Bus,Lane 2,161.355,11.842,30.176,4483
658,Light Goods Vehicle,Lane 1,161.571,-12.234,40.332,4489
659,Bus,Lane 1,161.823,-4.467,37.094,4496
661,Three-Wheeler,Lane 1,161.823,-4.352,36.787,4496
662,Three-Wheeler,Lane 1,161.93,-1.41,36.689,4499
672,Car,Lane 2,162.902,9.021,23.687,4526
668,Three-Wheeler,Lane 1,163.334,7.411,32.591,4538
676,Three-Wheeler,Lane 1,166.574,7.527,32.82,4628
689,Van,Lane 1,167.149,-3.117,36.233,4644
691,Car,Lane 1,170.713,7.243,32.882,4743
708,Car,Lane 1,170.929,-2.15,36.294,4749
739,Motorcycle,Lane 1,178.703,-2.507,36.374,4965
737,Motorcycle,Lane 1,179.027,-3.269,36.544,4974
749,Motorcycle,Lane 1,186.441,-2.686,36.414,5180
724,Bus,Lane 2,188.421,11.394,31.723,5235
786,Light Goods Vehicle,Lane 1,197.023,-2.849,36.173,5474
764,Car,Lane 1,197.059,-2.76,36.153,5475
779,Motorcycle,Lane 1,197.167,-5.534,37.051,5478
778,Three-Wheeler,Lane 1,197.527,-5.289,37.279,5488
787,Van,Lane 1,199.579,-1.158,35.524,5545
785,Van,Lane 1,200.407,-5.096,36.674,5568
792,Motorcycle,Lane 1,200.622,1.982,35.37,5574
797,Motorcycle,Lane 1,200.766,0.107,35.789,5578
800,Motorcycle,Lane 1,200.91,1.238,35.263,5582
816,Motorcycle,Lane 1,203.538,-3.067,37.638,5655
827,Car,Lane 1,206.813,-3.475,36.312,5746
830,Motorcycle,Lane 1,207.353,2.054,36.188,5761
829,Three-Wheeler,Lane 1,207.929,2.381,34.472,5777
840,Van,Lane 1,209.369,-1.158,35.524,5817
855,Car,Lane 1,216.927,-2.805,36.163,6027
862,Car,Lane 1,219.087,-3.089,36.504,6087
875,Light Goods Vehicle,Lane 1,219.663,-3.061,36.778,6103
876,Bus,Lane 1,220.094,-4.669,36.858,6115
895,Motorcycle,Lane 1,223.37,2.209,35.594,6206
887,Motorcycle,Lane 1,223.658,2.145,35.061,6214
917,Motorcycle,Lane 1,229.273,-0.512,36.206,6370
906,Light Goods Vehicle,Lane 2,229.345,9.662,32.353,6372
913,Bus,Lane 2,229.345,9.656,32.102,6372
920,Light Goods Vehicle,Lane 2,229.561,9.662,32.353,6378
934,Car,Lane 1,231.072,7.653,32.538,6420
941,Car,Lane 1,233.196,-1.825,37.067,6479
949,Light Goods Vehicle,Lane 1,234.815,-1.121,35.788,6524
943,Light Goods Vehicle,Lane 1,235.247,-1.289,35.553,6536
985,Motorcycle,Lane 1,241.366,3.303,34.803,6706
1007,Motorcycle,Lane 1,241.582,-1.814,36.78,6712
1005,Motorcycle,Lane 1,242.446,2.296,34.491,6736
987,Motorcycle,Lane 1,242.842,2.231,35.042,6747
1008,Motorcycle,Lane 1,243.418,-2.126,35.738,6763
1039,Three-Wheeler,Lane 1,243.814,6.663,28.998,6774
1023,Three-Wheeler,Lane 1,244.713,-1.668,43.787,6799
1065,Three-Wheeler,Lane 1,246.045,6.641,32.759,6836
1033,Car,Lane 1,246.225,2.135,34.793,6841
1051,Three-Wheeler,Lane 1,246.621,8.659,32.572,6852
1073,Three-Wheeler,Lane 2,248.529,10.379,32.195,6905
1083,Three-Wheeler,Lane 1,249.032,6.632,33.016,6919
1093,Three-Wheeler,Lane 1,249.536,8.016,32.459,6933
1091,Three-Wheeler,Lane 2,251.48,10.26,32.222,6987
1128,Motorcycle,Lane 1,253.136,0.368,35.185,7033
1084,Car,Lane 1,254.647,7.209,32.635,7075
1132,Light Goods Vehicle,Lane 1,255.871,-7.772,38.71,7109
1143,Light Goods Vehicle,Lane 1,255.907,-7.459,37.766,7110
1162,Three-Wheeler,Lane 2,255.907,9.492,31.888,7110
1146,Car,Lane 1,256.663,-0.023,35.272,7131
1168,Car,Lane 1,257.095,8.377,32.634,7143
1175,Car,Lane 1,259.29,0.282,35.204,7204
1186,Three-Wheeler,Lane 1,259.578,7.365,32.855,7212
1228,Bus,Lane 2,260.946,10.765,31.86,7250
1196,Light Goods Vehicle,Lane 1,260.982,-6.051,36.886,7251
1215,Three-Wheeler,Lane 2,260.982,10.765,31.86,7251
1235,Three-Wheeler,Lane 1,261.018,-6.187,36.917,7252
1206,Light Goods Vehicle,Lane 1,261.09,-4.238,36.483,7254
1237,Van,Lane 1,261.27,-2.671,36.133,7259
1219,Bus,Lane 1,263.465,8.498,32.607,7320
1240,Three-Wheeler,Lane 1,263.861,-0.371,35.349,7331
1239,Three-Wheeler,Lane 1,263.897,-0.502,35.378,7332
1265,Light Goods Vehicle,Lane 1,265.517,-4.307,36.776,7377
1272,Car,Lane 1,265.517,8.898,32.267,7377
1280,Three-Wheeler,Lane 1,265.697,-4.418,36.523,7382
1242,Car,Lane 1,266.741,6.877,32.962,7411
1282,Van,Lane 1,267.425,-1.429,35.857,7430
1304,Car,Lane 1,267.497,-1.421,35.582,7432
1288,Three-Wheeler,Lane 1,268.36,8.054,32.705,7456
1311,Motorcycle,Lane 1,268.972,-3.078,37.065,7473
1323,Three-Wheeler,Lane 1,269.44,-3.0,36.484,7486
1361,Motorcycle,Lane 1,273.939,-2.182,36.025,7611
1362,Three-Wheeler,Lane 1,273.939,-3.206,36.253,7611
1363,Motorcycle,Lane 1,273.939,-2.626,36.124,7611
1373,Motorcycle,Lane 1,279.158,-3.715,37.209,7756
1379,Car,Lane 1,281.246,-0.199,35.583,7814
1393,Three-Wheeler,Lane 1,281.858,-3.215,37.096,7831
1409,Motorcycle,Lane 1,287.365,-2.462,36.364,7984
1413,Motorcycle,Lane 1,287.473,-3.028,36.213,7987
1416,Car,Lane 1,289.344,-1.597,35.621,8039
1415,Car,Lane 1,289.38,-1.606,35.896,8040
1437,Motorcycle,Lane 1,296.039,-3.789,36.382,8225
1440,Motorcycle,Lane 1,296.255,-4.238,36.483,8231
1451,Car,Lane 2,301.582,10.021,32.274,8379
1456,Three-Wheeler,Lane 2,306.873,10.33,31.955,8526
1465,Motorcycle,Lane 1,307.232,-3.423,36.859,8536
1468,Motorcycle,Lane 1,307.844,-3.564,36.332,8553
1467,Motorcycle,Lane 1,308.096,-3.609,36.342,8560
1472,Three-Wheeler,Lane 2,309.32,9.662,32.353,8594
1473,Car,Lane 1,310.652,1.749,34.879,8631
1462,Three-Wheeler,Lane 2,311.516,10.26,32.222,8655
1480,Three-Wheeler,Lane 1,312.235,-3.359,36.564,8675
1490,Light Goods Vehicle,Lane 1,312.235,-3.296,36.273,8675
1487,Car,Lane 1,313.639,1.147,35.012,8714
1507,Three-Wheeler,Lane 1,315.079,-4.216,36.756,8754
1426,Light Goods Vehicle,Lane 1,317.922,-6.819,37.338,8833
1482,Light Goods Vehicle,Lane 1,317.922,-6.856,37.631,8833
1522,Van,Lane 1,319.542,-2.093,36.005,8878
1523,Car,Lane 1,321.306,-0.502,35.378,8927
1558,Three-Wheeler,Lane 1,332.823,-2.671,36.973,9247
1580,Three-Wheeler,Lane 2,345.924,10.844,31.843,9611
1584,Motorcycle,Lane 1,347.544,-5.015,37.217,9656
1592,Van,Lane 1,351.611,-3.296,36.273,9769
1606,Car,Lane 1,351.647,-3.475,36.312,9770
1603,Car,Lane 1,353.555,-1.916,35.965,9823
1626,Van,Lane 1,356.182,-1.685,35.64,9896
1635,Car,Lane 1,356.506,-0.236,34.783,9905
1632,Three-Wheeler,Lane 2,357.478,11.237,31.757,9932
1643,Light Goods Vehicle,Lane 1,358.09,-4.328,36.503,9949
1647,Car,Lane 1,360.825,8.177,32.424,10025
1651,Three-Wheeler,Lane 1,362.085,8.054,32.705,10060
1692,Car,Lane 1,363.057,7.406,32.847,10087
1700,Three-Wheeler,Lane 1,364.929,7.221,32.132,10139
1721,Motorcycle,Lane 1,366.044,-8.019,37.892,10170
1728,Three-Wheeler,Lane 2,366.332,9.644,31.608,10178
1727,Three-Wheeler,Lane 1,367.196,7.162,32.9,10202
1724,Car,Lane 1,367.7,1.535,34.926,10216
1737,Car,Lane 1,369.032,-2.686,36.414,10253
1759,Motorcycle,Lane 1,369.572,-3.674,36.635,10268
1760,Motorcycle,Lane 1,369.931,-3.475,36.312,10278
1776,Three-Wheeler,Lane 2,372.271,9.622,32.361,10343
1788,Three-Wheeler,Lane 1,373.387,7.649,32.793,10374
1798,Bus,Lane 1,374.035,-2.656,36.687,10392
1789,Three-Wheeler,Lane 1,374.107,-2.791,36.717,10394
1803,Car,Lane 1,374.215,-2.596,36.394,10397
1804,Bus,Lane 1,377.022,-4.825,36.613,10475
1824,Three-Wheeler,Lane 1,379.326,-4.171,36.746,10539
1813,Three-Wheeler,Lane 1,379.793,7.653,32.538,10552
1848,Three-Wheeler,Lane 1,380.441,8.78,32.546,10570
1851,Three-Wheeler,Lane 2,381.593,12.177,31.552,10602
1875,Motorcycle,Lane 1,382.889,-3.287,36.829,10638
1880,Motorcycle,Lane 1,384.796,-4.987,36.929,10691
1881,Motorcycle,Lane 1,385.084,-4.554,36.553,10699
1854,Car,Lane 1,387.1,8.095,32.696,10755
1896,Car,Lane 1,388.684,7.121,32.909,10799
1899,Motorcycle,Lane 1,388.864,-3.967,36.982,10804
1914,Car,Lane 1,390.303,7.451,32.583,10844
1905,Car,Lane 1,392.895,7.273,31.629,10916
1931,Van,Lane 1,393.003,-3.0,36.484,10919
1940,Car,Lane 1,393.039,-3.197,36.809,10920
1952,Motorcycle,Lane 1,395.09,-3.564,36.332,10977
1949,Three-Wheeler,Lane 1,396.854,8.256,32.66,11026
1981,Three-Wheeler,Lane 1,411.971,7.774,32.512,11446
1994,Light Goods Vehicle,Lane 1,417.334,-2.849,36.173,11595
2001,Three-Wheeler,Lane 1,417.334,-2.938,36.193,11595
2013,Motorcycle,Lane 1,418.665,0.93,38.201,11632
2018,Motorcycle,Lane 1,419.493,0.895,35.613,11655
2019,Motorcycle,Lane 1,419.493,1.757,35.147,11655
2009,Three-Wheeler,Lane 1,419.529,-3.117,36.233,11656
2008,Light Goods Vehicle,Lane 1,419.565,-3.224,36.534,11657
2023,Motorcycle,Lane 1,419.601,1.276,34.984,11658
2043,Motorcycle,Lane 1,427.807,-0.774,35.986,11886
2050,Motorcycle,Lane 1,427.807,-1.571,36.164,11886
2052,Car,Lane 1,431.911,7.976,32.468,12000
2056,Car,Lane 1,436.482,7.572,32.556,12127
2071,Light Goods Vehicle,Lane 1,439.937,-2.971,36.758,12223
2075,Three-Wheeler,Lane 1,439.937,-2.971,36.758,12223
2074,Car,Lane 1,440.189,1.152,35.282,12230
2085,Car,Lane 1,449.763,1.319,34.974,12496
2069,Bus,Lane 2,451.095,10.883,31.834,12533
2098,Motorcycle,Lane 1,453.254,-2.469,38.387,12593
2102,Motorcycle,Lane 1,454.046,1.233,34.993,12615
2108,Motorcycle,Lane 1,454.694,0.5,35.427,12633
2126,Three-Wheeler,Lane 1,467.795,8.856,32.026,12997
2133,Motorcycle,Lane 1,469.307,-2.971,36.758,13039
2134,Motorcycle,Lane 1,470.099,-3.061,36.778,13061
2162,Van,Lane 1,471.61,-1.103,36.904,13103
2159,Three-Wheeler,Lane 2,471.646,9.662,32.353,13104
2140,Three-Wheeler,Lane 1,471.79,6.999,32.936,13108
2170,Car,Lane 1,472.15,-0.983,35.485,13118
2176,Motorcycle,Lane 1,472.222,-3.604,36.9,13120
2167,Three-Wheeler,Lane 1,473.23,7.284,32.873,13148
2207,Three-Wheeler,Lane 1,479.997,7.694,32.53,13336
2227,Three-Wheeler,Lane 1,481.148,7.649,32.793,13368
2230,Three-Wheeler,Lane 1,483.164,7.892,32.74,13424
2276,Motorcycle,Lane 1,491.622,-3.674,36.635,13659
2282,Van,Lane 1,492.522,-0.637,35.68,13684
2290,Motorcycle,Lane 1,495.366,-1.09,36.335,13763
2294,Motorcycle,Lane 1,495.437,-1.5,36.709,13765
2285,Car,Lane 1,496.193,7.04,32.927,13786
2299,Light Goods Vehicle,Lane 1,496.193,7.08,32.918,13786
2296,Van,Lane 1,496.589,-2.271,36.044,13797
2307,Three-Wheeler,Lane 1,499.037,8.058,32.199,13865
2306,Car,Lane 1,501.196,7.08,32.918,13925
2321,Motorcycle,Lane 1,501.592,-2.462,36.364,13936
2323,Motorcycle,Lane 1,501.844,-2.897,37.024,13943
2284,Car,Lane 2,502.276,10.922,31.826,13955
2314,Three-Wheeler,Lane 1,502.924,7.771,32.767,13973
2338,Motorcycle,Lane 1,503.032,-0.557,36.215,13976
2347,Motorcycle,Lane 1,503.104,-1.695,35.916,13978
2354,Motorcycle,Lane 1,504.22,-2.552,36.384,14009
2356,Motorcycle,Lane 1,504.328,-3.044,36.494,14012
2340,Three-Wheeler,Lane 1,505.659,7.094,32.409,14049
2365,Car,Lane 1,508.035,7.121,32.909,14115
2344,Light Goods Vehicle,Lane 1,508.071,7.202,32.891,14116
2411,Three-Wheeler,Lane 1,511.346,-2.76,36.153,14207
2394,Light Goods Vehicle,Lane 1,511.382,-2.955,36.474,14208
2401,Three-Wheeler,Lane 1,512.21,7.69,32.784,14231
2429,Car,Lane 1,515.017,-2.182,36.025,14309
2434,Car,Lane 1,516.961,-1.289,35.553,14363
2447,Car,Lane 2,519.984,10.883,31.834,14447
2464,Light Goods Vehicle,Lane 1,527.759,-3.539,36.605,14663
2471,Three-Wheeler,Lane 1,527.759,-3.494,36.595,14663
2472,Light Goods Vehicle,Lane 1,528.011,-5.278,36.714,14670
2480,Motorcycle,Lane 1,528.119,0.151,36.057,14673
2478,Light Goods Vehicle,Lane 1,528.155,-5.124,36.959,14674
2482,Motorcycle,Lane 1,528.515,1.244,35.535,14684
2485,Motorcycle,Lane 1,529.127,1.362,34.965,14701
2269,Car,Lane 2,529.45,10.488,31.92,14710
2459,Light Goods Vehicle,Lane 2,529.558,10.488,31.92,14713
2507,Three-Wheeler,Lane 1,539.384,-1.518,35.877,14986
2521,Light Goods Vehicle,Lane 1,539.384,-1.429,35.857,14986
2514,Three-Wheeler,Lane 1,540.68,-3.43,36.303,15022
2515,Light Goods Vehicle,Lane 1,540.68,-3.43,36.303,15022
2540,Motorcycle,Lane 1,541.22,-0.335,36.166,15037
2535,Light Goods Vehicle,Lane 1,542.12,-2.138,36.015,15062
2534,Three-Wheeler,Lane 1,542.192,-2.082,35.728,15064
2552,Car,Lane 1,543.524,-2.232,37.16,15101
2550,Car,Lane 1,543.991,-1.357,36.395,15114
2547,Three-Wheeler,Lane 1,544.927,-2.404,36.074,15140
2551,Light Goods Vehicle,Lane 1,545.611,-5.006,36.653,15159
2556,Light Goods Vehicle,Lane 1,545.827,-4.96,36.643,15165
2593,Light Goods Vehicle,Lane 1,551.586,-2.82,36.444,15325
2604,Three-Wheeler,Lane 1,551.622,-2.881,36.738,15326
2631,Car,Lane 1,560.764,8.19,30.02,15580
2643,Van,Lane 1,562.78,-2.373,36.344,15636
2661,Car,Lane 1,566.235,1.707,34.888,15732
2683,Car,Lane 1,566.307,1.535,34.926,15734
2674,Van,Lane 1,568.502,-1.606,35.896,15795
2691,Motorcycle,Lane 1,568.682,-5.932,37.423,15800
2687,Motorcycle,Lane 1,569.402,-3.967,36.982,15820
2710,Motorcycle,Lane 1,573.721,2.253,34.5,15940
2702,Motorcycle,Lane 1,573.829,1.921,34.841,15943
2703,Motorcycle,Lane 1,574.081,-3.694,36.92,15950
2717,Motorcycle,Lane 1,574.369,2.188,35.051,15958
2737,Motorcycle,Lane 1,576.529,-3.314,36.554,16018
2738,Motorcycle,Lane 1,576.565,-3.699,36.362,16019
2763,Car,Lane 1,579.732,-5.837,36.561,16107
2786,Three-Wheeler,Lane 1,583.331,-3.378,36.849,16207
2787,Light Goods Vehicle,Lane 1,583.403,-3.269,36.544,16209
2793,Light Goods Vehicle,Lane 1,583.475,-3.475,36.312,16211
2812,Three-Wheeler,Lane 1,584.987,7.357,26.587,16253
2822,Three-Wheeler,Lane 1,586.067,1.233,34.993,16283
2802,Light Goods Vehicle,Lane 1,586.355,1.276,34.984,16291
2846,Three-Wheeler,Lane 2,586.607,9.847,36.419,16298
2879,Three-Wheeler,Lane 2,588.91,10.141,32.248,16362
2842,Car,Lane 1,589.054,7.162,32.9,16366
2893,Three-Wheeler,Lane 1,590.314,7.451,32.583,16401
2905,Car,Lane 1,591.466,7.541,32.062,16433
2931,Motorcycle,Lane 1,592.185,-4.488,36.817,16453
2896,Car,Lane 1,592.257,-1.421,35.582,16455
2871,Three-Wheeler,Lane 1,592.761,8.377,32.634,16469
2923,Car,Lane 1,594.129,-0.197,35.31,16507
2956,Motorcycle,Lane 1,594.705,-3.359,36.564,16523
2962,Three-Wheeler,Lane 1,594.993,-0.421,35.907,16531
2944,Bus,Lane 1,595.749,-6.461,36.978,16552
2970,Car,Lane 1,597.116,-1.289,35.553,16590
2972,Car,Lane 1,597.404,7.08,32.918,16598
2985,Car,Lane 1,597.476,-0.983,35.485,16600
3039,Car,Lane 1,602.191,7.243,32.882,16731
3028,Bus,Lane 1,603.091,1.921,34.841,16756
3021,Three-Wheeler,Lane 1,603.235,1.792,34.869,16760
3043,Three-Wheeler,Lane 1,603.631,8.256,32.66,16771
3055,Light Goods Vehicle,Lane 1,606.726,-11.174,39.484,16857
3057,Light Goods Vehicle,Lane 1,607.122,-2.162,36.576,16868
3056,Three-Wheeler,Lane 1,607.194,-2.162,36.576,16870
3066,Car,Lane 1,607.41,7.649,32.793,16876
3071,Car,Lane 1,607.482,7.697,32.278,16878
3069,Light Goods Vehicle,Lane 1,609.102,-5.443,37.031,16923
3077,Three-Wheeler,Lane 1,609.102,-3.044,36.494,16923
3047,Bus,Lane 1,609.282,7.774,32.512,16928
3067,Bus,Lane 1,609.93,7.835,23.057,16946
3091,Motorcycle,Lane 1,611.981,-4.219,38.491,17003
3087,Three-Wheeler,Lane 1,613.061,8.014,32.713,17033
3102,Three-Wheeler,Lane 1,615.977,8.014,32.713,17114
3115,Van,Lane 1,617.776,-5.427,37.31,17164
3112,Light Goods Vehicle,Lane 1,617.92,-4.103,36.452,17168
3118,Car,Lane 1,618.28,-0.906,36.016,17178
3122,Light Goods Vehicle,Lane 1,618.352,-0.774,35.986,17180
3114,Light Goods Vehicle,Lane 1,618.496,-3.764,36.655,17184
3129,Car,Lane 2,619.72,11.119,31.783,17218
3150,Car,Lane 1,626.666,1.325,35.243,17411
3152,Car,Lane 1,630.554,7.29,32.618,17519
3175,Motorcycle,Lane 1,636.42,-3.809,36.665,17682
3179,Car,Lane 1,636.6,-0.593,35.671,17687
3191,Car,Lane 1,638.184,7.249,32.627,17731
3177,Van,Lane 1,638.22,6.958,32.945,17732
3149,Bus,Lane 2,638.688,11.041,31.8,17745
3195,Light Goods Vehicle,Lane 1,638.724,-4.721,37.436,17746
3204,Car,Lane 1,639.264,-4.467,37.094,17761
3209,Car,Lane 1,639.516,-0.851,35.456,17768
3198,Car,Lane 1,639.588,-0.769,35.71,17770
3203,Light Goods Vehicle,Lane 2,640.308,10.636,31.64,17790
3244,Three-Wheeler,Lane 2,642.791,9.462,32.396,17859
3196,Three-Wheeler,Lane 2,642.827,9.502,32.388,17860
3223,Three-Wheeler,Lane 1,643.511,1.535,34.926,17879
3234,Motorcycle,Lane 1,643.655,-3.968,36.422,17883
3276,Motorcycle,Lane 1,649.522,1.367,37.207,18046
3281,Motorcycle,Lane 1,649.774,1.026,35.584,18053
3289,Motorcycle,Lane 1,651.681,-0.545,35.388,18106
3302,Motorcycle,Lane 1,652.977,-3.52,36.322,18142
3305,Motorcycle,Lane 1,653.841,-3.162,36.243,18166
3327,Motorcycle,Lane 1,658.016,-3.061,36.778,18282
3334,Motorcycle,Lane 1,658.34,-3.744,36.372,18291
3333,Motorcycle,Lane 1,658.484,-3.629,36.625,18295
3339,Light Goods Vehicle,Lane 1,662.047,-5.006,36.653,18394
3343,Light Goods Vehicle,Lane 1,662.839,-0.637,35.68,18416
3357,Car,Lane 1,662.875,-0.589,35.397,18417
3393,Three-Wheeler,Lane 1,676.3,-2.15,36.294,18790
3394,Light Goods Vehicle,Lane 1,676.3,-2.207,36.586,18790
3375,Light Goods Vehicle,Lane 1,676.372,-9.013,39.592,18792
3385,Light Goods Vehicle,Lane 1,676.444,-2.199,37.441,18794
3399,Three-Wheeler,Lane 1,679.971,1.448,34.946,18892
3411,Three-Wheeler,Lane 1,680.079,1.714,35.157,18895
3420,Three-Wheeler,Lane 1,685.802,-5.686,36.805,19054
3426,Car,Lane 1,688.214,-2.537,36.104,19121
3433,Light Goods Vehicle,Lane 1,690.301,-1.949,35.699,19179
3438,Car,Lane 1,690.301,-2.037,35.719,19179
3451,Light Goods Vehicle,Lane 1,692.569,-3.028,36.213,19242
3455,Car,Lane 1,692.569,-3.072,36.223,19242
3458,Car,Lane 1,693.289,-2.507,36.374,19262
3467,Van,Lane 1,696.42,-1.289,35.553,19349
3468,Light Goods Vehicle,Lane 1,696.672,7.08,32.918,19356
3474,Car,Lane 1,696.672,-1.465,35.592,19356
3469,Car,Lane 1,696.78,7.121,32.909,19359
3485,Car,Lane 2,698.939,9.742,32.335,19419
3489,Car,Lane 1,699.551,6.999,32.936,19436
3519,Car,Lane 1,702.467,8.78,32.546,19517
3529,Bus,Lane 1,702.539,8.78,32.546,19519
3534,Bus,Lane 1,703.151,8.659,32.572,19536
3506,Bus,Lane 1,703.654,8.578,32.337,19550
3541,Light Goods Vehicle,Lane 1,706.102,-9.492,39.4,19618
3547,Car,Lane 1,706.57,8.579,32.59,19631
3543,Light Goods Vehicle,Lane 1,706.714,-4.599,36.563,19635
3544,Light Goods Vehicle,Lane 1,706.75,-4.669,36.858,19636
3540,Car,Lane 1,707.866,7.162,32.9,19667
3586,Three-Wheeler,Lane 2,709.701,9.377,32.163,19718
3596,Motorcycle,Lane 1,710.349,1.628,35.176,19736
3594,Motorcycle,Lane 1,710.457,1.287,35.525,19739
3605,Bus,Lane 2,715.064,12.567,31.467,19867
3613,Car,Lane 1,715.892,-2.701,36.697,19890
3651,Car,Lane 1,715.928,-2.878,35.905,19891
3617,Car,Lane 1,716.54,7.487,32.829,19908
3646,Three-Wheeler,Lane 1,718.771,8.82,32.537,19970
3676,Light Goods Vehicle,Lane 1,721.255,-4.285,37.053,20039
3670,Three-Wheeler,Lane 1,721.291,-4.103,36.452,20040
3702,Three-Wheeler,Lane 1,724.638,8.699,32.563,20133
3700,Bus,Lane 1,727.445,-7.789,37.555,20211
3714,Car,Lane 1,735.76,-1.704,36.194,20442
3721,Car,Lane 1,740.943,-2.373,36.344,20586
3717,Car,Lane 1,740.979,-2.596,36.394,20587
3718,Car,Lane 1,741.915,-1.783,35.936,20613
3727,Van,Lane 1,747.205,-1.253,35.818,20760
3732,Car,Lane 1,750.769,1.461,35.486,20859
3734,Light Goods Vehicle,Lane 1,751.237,1.448,34.946,20872
3744,Van,Lane 1,755.376,2.122,35.614,20987
3742,Three-Wheeler,Lane 2,755.808,10.3,32.213,20999
3743,Car,Lane 1,757.031,1.325,35.243,21033
3748,Motorcycle,Lane 1,757.355,-2.868,37.304,21042
3754,Motorcycle,Lane 1,757.751,-0.769,35.71,21053
3747,Motorcycle,Lane 1,757.931,-2.641,36.404,21058
3775,Bus,Lane 1,762.142,-9.545,39.714,21175
3770,Motorcycle,Lane 1,762.322,-1.26,36.095,21180
3771,Motorcycle,Lane 1,762.322,-2.983,36.203,21180
3776,Light Goods Vehicle,Lane 1,763.294,-1.544,36.719,21207
3792,Light Goods Vehicle,Lane 1,770.205,-2.983,36.203,21399
3805,Van,Lane 1,773.66,-1.377,35.572,21495
3834,Car,Lane 1,783.306,-4.013,36.432,21763
3830,Car,Lane 1,783.378,-3.834,36.392,21765
3855,Motorcycle,Lane 1,791.116,-3.107,36.788,21980
3856,Motorcycle,Lane 1,791.188,-3.449,36.585,21982
3868,Car,Lane 1,802.202,-3.028,36.213,22288
3874,Car,Lane 1,804.434,-0.857,35.729,22350
3889,Car,Lane 1,810.84,1.757,35.147,22528
3907,Car,Lane 1,816.167,7.577,32.304,22676
3913,Three-Wheeler,Lane 2,819.047,11.263,31.503,22756
3938,Light Goods Vehicle,Lane 1,819.622,7.249,32.627,22772
3921,Light Goods Vehicle,Lane 1,819.658,7.202,32.891,22773
3969,Three-Wheeler,Lane 1,824.086,6.763,32.733,22896
3946,Car,Lane 2,824.193,9.178,32.206,22899
3966,Three-Wheeler,Lane 2,825.417,9.815,32.067,22933
3980,Three-Wheeler,Lane 1,826.533,8.175,32.678,22964
3988,Three-Wheeler,Lane 1,828.441,7.406,32.847,23017
3999,Car,Lane 1,830.168,7.446,32.838,23065
4011,Light Goods Vehicle,Lane 1,831.32,-3.83,36.951,23097
4013,Three-Wheeler,Lane 1,831.752,-4.08,36.726,23109
4007,Three-Wheeler,Lane 1,832.94,8.337,32.643,23142
4028,Three-Wheeler,Lane 1,836.431,8.095,32.696,23239
4043,Motorcycle,Lane 1,836.899,-2.596,36.394,23252
4030,Three-Wheeler,Lane 1,838.195,8.659,32.572,23288
4047,Van,Lane 1,838.195,8.699,32.563,23288
4031,Car,Lane 1,839.454,7.185,30.461,23323
4071,Motorcycle,Lane 1,845.393,-0.509,35.927,23488
4074,Motorcycle,Lane 1,845.609,-1.007,36.598,23494
4082,Motorcycle,Lane 1,848.884,-4.96,36.643,23585
4081,Motorcycle,Lane 1,849.388,-3.564,36.332,23599
4083,Motorcycle,Lane 1,849.46,-4.103,36.452,23601
4086,Van,Lane 1,851.008,-1.861,35.68,23644
4091,Bus,Lane 1,853.131,-2.271,36.044,23703
4089,Car,Lane 1,853.239,-2.328,36.334,23706
4090,Light Goods Vehicle,Lane 1,853.275,-2.507,36.374,23707
4095,Car,Lane 1,854.679,-0.769,35.71,23746
4096,Three-Wheeler,Lane 1,855.039,8.137,32.433,23756
4099,Car,Lane 1,857.163,0.238,35.485,23815
4111,Car,Lane 1,857.235,0.064,35.524,23817
4124,Motorcycle,Lane 1,858.638,-5.686,36.805,23856
4120,Motorcycle,Lane 1,858.746,-3.341,36.283,23859
4127,Three-Wheeler,Lane 1,860.546,-2.82,36.444,23909
4128,Light Goods Vehicle,Lane 1,860.546,-2.942,37.035,23909
4134,Car,Lane 1,862.346,-2.805,36.163,23959
4135,Light Goods Vehicle,Lane 1,862.382,-10.39,40.524,23960
4137,Light Goods Vehicle,Lane 1,863.137,-2.849,36.173,23981
4152,Van,Lane 1,866.053,-2.449,36.084,24062
4150,Car,Lane 1,866.449,1.921,34.841,24073
4148,Three-Wheeler,Lane 2,867.996,11.786,31.637,24116
4164,Three-Wheeler,Lane 1,870.408,7.852,32.749,24183
4170,Three-Wheeler,Lane 2,871.308,11.394,31.723,24208
4187,Light Goods Vehicle,Lane 1,873.971,-2.881,36.738,24282
4189,Light Goods Vehicle,Lane 1,873.971,-2.938,36.193,24282
4204,Three-Wheeler,Lane 1,877.354,-4.103,36.452,24376
4210,Light Goods Vehicle,Lane 1,877.354,-4.103,36.452,24376
4213,Car,Lane 1,880.018,-3.242,36.819,24450
4220,Three-Wheeler,Lane 1,882.717,8.216,32.669,24525
4225,Three-Wheeler,Lane 1,883.653,-2.983,36.203,24551
4245,Motorcycle,Lane 1,884.517,-4.216,36.756,24575
4227,Car,Lane 2,885.093,9.412,31.905,24591
4277,Motorcycle,Lane 1,895.855,-3.968,36.422,24890
4290,Car,Lane 1,896.862,-3.056,40.705,24918
4284,Light Goods Vehicle,Lane 1,897.042,-10.03,39.826,24923
4306,Car,Lane 1,897.762,1.652,37.732,24943
4316,Car,Lane 1,898.086,2.23,36.148,24952
4312,Car,Lane 1,898.302,1.931,36.5,24958
4317,Motorcycle,Lane 1,898.554,-4.012,36.992,24965
4295,Van,Lane 1,898.77,4.947,33.385,24971
4336,Light Goods Vehicle,Lane 1,899.418,-2.075,37.704,24989
4340,Car,Lane 1,900.03,-1.793,36.214,25006
4338,Car,Lane 1,900.102,-1.66,36.184,25008
4358,Car,Lane 2,906.077,9.089,31.483,25174
4357,Van,Lane 1,906.328,0.326,35.466,25181
4356,Car,Lane 1,906.364,7.524,30.857,25182
4365,Van,Lane 1,906.796,-8.825,40.787,25194
4389,Car,Lane 1,906.796,8.497,31.61,25194
4371,Car,Lane 1,907.156,-2.476,36.647,25204
4377,Car,Lane 1,907.372,7.267,31.875,25210
4354,Three-Wheeler,Lane 2,907.408,9.941,32.291,25211
4400,Motorcycle,Lane 1,907.444,2.606,34.689,25212
4415,Car,Lane 1,908.092,1.349,36.348,25230
4435,Three-Wheeler,Lane 1,908.272,1.548,35.467,25235
4422,Car,Lane 1,908.488,-3.675,39.273,25241
4446,Three-Wheeler,Lane 2,909.172,10.18,32.239,25260
4458,Motorcycle,Lane 1,911.583,-4.474,38.252,25327
4459,Three-Wheeler,Lane 1,911.655,-4.452,38.544,25329
4460,Three-Wheeler,Lane 2,912.375,9.834,31.322,25349
4466,Bus,Lane 1,912.627,-6.725,38.767,25356
4470,Car,Lane 1,912.699,-0.764,37.993,25358
4462,Light Goods Vehicle,Lane 1,913.023,-6.36,43.526,25367
4492,Three-Wheeler,Lane 1,915.183,8.856,32.026,25427
4484,Three-Wheeler,Lane 1,916.694,8.377,32.634,25469
4506,Light Goods Vehicle,Lane 1,918.602,-3.206,36.253,25522
4510,Van,Lane 1,919.43,-0.637,35.68,25545
4533,Motorcycle,Lane 1,928.68,-4.261,36.766,25802
4540,Car,Lane 1,932.171,-1.615,36.174,25899
4538,Van,Lane 1,932.207,-2.252,36.596,25900
4549,Motorcycle,Lane 1,933.287,-3.967,36.982,25930
4558,Van,Lane 1,937.93,-1.739,35.926,26059
4562,Car,Lane 1,940.09,-10.095,38.649,26119
4565,Three-Wheeler,Lane 1,941.277,-3.117,36.233,26152
4564,Light Goods Vehicle,Lane 1,941.313,-2.983,36.203,26153
4570,Motorcycle,Lane 1,941.961,-2.126,35.738,26171
4574,Motorcycle,Lane 1,942.105,-1.872,35.955,26175
4585,Motorcycle,Lane 1,942.645,-3.351,37.127,26190
4591,Motorcycle,Lane 1,942.897,-2.938,36.193,26197
4593,Motorcycle,Lane 1,942.897,-2.656,36.687,26197
4586,Van,Lane 1,944.481,-1.916,35.965,26241
4610,Three-Wheeler,Lane 1,956.538,7.976,32.468,26576
4618,Bus,Lane 1,959.382,-1.465,35.592,26655
4656,Motorcycle,Lane 1,967.588,-1.385,35.847,26883
4660,Three-Wheeler,Lane 1,971.655,-4.283,36.493,26996
4666,Light Goods Vehicle,Lane 1,973.095,-4.328,36.503,27036
4679,Three-Wheeler,Lane 2,973.707,9.582,32.37,27053
4677,Car,Lane 1,975.794,-4.013,36.432,27111
4689,Car,Lane 1,977.594,-2.404,36.074,27161
4685,Car,Lane 1,977.702,-2.315,36.054,27164
4707,Van,Lane 1,979.753,-5.414,36.744,27221
4710,Car,Lane 1,979.897,0.455,35.166,27225
4713,Car,Lane 1,979.897,0.502,35.701,27225
4727,Motorcycle,Lane 1,982.705,-0.813,35.72,27303
4733,Motorcycle,Lane 1,982.705,-1.625,36.455,27303
4735,Motorcycle,Lane 1,983.065,-0.818,35.996,27313
4741,Motorcycle,Lane 1,983.569,-2.521,36.657,27327
4740,Motorcycle,Lane 1,984.0,-2.264,36.882,27339
4748,Motorcycle,Lane 1,984.324,-1.606,35.896,27348
4764,Car,Lane 1,1002.753,7.376,32.347,27860
4781,Car,Lane 1,1004.876,7.985,31.477,27919
4813,Motorcycle,Lane 1,1006.496,-0.995,36.036,27964
4816,Motorcycle,Lane 1,1006.676,-1.438,36.135,27969
4819,Car,Lane 1,1006.676,1.686,35.712,27969
4818,Light Goods Vehicle,Lane 1,1006.82,-7.373,37.462,27973
4822,Light Goods Vehicle,Lane 1,1007.827,-1.861,35.68,28001
4848,Car,Lane 1,1008.583,7.243,32.882,28022
4817,Three-Wheeler,Lane 1,1008.619,7.487,32.829,28023
4876,Car,Lane 1,1012.974,7.37,32.6,28144
4886,Car,Lane 1,1015.098,7.609,32.802,28203
4899,Car,Lane 1,1016.178,1.19,35.003,28233
4896,Three-Wheeler,Lane 1,1016.862,0.718,35.379,28252
4906,Light Goods Vehicle,Lane 1,1017.509,-1.993,35.709,28270
4904,Bus,Lane 1,1017.545,-1.96,35.975,28271
4893,Three-Wheeler,Lane 1,1017.905,7.609,32.802,28281
4921,Light Goods Vehicle,Lane 1,1018.085,-0.418,35.632,28286
4910,Three-Wheeler,Lane 1,1018.265,0.542,35.147,28291
4913,Three-Wheeler,Lane 1,1018.301,0.542,35.147,28292
4892,Bus,Lane 1,1018.553,-6.69,37.029,28299
4927,Three-Wheeler,Lane 1,1019.813,7.94,31.976,28334
4931,Car,Lane 1,1019.885,0.723,35.928,28336
4950,Bus,Lane 1,1022.476,-3.715,37.209,28408
4937,Bus,Lane 1,1023.808,8.82,32.537,28445
4808,Bus,Lane 2,1024.78,12.878,31.399,28472
5003,Motorcycle,Lane 1,1030.107,-3.834,36.392,28620
4999,Motorcycle,Lane 1,1030.179,-2.582,36.114,28622
5015,Car,Lane 1,1032.014,7.568,32.811,28673
5018,Car,Lane 1,1034.39,-1.793,36.214,28739
5035,Car,Lane 1,1037.341,-0.641,35.956,28821
5030,Three-Wheeler,Lane 1,1037.377,-0.729,35.976,28822
5032,Bus,Lane 1,1040.221,8.054,32.705,28901
5042,Three-Wheeler,Lane 1,1041.157,-2.596,36.394,28927
5047,Three-Wheeler,Lane 1,1041.157,-2.641,36.404,28927
5054,Motorcycle,Lane 1,1042.308,-2.626,36.963,28959
5057,Motorcycle,Lane 1,1042.344,-1.949,35.699,28960
5074,Motorcycle,Lane 1,1043.316,-3.564,36.332,28987
5078,Motorcycle,Lane 1,1043.928,0.544,35.417,29004
5049,Bus,Lane 1,1044.9,-7.925,37.871,29031
5038,Bus,Lane 2,1045.116,10.844,31.843,29037
5094,Van,Lane 1,1045.836,-1.654,37.316,29057
5096,Car,Lane 1,1045.98,0.593,36.237,29061
5119,Motorcycle,Lane 1,1053.826,-2.626,36.124,29279
5122,Motorcycle,Lane 1,1053.934,-2.93,37.607,29282
5123,Motorcycle,Lane 1,1054.186,-1.377,35.572,29289
5121,Motorcycle,Lane 1,1054.33,-2.582,36.114,29293
5104,Car,Lane 1,1054.87,7.202,32.891,29308
5129,Bus,Lane 1,1055.302,-12.157,39.114,29320
5128,Motorcycle,Lane 1,1055.338,-3.546,38.04,29321
5131,Bus,Lane 1,1056.129,-4.058,36.442,29343
5133,Light Goods Vehicle,Lane 1,1056.237,-3.789,36.382,29346
5107,Bus,Lane 2,1062.392,10.675,31.631,29517
5162,Motorcycle,Lane 1,1063.112,0.589,35.681,29537
5187,Three-Wheeler,Lane 1,1083.412,-5.368,36.734,30101
5189,Light Goods Vehicle,Lane 1,1083.628,-7.558,37.504,30107
5191,Bus,Lane 1,1083.628,-7.558,37.504,30107
5195,Light Goods Vehicle,Lane 1,1084.348,-4.858,37.467,30127
5194,Light Goods Vehicle,Lane 1,1084.528,-7.279,39.497,30132
5199,Car,Lane 1,1084.672,-2.507,36.374,30136
5200,Van,Lane 1,1084.816,-2.655,37.545,30140
5211,Van,Lane 1,1091.474,-3.809,36.665,30325
5232,Car,Lane 1,1091.51,-4.194,37.033,30326
5246,Car,Lane 1,1102.668,-1.905,35.689,30636
5255,Three-Wheeler,Lane 2,1111.342,10.419,32.187,30877
5266,Three-Wheeler,Lane 2,1115.013,10.26,32.222,30979
5277,Car,Lane 1,1117.137,-5.914,36.856,31038
5274,Car,Lane 1,1117.281,-5.686,36.805,31042
5278,Car,Lane 1,1120.52,7.243,32.882,31132
5303,Car,Lane 1,1123.004,7.649,32.793,31201
5313,Car,Lane 1,1124.731,7.249,32.627,31249
5321,Van,Lane 1,1126.063,-4.263,37.333,31286
5325,Van,Lane 1,1126.279,-4.87,36.623,31292
5326,Van,Lane 1,1127.035,-1.993,35.709,31313
5320,Three-Wheeler,Lane 1,1128.367,7.446,32.838,31350
5369,Car,Lane 1,1129.158,-3.072,36.223,31372
5359,Van,Lane 1,1129.194,-2.805,36.163,31373
5349,Three-Wheeler,Lane 1,1129.806,8.216,32.669,31390
5342,Van,Lane 1,1129.878,1.921,34.841,31392
5382,Motorcycle,Lane 1,1130.562,-6.754,37.895,31411
5383,Motorcycle,Lane 1,1130.742,-5.959,36.866,31416
5372,Car,Lane 1,1131.642,-2.084,36.841,31441
5371,Three-Wheeler,Lane 1,1131.822,7.249,32.627,31446
5404,Car,Lane 1,1131.966,7.284,32.873,31450
5375,Light Goods Vehicle,Lane 1,1132.074,-0.637,35.68,31453
5412,Car,Lane 1,1132.074,-0.633,35.407,31453
5406,Motorcycle,Lane 1,1132.146,0.502,35.701,31455
5403,Motorcycle,Lane 1,1132.218,1.293,35.8,31457
5388,Light Goods Vehicle,Lane 1,1132.578,-4.013,36.432,31467
5405,Motorcycle,Lane 1,1132.614,1.448,34.946,31468
5402,Three-Wheeler,Lane 1,1133.334,7.202,32.891,31488
5429,Car,Lane 1,1135.601,-0.418,35.632,31551
5430,Three-Wheeler,Lane 1,1135.781,8.78,32.546,31556
5433,Car,Lane 1,1136.177,-2.037,35.719,31567
5431,Light Goods Vehicle,Lane 1,1136.429,-2.082,35.728,31574
5454,Van,Lane 1,1136.573,7.406,32.847,31578
5448,Motorcycle,Lane 1,1136.681,-0.023,35.272,31581
5447,Three-Wheeler,Lane 1,1136.897,7.249,32.627,31587
5270,Bus,Lane 2,1138.48,11.237,31.757,31631
5485,Three-Wheeler,Lane 2,1141.504,9.141,32.467,31715
5475,Three-Wheeler,Lane 1,1143.195,7.04,32.927,31762
5498,Three-Wheeler,Lane 1,1144.671,8.337,32.389,31803
5530,Three-Wheeler,Lane 1,1146.543,7.416,32.339,31855
5482,Bus,Lane 2,1147.695,12.723,31.433,31887
5539,Car,Lane 1,1149.062,6.917,32.953,31925
5526,Car,Lane 1,1150.07,8.579,32.59,31953
5560,Three-Wheeler,Lane 1,1151.654,6.689,30.334,31997
5561,Three-Wheeler,Lane 1,1152.23,7.811,32.758,32013
5587,Light Goods Vehicle,Lane 1,1152.877,0.507,36.539,32031
5588,Car,Lane 1,1153.417,0.369,35.456,32046
5556,Bus,Lane 1,1154.245,7.852,32.749,32069
5601,Van,Lane 1,1154.245,-7.867,38.731,32069
5604,Car,Lane 1,1154.605,-2.746,36.707,32079
5568,Bus,Lane 1,1154.749,7.69,32.784,32083
5605,Car,Lane 1,1155.649,-2.386,36.627,32108
5599,Three-Wheeler,Lane 2,1157.197,9.058,32.232,32151
5630,Heavy Goods Vehicle,Lane 1,1157.952,5.729,36.495,32172
5623,Three-Wheeler,Lane 1,1157.988,7.175,32.391,32173
5634,Motorcycle,Lane 1,1159.068,-2.976,37.617,32203
5638,Motorcycle,Lane 1,1159.284,-3.442,37.147,32209
5646,Motorcycle,Lane 1,1159.824,-1.544,36.719,32224
5620,Three-Wheeler,Lane 1,1160.112,7.933,32.731,32232
5665,Bus,Lane 1,1161.3,-5.858,37.982,32265
5666,Van,Lane 1,1161.804,-2.182,36.025,32279
5687,Motorcycle,Lane 1,1169.938,-3.089,36.504,32505
5690,Light Goods Vehicle,Lane 1,1170.442,-3.674,36.635,32519
5719,Light Goods Vehicle,Lane 1,1174.401,-2.731,36.424,32629
5717,Three-Wheeler,Lane 1,1174.689,-5.732,36.815,32637
5720,Light Goods Vehicle,Lane 1,1174.689,-5.809,37.112,32637
5712,Car,Lane 1,1174.905,8.778,32.293,32643
5727,Car,Lane 1,1178.036,8.016,32.459,32730
5742,Light Goods Vehicle,Lane 1,1178.036,8.054,32.705,32730
5750,Motorcycle,Lane 1,1187.79,-3.332,36.839,33001
5752,Motorcycle,Lane 1,1188.15,-3.764,36.655,33011
5751,Motorcycle,Lane 1,1188.186,-3.179,36.524,33012
5782,Car,Lane 1,1206.722,1.492,34.936,33527
5811,Motorcycle,Lane 1,1216.404,2.142,36.168,33796
5807,Motorcycle,Lane 1,1216.512,2.03,36.765,33799
5808,Motorcycle,Lane 1,1217.016,1.061,35.032,33813
5809,Car,Lane 1,1217.304,-3.609,36.342,33821
5823,Motorcycle,Lane 1,1221.767,-2.277,37.17,33945
5829,Motorcycle,Lane 1,1221.947,-3.089,36.504,33950
5820,Three-Wheeler,Lane 1,1222.775,8.538,32.095,33973
5839,Motorcycle,Lane 1,1223.423,2.035,35.633,33991
5837,Motorcycle,Lane 1,1223.927,1.844,35.128,34005
5842,Three-Wheeler,Lane 1,1225.151,7.818,32.251,34039
5852,Van,Lane 1,1226.374,-2.194,36.304,34073
5850,Car,Lane 1,1226.914,7.324,32.864,34088
5854,Car,Lane 1,1227.778,-1.527,36.155,34112
5849,Car,Lane 1,1228.606,7.29,30.907,34135
5876,Car,Lane 1,1228.678,7.249,32.627,34137
5860,Three-Wheeler,Lane 2,1229.65,9.775,32.076,34164
5867,Car,Lane 1,1230.693,7.532,32.565,34193
5897,Car,Lane 1,1233.105,7.487,32.829,34260
5910,Motorcycle,Lane 1,1234.761,-1.729,35.65,34306
5933,Three-Wheeler,Lane 2,1236.236,10.646,31.886,34347
5925,Light Goods Vehicle,Lane 1,1236.272,7.411,32.591,34348
5922,Light Goods Vehicle,Lane 1,1236.344,7.402,31.12,34350
5942,Van,Lane 1,1236.956,7.336,32.356,34367
5938,Car,Lane 1,1238.54,7.411,32.591,34411
5958,Motorcycle,Lane 1,1238.828,-3.654,36.352,34419
5962,Motorcycle,Lane 1,1238.9,-4.421,37.084,34421
5954,Three-Wheeler,Lane 2,1240.519,9.941,32.291,34466
5975,Three-Wheeler,Lane 1,1242.103,-2.938,36.193,34510
5973,Three-Wheeler,Lane 1,1242.139,-3.089,36.504,34511
5961,Car,Lane 1,1242.571,8.619,32.581,34523
5985,Three-Wheeler,Lane 2,1242.823,10.567,31.903,34530
6012,Light Goods Vehicle,Lane 1,1249.805,6.958,32.945,34724
5676,Car,Lane 2,1250.129,10.765,31.86,34733
6017,Light Goods Vehicle,Lane 1,1251.281,-3.945,36.695,34765
6035,Bus,Lane 1,1251.353,-3.789,36.382,34767
6045,Car,Lane 1,1255.456,7.492,32.574,34881
6053,Car,Lane 1,1260.603,-1.297,35.827,35024
6055,Three-Wheeler,Lane 1,1263.627,8.498,32.607,35108
6059,Motorcycle,Lane 1,1263.986,-4.562,37.688,35118
6061,Motorcycle,Lane 1,1264.274,-4.08,36.726,35126
6070,Light Goods Vehicle,Lane 1,1273.668,-5.443,37.031,35387
6074,Three-Wheeler,Lane 1,1274.172,-4.76,36.878,35401
6076,Car,Lane 1,1275.288,-1.033,35.769,35432
6094,Three-Wheeler,Lane 2,1284.934,9.497,32.137,35700
6102,Motorcycle,Lane 1,1285.618,-4.058,36.442,35719
6115,Motorcycle,Lane 1,1289.001,-5.096,36.674,35813
6118,Motorcycle,Lane 1,1289.145,-4.689,36.583,35817
6124,Three-Wheeler,Lane 1,1295.192,-3.044,36.494,35985
6128,Car,Lane 1,1296.272,0.542,35.147,36015
6135,Car,Lane 1,1298.071,1.541,35.195,36065
6151,Bus,Lane 1,1302.642,-3.0,36.484,36192
6164,Car,Lane 1,1302.786,-1.916,35.965,36196
6155,Three-Wheeler,Lane 1,1303.29,-2.462,36.364,36210
6166,Light Goods Vehicle,Lane 1,1303.29,-2.404,36.074,36210
6171,Light Goods Vehicle,Lane 1,1303.362,-5.232,36.704,36212
6180,Motorcycle,Lane 1,1307.214,-8.483,39.47,36319
6181,Motorcycle,Lane 1,1308.005,-4.87,36.623,36341
6191,Three-Wheeler,Lane 1,1309.049,-3.072,36.223,36370
6185,Motorcycle,Lane 1,1309.157,-2.36,36.064,36373
6198,Car,Lane 1,1311.065,1.707,34.888,36426
6208,Motorcycle,Lane 1,1312.648,-0.995,36.036,36470
6206,Motorcycle,Lane 1,1312.828,-1.482,36.145,36475
6216,Three-Wheeler,Lane 1,1313.692,-3.923,36.412,36499
6220,Light Goods Vehicle,Lane 1,1313.692,-3.834,36.392,36499
6241,Motorcycle,Lane 1,1316.788,-4.194,37.033,36585
6226,Three-Wheeler,Lane 1,1316.86,-2.037,35.719,36587
6242,Motorcycle,Lane 1,1316.896,-4.058,36.442,36588
6245,Motorcycle,Lane 1,1317.363,-4.695,37.145,36601
6251,Motorcycle,Lane 1,1317.579,-3.584,36.615,36607
6273,Light Goods Vehicle,Lane 1,1319.883,-2.983,36.203,36671
6272,Car,Lane 1,1319.919,-3.0,36.484,36672
6283,Motorcycle,Lane 1,1322.798,-5.17,36.969,36752
6280,Motorcycle,Lane 1,1323.014,-5.335,37.289,36758
6274,Van,Lane 1,1323.158,-1.817,35.67,36762
6293,Motorcycle,Lane 1,1324.778,-4.669,36.858,36807
6302,Van,Lane 1,1325.246,-0.338,36.447,36820
6301,Van,Lane 1,1327.405,-1.685,35.64,36880
6326,Motorcycle,Lane 1,1336.763,-3.744,36.372,37140
6328,Motorcycle,Lane 1,1337.519,-3.855,36.675,37161
6332,Car,Lane 1,1340.003,2.093,34.803,37230
6344,Car,Lane 1,1343.242,2.05,34.812,37320
6359,Three-Wheeler,Lane 1,1347.273,7.446,32.838,37432
6311,Car,Lane 1,1347.525,-1.861,35.68,37439
6388,Bus,Lane 2,1349.037,10.061,32.265,37481
6384,Three-Wheeler,Lane 1,1349.865,-2.082,35.728,37504
6411,Three-Wheeler,Lane 1,1351.196,-4.896,36.908,37541
6428,Bus,Lane 1,1351.232,-4.689,36.583,37542
6441,Three-Wheeler,Lane 1,1353.356,8.095,32.696,37601
6451,Three-Wheeler,Lane 1,1354.724,6.89,30.064,37639
6450,Car,Lane 1,1356.307,7.901,31.985,37683
6476,Motorcycle,Lane 1,1357.315,-4.579,36.837,37711
6472,Motorcycle,Lane 1,1357.567,-4.624,36.847,37718
6495,Bus,Lane 1,1359.871,7.421,32.088,37782
6517,Motorcycle,Lane 1,1359.943,-1.618,37.599,37784
6519,Motorcycle,Lane 1,1359.943,-2.732,38.149,37784
6484,Three-Wheeler,Lane 1,1360.447,7.324,32.864,37798
6511,Bus,Lane 1,1360.447,-4.509,36.543,37798
6508,Light Goods Vehicle,Lane 1,1360.483,-4.467,37.094,37799
6510,Three-Wheeler,Lane 1,1362.426,8.417,32.625,37853
6552,Motorcycle,Lane 1,1362.678,-3.552,37.459,37860
6538,Three-Wheeler,Lane 1,1363.002,0.021,35.262,37869
6545,Light Goods Vehicle,Lane 1,1363.002,0.021,35.262,37869
6574,Three-Wheeler,Lane 1,1364.514,8.707,26.916,37911
6561,Three-Wheeler,Lane 1,1364.622,0.544,35.417,37914
6558,Three-Wheeler,Lane 1,1364.658,0.238,35.214,37915
6586,Car,Lane 1,1365.09,7.37,32.6,37927
6585,Car,Lane 1,1365.414,-2.129,36.851,37936
6603,Motorcycle,Lane 1,1365.414,-3.945,36.695,37936
6598,Three-Wheeler,Lane 1,1366.637,7.381,32.097,37970
6609,Car,Lane 1,1367.681,7.33,32.609,37999
6656,Light Goods Vehicle,Lane 1,1369.481,-3.719,36.645,38049
6662,Car,Lane 1,1369.733,-3.494,36.595,38056
6648,Bus,Lane 1,1369.877,-4.4,37.364,38060
6666,Car,Lane 1,1370.021,7.787,31.519,38064
6654,Car,Lane 1,1370.165,7.657,32.286,38068
6619,Bus,Lane 1,1370.452,7.492,32.574,38076
6663,Car,Lane 1,1370.524,-0.995,36.036,38078
6682,Car,Lane 1,1372.252,1.137,34.482,38126
6690,Light Goods Vehicle,Lane 1,1373.944,1.368,35.234,38173
6698,Three-Wheeler,Lane 1,1374.124,1.418,35.496,38178
6696,Bus,Lane 1,1376.355,1.233,34.993,38240
6702,Car,Lane 1,1376.391,7.168,32.644,38241
6365,Bus,Lane 2,1376.643,11.419,31.469,38248
6729,Motorcycle,Lane 1,1378.011,0.5,35.427,38286
6736,Motorcycle,Lane 1,1378.227,-0.862,36.006,38292
6740,Motorcycle,Lane 1,1378.623,-0.739,36.537,38303
6734,Three-Wheeler,Lane 1,1380.962,8.338,32.138,38368
6750,Car,Lane 2,1382.798,9.735,32.084,38419
6768,Three-Wheeler,Lane 2,1383.878,11.198,31.766,38449
6773,Three-Wheeler,Lane 1,1384.993,8.498,32.607,38480
6775,Light Goods Vehicle,Lane 1,1385.389,8.054,32.705,38491
6761,Bus,Lane 1,1385.425,8.095,32.696,38492
6779,Van,Lane 1,1386.289,-4.942,36.919,38516
6817,Motorcycle,Lane 1,1389.385,-5.152,37.248,38602
6813,Motorcycle,Lane 1,1389.78,-2.971,36.758,38613
6814,Car,Lane 1,1389.996,1.211,36.097,38619
6827,Three-Wheeler,Lane 1,1391.328,-3.296,36.273,38656
6833,Three-Wheeler,Lane 1,1391.328,-3.269,36.544,38656
6746,Three-Wheeler,Lane 2,1392.732,11.747,31.646,38695
6836,Car,Lane 1,1393.704,8.658,32.319,38722
6852,Car,Lane 1,1395.863,7.376,32.347,38782
6847,Van,Lane 1,1396.367,2.135,34.793,38796
6882,Car,Lane 1,1399.714,-3.179,36.524,38889
6867,Van,Lane 1,1399.822,-3.52,36.322,38892
6878,Car,Lane 1,1399.894,-3.809,36.665,38894
6905,Motorcycle,Lane 1,1404.034,-2.174,36.861,39009
6893,Three-Wheeler,Lane 1,1404.213,7.411,32.591,39014
6902,Motorcycle,Lane 1,1404.213,-2.162,36.576,39014
6909,Van,Lane 1,1408.281,-1.209,35.808,39127
6915,Motorcycle,Lane 1,1409.108,-5.702,37.372,39150
6928,Motorcycle,Lane 1,1411.232,-0.614,37.08,39209
6925,Motorcycle,Lane 1,1411.268,0.672,35.118,39210
6948,Three-Wheeler,Lane 2,1421.274,10.101,32.256,39488
6970,Motorcycle,Lane 1,1426.673,-4.418,36.523,39638
6967,Motorcycle,Lane 1,1427.285,-1.289,35.553,39655
6977,Motorcycle,Lane 1,1429.264,-3.965,37.552,39710
6978,Motorcycle,Lane 1,1429.48,-3.719,36.645,39716
6976,Motorcycle,Lane 1,1429.624,-4.103,36.452,39720
6987,Light Goods Vehicle,Lane 1,1431.316,-3.385,36.293,39767
6988,Three-Wheeler,Lane 1,1431.316,-3.385,36.293,39767
6989,Three-Wheeler,Lane 1,1432.684,8.216,32.669,39805
7004,Three-Wheeler,Lane 1,1438.838,-5.278,36.714,39976
7005,Three-Wheeler,Lane 1,1438.91,-5.215,36.98,39978
7019,Motorcycle,Lane 1,1445.137,1.707,34.888,40151
7017,Motorcycle,Lane 1,1445.605,0.951,36.438,40164
7027,Motorcycle,Lane 1,1446.073,0.891,35.34,40177
7026,Light Goods Vehicle,Lane 1,1446.793,-3.028,36.213,40197
7028,Light Goods Vehicle,Lane 1,1446.829,-3.05,37.345,40198
7020,Three-Wheeler,Lane 1,1447.836,7.737,32.269,40226
7044,Bus,Lane 2,1448.448,10.045,31.768,40243
7064,Three-Wheeler,Lane 1,1450.104,8.377,32.634,40289
7063,Car,Lane 1,1451.436,7.08,32.918,40326
7084,Car,Lane 1,1453.127,-4.78,36.603,40373
7085,Car,Lane 2,1453.559,9.65,31.854,40385
7091,Three-Wheeler,Lane 1,1453.595,-3.789,36.382,40386
7098,Three-Wheeler,Lane 1,1455.143,7.411,32.591,40429
7109,Car,Lane 2,1456.187,9.537,32.128,40458
7119,Motorcycle,Lane 1,1457.374,-4.987,36.929,40491
7121,Three-Wheeler,Lane 1,1458.166,-3.107,36.788,40513
7129,Light Goods Vehicle,Lane 1,1458.166,-3.179,36.524,40513
7101,Light Goods Vehicle,Lane 2,1459.462,12.177,31.552,40549
7106,Light Goods Vehicle,Lane 2,1459.462,12.177,31.552,40549
7150,Motorcycle,Lane 1,1459.786,-3.288,38.277,40558
7159,Motorcycle,Lane 1,1460.002,-2.445,36.922,40564
7178,Car,Lane 1,1465.005,8.137,32.433,40703
7139,Three-Wheeler,Lane 1,1467.164,7.621,32.045,40763
7180,Car,Lane 1,1469.288,7.741,32.019,40822
7188,Car,Lane 1,1471.34,7.898,32.234,40879
7213,Three-Wheeler,Lane 1,1474.975,8.096,32.442,40980
7222,Three-Wheeler,Lane 1,1476.882,7.572,32.556,41033
7223,Bus,Lane 1,1477.062,-5.809,37.112,41038
7271,Car,Lane 1,1486.133,-1.861,35.68,41290
7268,Light Goods Vehicle,Lane 1,1486.205,-2.108,37.42,41292
7295,Motorcycle,Lane 1,1487.32,-4.08,36.726,41323
7296,Motorcycle,Lane 1,1487.356,-3.719,36.645,41324
7282,Three-Wheeler,Lane 1,1488.508,7.858,32.243,41356
7197,Bus,Lane 2,1489.192,13.923,31.172,41375
7305,Car,Lane 1,1491.064,-1.393,36.125,41427
7309,Motorcycle,Lane 1,1492.323,-4.013,36.432,41462
7308,Motorcycle,Lane 1,1492.611,-3.943,37.26,41470
7303,Bus,Lane 2,1499.522,9.302,32.431,41662
7297,Bus,Lane 2,1499.702,9.159,26.039,41667
7320,Car,Lane 2,1502.761,9.782,32.326,41752
7330,Three-Wheeler,Lane 1,1506.0,1.2,35.545,41842
7340,Light Goods Vehicle,Lane 1,1506.0,1.492,34.936,41842
7362,Light Goods Vehicle,Lane 1,1512.695,2.016,35.089,42028
7350,Three-Wheeler,Lane 1,1512.767,1.844,35.128,42030
7372,Three-Wheeler,Lane 2,1518.094,10.379,32.195,42178
7374,Motorcycle,Lane 1,1519.282,-3.233,37.387,42211
7379,Motorcycle,Lane 1,1520.074,-3.296,36.273,42233
7400,Van,Lane 1,1525.94,-0.371,35.349,42396
7413,Bus,Lane 1,1531.375,-5.595,36.785,42547
7419,Bus,Lane 1,1535.694,-6.599,37.008,42667
7431,Car,Lane 1,1540.013,-7.423,39.53,42787
7432,Car,Lane 1,1540.949,-1.773,35.66,42813
7439,Light Goods Vehicle,Lane 1,1543.541,-4.715,36.868,42885
7442,Three-Wheeler,Lane 1,1544.153,-4.307,36.776,42902
7450,Motorcycle,Lane 1,1547.32,1.282,35.253,42990
7453,Motorcycle,Lane 1,1548.04,1.621,34.907,43010
7460,Three-Wheeler,Lane 1,1550.631,7.047,32.671,43082
7477,Motorcycle,Lane 1,1550.955,1.878,36.228,43091
7487,Motorcycle,Lane 1,1552.071,1.921,34.841,43122
7482,Motorcycle,Lane 1,1552.107,1.973,35.099,43123
7502,Car,Lane 1,1552.179,7.492,32.574,43125
7512,Motorcycle,Lane 1,1552.791,-2.309,36.892,43142
7500,Motorcycle,Lane 1,1552.935,-2.341,36.616,43146
7519,Motorcycle,Lane 1,1553.151,-2.449,36.084,43152
7501,Car,Lane 1,1553.799,7.324,32.864,43170
7528,Car,Lane 1,1555.418,7.653,32.538,43215
7573,Car,Lane 1,1558.19,7.532,32.565,43292
7587,Car,Lane 1,1559.233,-1.641,35.631,43321
7568,Car,Lane 1,1559.881,8.256,32.66,43339
7606,Motorcycle,Lane 1,1560.529,-4.148,36.462,43357
7600,Motorcycle,Lane 1,1560.601,-4.669,36.858,43359
7605,Car,Lane 1,1560.817,1.548,35.467,43365
7602,Car,Lane 2,1561.141,9.174,31.957,43374
7612,Car,Lane 1,1561.753,1.973,35.099,43391
7613,Car,Lane 1,1561.933,7.04,32.927,43396
7624,Motorcycle,Lane 1,1562.689,-3.152,36.798,43417
7631,Three-Wheeler,Lane 2,1562.977,10.567,31.903,43425
7620,Three-Wheeler,Lane 1,1563.157,-3.359,36.564,43430
7640,Three-Wheeler,Lane 2,1564.128,9.901,32.3,43457
7626,Three-Wheeler,Lane 1,1564.74,7.243,32.882,43474
7635,Car,Lane 1,1566.072,7.451,32.583,43511
7664,Three-Wheeler,Lane 1,1568.196,7.324,32.864,43570
7648,Car,Lane 1,1569.671,7.249,32.627,43611
7665,Three-Wheeler,Lane 2,1570.067,10.021,32.274,43622
7682,Three-Wheeler,Lane 2,1571.579,9.622,32.361,43664
7683,Car,Lane 2,1571.579,9.302,32.431,43664
7689,Three-Wheeler,Lane 1,1572.479,-3.923,36.412,43689
7697,Motorcycle,Lane 1,1574.53,2.918,34.889,43746
7699,Motorcycle,Lane 1,1575.286,2.891,34.36,43767
7708,Car,Lane 1,1581.477,8.175,32.678,43939
7716,Motorcycle,Lane 1,1581.945,-2.296,36.606,43952
7718,Motorcycle,Lane 1,1582.053,-2.836,36.728,43955
7723,Three-Wheeler,Lane 2,1583.384,9.742,32.335,43992
7729,Three-Wheeler,Lane 2,1584.14,11.394,31.723,44013
7747,Motorcycle,Lane 1,1589.575,-2.182,36.025,44164
7740,Three-Wheeler,Lane 1,1590.871,8.137,32.433,44200
7770,Motorcycle,Lane 1,1594.722,-3.564,36.332,44307
7781,Motorcycle,Lane 1,1598.717,-3.649,36.91,44418
7780,Motorcycle,Lane 1,1598.753,-3.945,36.695,44419
7789,Motorcycle,Lane 1,1601.309,-1.699,37.327,44490
7786,Motorcycle,Lane 1,1601.345,-1.5,36.709,44491
7790,Car,Lane 1,1601.705,-4.171,37.312,44501
7797,Three-Wheeler,Lane 1,1602.352,-3.539,36.605,44519
7808,Car,Lane 1,1602.352,-3.834,36.392,44519
7805,Three-Wheeler,Lane 1,1603.9,-5.914,36.856,44562
7811,Van,Lane 1,1607.895,-1.641,35.631,44673
7812,Motorcycle,Lane 1,1609.659,-4.328,36.503,44722
7815,Motorcycle,Lane 1,1610.379,-2.449,36.084,44742
7813,Motorcycle,Lane 1,1610.523,-1.783,35.936,44746
7825,Three-Wheeler,Lane 1,1616.498,-4.87,36.623,44912
7827,Three-Wheeler,Lane 1,1616.534,-4.825,36.613,44913
7840,Motorcycle,Lane 1,1624.596,-3.427,38.309,45137
7839,Motorcycle,Lane 1,1624.704,-3.206,36.253,45140
7844,Motorcycle,Lane 1,1624.884,-3.0,36.484,45145
7846,Motorcycle,Lane 1,1625.28,0.238,35.214,45156
7855,Motorcycle,Lane 1,1628.303,-2.521,36.657,45240
7860,Motorcycle,Lane 1,1628.411,-4.24,37.615,45243
7859,Motorcycle,Lane 1,1628.915,-2.072,36.556,45257
7866,Three-Wheeler,Lane 1,1633.522,8.014,32.713,45385
7869,Three-Wheeler,Lane 2,1638.129,10.714,31.623,45513
7884,Van,Lane 1,1642.592,-4.148,37.022,45637
7887,Van,Lane 1,1643.564,-1.377,35.572,45664
7899,Light Goods Vehicle,Lane 1,1644.896,-1.96,35.975,45701
7900,Car,Lane 1,1645.831,-1.553,35.611,45727
7904,Light Goods Vehicle,Lane 1,1651.23,-3.162,36.243,45877
7906,Bus,Lane 1,1651.23,-3.162,36.243,45877
7916,Car,Lane 1,1651.266,-3.089,36.504,45878
7918,Motorcycle,Lane 1,1652.742,3.351,35.614,45919
7913,Car,Lane 1,1652.85,-1.685,35.64,45922
7925,Car,Lane 1,1652.922,-1.729,35.65,45924
7936,Car,Lane 1,1658.645,-4.126,36.736,46083
7938,Three-Wheeler,Lane 1,1658.681,-4.488,36.817,46084
7967,Motorcycle,Lane 1,1660.301,0.458,35.711,46129
7945,Three-Wheeler,Lane 2,1660.372,9.735,32.084,46131
7949,Motorcycle,Lane 1,1660.588,2.551,34.435,46137
7959,Motorcycle,Lane 1,1660.732,2.199,35.321,46141
7940,Car,Lane 1,1661.056,-1.817,35.67,46150
7935,Car,Lane 1,1661.524,7.811,32.758,46163
7958,Three-Wheeler,Lane 2,1662.784,10.33,31.955,46198
7975,Three-Wheeler,Lane 1,1664.548,7.324,32.864,46247
7979,Car,Lane 1,1664.98,-3.494,36.595,46259
7995,Light Goods Vehicle,Lane 1,1666.635,-4.915,36.633,46305
8017,Bus,Lane 1,1666.635,-4.96,36.643,46305
7997,Three-Wheeler,Lane 2,1667.823,9.015,31.991,46338
8005,Three-Wheeler,Lane 2,1668.759,11.591,31.68,46364
8007,Three-Wheeler,Lane 1,1669.551,7.446,32.838,46386
8045,Three-Wheeler,Lane 2,1672.538,10.625,31.396,46469
8031,Three-Wheeler,Lane 1,1673.042,7.324,32.864,46483
8077,Three-Wheeler,Lane 1,1674.734,7.324,32.864,46530
8079,Three-Wheeler,Lane 2,1675.345,10.18,32.239,46547
8088,Light Goods Vehicle,Lane 1,1676.029,-10.225,39.87,46566
8093,Car,Lane 1,1676.137,7.162,32.9,46569
8090,Car,Lane 1,1676.389,-4.78,36.603,46576
8094,Car,Lane 1,1676.425,-4.76,36.878,46577
8066,Car,Lane 1,1678.405,7.047,32.671,46632
8063,Bus,Lane 2,1678.837,12.411,31.501,46644
8106,Car,Lane 1,1680.816,7.487,32.829,46699
8100,Three-Wheeler,Lane 1,1681.644,8.659,32.572,46722
8142,Motorcycle,Lane 1,1681.824,0.633,35.671,46727
8141,Motorcycle,Lane 1,1681.86,-0.11,35.291,46728
8150,Car,Lane 1,1683.444,-3.475,36.312,46772
8171,Car,Lane 1,1684.38,7.249,32.627,46798
8126,Light Goods Vehicle,Lane 1,1684.487,7.202,32.891,46801
8155,Three-Wheeler,Lane 1,1685.171,7.855,32.495,46820
8179,Car,Lane 1,1687.907,1.238,35.263,46896
8181,Car,Lane 1,1689.562,7.537,32.312,46942
8214,Motorcycle,Lane 1,1696.509,-3.546,38.04,47135
8213,Motorcycle,Lane 1,1696.761,-2.82,36.444,47142
8216,Motorcycle,Lane 1,1696.977,-2.58,36.953,47148
8232,Three-Wheeler,Lane 1,1699.748,8.738,32.302,47225
8233,Three-Wheeler,Lane 1,1701.332,-3.879,36.402,47269
8237,Three-Wheeler,Lane 1,1701.368,-3.968,36.422,47270
8243,Motorcycle,Lane 1,1703.168,-0.995,36.036,47320
8244,Motorcycle,Lane 1,1703.276,-1.695,35.916,47323
8254,Van,Lane 1,1707.523,-1.739,35.926,47441
8260,Bus,Lane 2,1715.837,12.486,29.576,47672
8273,Bus,Lane 2,1716.413,12.411,28.691,47688
8268,Van,Lane 1,1716.449,-1.827,35.946,47689
8279,Light Goods Vehicle,Lane 2,1719.4,12.606,31.459,47771
8281,Bus,Lane 2,1723.143,12.783,31.669,47875
8304,Motorcycle,Lane 1,1732.646,-1.333,35.563,48139
8296,Bus,Lane 1,1733.257,-6.819,37.338,48156
8340,Car,Lane 1,1748.014,1.319,34.974,48566
8351,Motorcycle,Lane 1,1752.118,-5.397,37.02,48680
8353,Motorcycle,Lane 1,1752.657,-3.649,36.91,48695
8349,Motorcycle,Lane 1,1752.909,-3.9,36.685,48702
8347,Three-Wheeler,Lane 1,1753.593,8.417,32.625,48721
8363,Bus,Lane 1,1753.917,-2.36,36.064,48730
8325,Bus,Lane 2,1753.953,12.995,31.374,48731
8362,Car,Lane 1,1754.781,-1.872,35.955,48754
8375,Car,Lane 1,1757.732,-3.879,36.402,48836
8366,Three-Wheeler,Lane 1,1758.164,7.852,32.749,48848
8376,Three-Wheeler,Lane 1,1758.344,-3.879,36.402,48853
8405,Three-Wheeler,Lane 2,1776.053,9.542,32.379,49345
8410,Light Goods Vehicle,Lane 1,1777.78,-2.328,36.334,49393
8403,Three-Wheeler,Lane 2,1778.212,9.045,28.084,49405
8419,Motorcycle,Lane 1,1778.824,0.373,36.569,49422
8417,Three-Wheeler,Lane 2,1779.328,9.542,32.379,49436
8423,Motorcycle,Lane 1,1779.364,0.414,35.72,49437
8444,Motorcycle,Lane 1,1779.94,1.368,35.234,49453
8420,Car,Lane 1,1780.804,7.69,32.784,49477
8443,Van,Lane 1,1782.027,-1.465,35.592,49511
8490,Car,Lane 1,1782.099,-1.783,35.936,49513
8479,Van,Lane 1,1784.331,-4.08,36.726,49575
8470,Car,Lane 1,1784.691,8.056,32.451,49585
8524,Motorcycle,Lane 1,1784.979,-5.414,36.744,49593
8509,Motorcycle,Lane 1,1785.735,-3.744,36.372,49614
8515,Motorcycle,Lane 1,1785.735,-4.464,36.533,49614
8539,Three-Wheeler,Lane 1,1787.03,7.609,32.802,49650
8548,Car,Lane 1,1787.93,8.296,32.652,49675
8520,Light Goods Vehicle,Lane 1,1787.966,8.297,32.398,49676
8556,Car,Lane 1,1789.73,7.121,32.909,49725
8549,Car,Lane 1,1791.817,8.338,32.138,49783
8582,Car,Lane 1,1792.969,7.818,32.251,49815
8588,Light Goods Vehicle,Lane 1,1795.525,-8.065,37.902,49886
8589,Car,Lane 1,1795.92,-3.475,36.312,49897
8590,Car,Lane 1,1795.92,-3.332,36.839,49897
8607,Light Goods Vehicle,Lane 1,1801.211,1.026,35.584,50044
8608,Three-Wheeler,Lane 1,1801.247,0.758,35.099,50045
8609,Car,Lane 1,1803.299,8.538,32.095,50102
8624,Light Goods Vehicle,Lane 1,1808.734,-11.446,40.151,50253
8629,Three-Wheeler,Lane 1,1809.022,8.738,32.302,50261
8627,Light Goods Vehicle,Lane 1,1809.238,-3.487,37.158,50267
8641,Car,Lane 1,1810.713,-4.427,38.242,50308
8642,Light Goods Vehicle,Lane 1,1810.785,-4.579,36.837,50310
8637,Car,Lane 1,1810.821,-11.822,39.933,50311
8648,Light Goods Vehicle,Lane 1,1811.937,-10.008,38.922,50342
8651,Car,Lane 1,1812.477,-2.271,36.044,50357
8656,Car,Lane 1,1812.477,-2.226,36.034,50357
8659,Motorcycle,Lane 1,1813.053,0.549,36.247,50373
8655,Motorcycle,Lane 1,1813.089,1.992,35.643,50374
8657,Motorcycle,Lane 1,1813.305,0.108,35.243,50380
8663,Light Goods Vehicle,Lane 1,1813.629,-10.775,39.096,50389
8668,Light Goods Vehicle,Lane 2,1813.737,9.061,32.484,50392
8666,Car,Lane 1,1814.133,-3.378,36.849,50403
8664,Three-Wheeler,Lane 1,1814.205,-3.359,36.564,50405
8672,Light Goods Vehicle,Lane 1,1817.732,-6.727,37.318,50503
8676,Car,Lane 1,1817.732,-6.727,37.318,50503
8695,Van,Lane 1,1833.677,0.931,35.06,50946
8707,Car,Lane 1,1838.464,7.737,32.269,51079
8719,Car,Lane 1,1840.659,-3.028,36.213,51140
8722,Car,Lane 1,1840.659,-3.162,36.243,51140
8718,Car,Lane 1,1841.487,7.976,32.468,51163
8727,Light Goods Vehicle,Lane 1,1842.135,-3.359,36.564,51181
8756,Motorcycle,Lane 1,1867.618,-3.251,36.263,51889
8766,Motorcycle,Lane 1,1867.798,-4.013,36.432,51894
8773,Three-Wheeler,Lane 1,1877.516,-4.923,37.197,52164
8778,Car,Lane 1,1890.221,-2.194,36.304,52517
8777,Car,Lane 1,1891.085,8.056,32.451,52541
8793,Light Goods Vehicle,Lane 1,1894.432,0.638,36.227,52634
8790,Van,Lane 1,1894.576,0.776,36.763,52638
8801,Motorcycle,Lane 1,1894.576,-4.373,36.513,52638
8795,Motorcycle,Lane 1,1895.008,-4.554,36.553,52650
8784,Three-Wheeler,Lane 1,1895.044,7.324,32.864,52651
8800,Car,Lane 1,1895.836,1.707,34.888,52673
8824,Car,Lane 1,1895.836,1.643,35.721,52673
8814,Motorcycle,Lane 1,1896.196,-1.739,35.926,52683
8837,Three-Wheeler,Lane 2,1898.931,9.141,32.467,52759
8849,Three-Wheeler,Lane 1,1900.875,7.818,32.251,52813
8844,Car,Lane 1,1903.106,7.492,32.574,52875
8891,Car,Lane 1,1904.15,-7.816,39.017,52904
8892,Car,Lane 1,1904.474,-2.793,37.576,52913
8881,Three-Wheeler,Lane 2,1904.582,9.702,32.344,52916
8896,Three-Wheeler,Lane 1,1904.654,-2.805,36.163,52918
8879,Three-Wheeler,Lane 1,1904.978,6.925,32.697,52927
8918,Bus,Lane 2,1906.31,13.562,31.499,52964
8914,Bus,Lane 1,1908.829,7.446,32.838,53034
8911,Light Goods Vehicle,Lane 1,1909.009,7.365,32.855,53039
8950,Car,Lane 1,1911.277,6.836,32.971,53102
8967,Light Goods Vehicle,Lane 1,1911.277,6.836,32.971,53102
8955,Motorcycle,Lane 1,1911.529,1.07,35.574,53109
8964,Motorcycle,Lane 1,1911.637,-2.194,36.304,53112
8948,Three-Wheeler,Lane 1,1912.644,8.095,32.696,53140
8975,Three-Wheeler,Lane 1,1912.644,8.056,32.451,53140
9000,Three-Wheeler,Lane 2,1916.927,9.342,32.423,53259
9005,Bus,Lane 1,1918.547,-10.641,39.363,53304
9006,Three-Wheeler,Lane 1,1918.943,-2.913,37.314,53315
9007,Three-Wheeler,Lane 1,1919.087,-3.061,36.778,53319
9002,Car,Lane 1,1919.375,7.406,32.847,53327
9011,Light Goods Vehicle,Lane 1,1919.375,7.406,32.847,53327
8996,Three-Wheeler,Lane 2,1920.383,10.765,31.86,53355
9021,Light Goods Vehicle,Lane 2,1920.419,10.804,31.851,53356
9023,Motorcycle,Lane 1,1922.398,-3.314,36.554,53411
9026,Motorcycle,Lane 1,1922.65,-4.238,36.483,53418
9038,Motorcycle,Lane 2,1925.53,9.742,32.335,53498
9059,Motorcycle,Lane 1,1930.677,-4.747,37.73,53641
9080,Van,Lane 1,1933.7,-2.252,36.596,53725
9090,Motorcycle,Lane 1,1936.147,1.362,34.965,53793
9091,Motorcycle,Lane 1,1936.507,1.679,35.438,53803
9094,Bus,Lane 1,1944.318,0.019,35.809,54020
9103,Light Goods Vehicle,Lane 1,1944.318,0.108,35.243,54020
9106,Motorcycle,Lane 1,1948.061,1.162,35.829,54124
9108,Motorcycle,Lane 1,1948.529,1.844,35.128,54137
9112,Motorcycle,Lane 1,1948.601,1.238,35.263,54139
9116,Car,Lane 1,1950.077,-6.359,37.235,54180
9115,Three-Wheeler,Lane 1,1950.149,-6.451,37.256,54182
9121,Car,Lane 1,1950.976,-1.421,35.582,54205
9129,Three-Wheeler,Lane 2,1957.743,9.901,32.3,54393
9132,Three-Wheeler,Lane 1,1958.211,-3.584,36.615,54406
9140,Three-Wheeler,Lane 1,1958.247,-3.584,36.615,54407
9149,Three-Wheeler,Lane 2,1964.798,10.172,31.989,54589
9151,Car,Lane 1,1965.733,-3.242,36.819,54615
9152,Light Goods Vehicle,Lane 1,1966.165,-3.206,36.253,54627
9156,Three-Wheeler,Lane 1,1967.461,-4.238,36.483,54663
9173,Car,Lane 1,1970.7,-2.716,36.143,54753
9167,Light Goods Vehicle,Lane 1,1971.204,-2.76,36.153,54767
9179,Three-Wheeler,Lane 1,1974.084,8.095,32.696,54847
9183,Car,Lane 1,1974.264,7.973,32.722,54852
9194,Light Goods Vehicle,Lane 1,1974.48,-9.248,39.045,54858
9195,Three-Wheeler,Lane 1,1975.307,-4.689,36.583,54881
9201,Light Goods Vehicle,Lane 1,1975.343,-4.579,36.837,54882
9187,Car,Lane 1,1975.451,7.933,32.731,54885
9235,Car,Lane 1,1980.994,-4.126,36.736,55039
9216,Three-Wheeler,Lane 2,1981.03,10.91,31.58,55040
9241,Light Goods Vehicle,Lane 2,1981.03,10.922,31.826,55040
9219,Light Goods Vehicle,Lane 1,1981.318,2.059,35.08,55048
9224,Bus,Lane 1,1981.318,2.05,34.812,55048
9229,Three-Wheeler,Lane 1,1981.318,-0.939,35.475,55048
9233,Three-Wheeler,Lane 1,1981.354,-0.939,35.475,55049
9230,Three-Wheeler,Lane 1,1981.426,-4.599,36.563,55051
9243,Motorcycle,Lane 1,1982.398,-2.626,36.963,55078
9244,Three-Wheeler,Lane 1,1982.506,-3.044,36.494,55081
9240,Motorcycle,Lane 1,1982.686,-2.894,36.183,55086
9258,Three-Wheeler,Lane 1,1985.673,7.416,32.339,55169
9250,Light Goods Vehicle,Lane 1,1985.709,7.446,32.838,55170
9268,Motorcycle,Lane 1,1990.1,-1.393,36.125,55292
9270,Three-Wheeler,Lane 1,1990.46,-2.049,35.995,55302
9276,Car,Lane 1,1992.944,-3.341,36.283,55371
9275,Van,Lane 1,1993.232,0.238,35.485,55379
9286,Car,Lane 1,1994.239,-12.042,38.796,55407
9290,Car,Lane 1,1994.563,-5.626,37.929,55416
9289,Car,Lane 1,1994.959,-5.006,36.653,55427
9295,Car,Lane 1,1996.867,-0.11,35.291,55480
9299,Van,Lane 1,1998.595,-3.654,36.352,55528
9303,Car,Lane 1,1999.926,7.446,32.838,55565
9329,Car,Lane 1,2000.142,7.381,32.097,55571
9306,Three-Wheeler,Lane 2,2001.042,9.702,32.344,55596
9341,Three-Wheeler,Lane 1,2001.294,6.966,32.688,55603
9333,Three-Wheeler,Lane 1,2003.13,8.256,32.66,55654
9318,Bus,Lane 1,2004.245,-7.975,37.597,55685
9376,Three-Wheeler,Lane 1,2004.677,8.82,32.537,55697
9355,Three-Wheeler,Lane 1,2006.621,7.492,32.574,55751
9389,Three-Wheeler,Lane 2,2008.313,9.822,32.318,55798
9388,Car,Lane 1,2008.636,-0.633,35.407,55807
9386,Three-Wheeler,Lane 1,2009.284,7.249,32.627,55825
9398,Three-Wheeler,Lane 1,2010.076,-3.475,36.312,55847
9413,Motorcycle,Lane 1,2010.508,1.079,36.127,55859
9414,Motorcycle,Lane 1,2010.58,0.982,35.593,55861
9422,Motorcycle,Lane 1,2010.832,1.707,34.888,55868
9425,Motorcycle,Lane 1,2011.012,0.715,35.108,55873
9409,Three-Wheeler,Lane 1,2011.264,8.619,32.581,55880
9429,Three-Wheeler,Lane 1,2012.488,8.054,32.705,55914
9448,Three-Wheeler,Lane 1,2013.675,7.892,32.74,55947
9433,Light Goods Vehicle,Lane 1,2013.711,0.939,35.603,55948
9440,Light Goods Vehicle,Lane 1,2013.963,0.974,35.051,55955
9463,Van,Lane 1,2014.899,-1.949,35.699,55981
9480,Three-Wheeler,Lane 1,2015.619,8.616,31.83,56001
9474,Car,Lane 1,2015.727,8.618,32.328,56004
9472,Light Goods Vehicle,Lane 1,2016.087,-0.939,35.475,56014
9452,Light Goods Vehicle,Lane 1,2016.123,-0.939,35.475,56015
9493,Car,Lane 1,2016.843,7.446,32.838,56035
9482,Three-Wheeler,Lane 1,2018.57,8.699,32.563,56083
9501,Car,Lane 1,2020.37,7.73,32.776,56133
9497,Car,Lane 1,2020.622,7.613,32.547,56140
9498,Light Goods Vehicle,Lane 2,2021.054,10.753,31.614,56152
9537,Motorcycle,Lane 1,2023.033,-2.473,37.503,56207
9535,Motorcycle,Lane 1,2023.393,-0.873,36.568,56217
9527,Light Goods Vehicle,Lane 1,2023.609,-5.033,36.939,56223
9531,Motorcycle,Lane 1,2023.681,-2.037,35.719,56225
9536,Motorcycle,Lane 1,2024.041,-3.449,36.585,56235
9533,Light Goods Vehicle,Lane 1,2024.185,-4.644,36.573,56239
9544,Motorcycle,Lane 1,2025.193,-6.324,36.947,56267
9547,Three-Wheeler,Lane 1,2025.445,-6.773,37.328,56274
9565,Van,Lane 1,2029.98,-0.066,35.281,56400
9581,Car,Lane 1,2030.052,-0.502,35.378,56402
9592,Light Goods Vehicle,Lane 1,2033.363,-10.583,39.052,56494
9593,Van,Lane 1,2033.867,-2.701,36.697,56508
9601,Car,Lane 1,2035.991,-9.75,37.994,56567
9586,Three-Wheeler,Lane 1,2036.315,7.73,32.776,56576
9605,Three-Wheeler,Lane 1,2036.855,-3.494,36.595,56591
9610,Three-Wheeler,Lane 1,2036.855,-3.449,36.585,56591
9604,Three-Wheeler,Lane 1,2038.186,7.734,32.521,56628
9612,Car,Lane 1,2038.942,-2.182,36.025,56649
9624,Three-Wheeler,Lane 2,2039.122,10.18,32.239,56654
9628,Car,Lane 2,2041.174,9.808,31.819,56711
9623,Three-Wheeler,Lane 2,2043.585,11.826,31.629,56778
9637,Three-Wheeler,Lane 2,2044.269,11.552,26.551,56797
9646,Bus,Lane 1,2044.269,8.778,32.293,56797
9686,Three-Wheeler,Lane 2,2055.787,10.34,32.204,57117
9680,Three-Wheeler,Lane 2,2055.823,10.379,32.195,57118
9706,Motorcycle,Lane 1,2061.078,-3.967,36.982,57264
9710,Motorcycle,Lane 1,2061.186,-4.035,36.716,57267
9714,Car,Lane 1,2066.225,-2.955,36.474,57407
9716,Motorcycle,Lane 1,2067.304,-1.882,36.234,57437
9717,Motorcycle,Lane 1,2067.592,-1.882,36.234,57445
9715,Motorcycle,Lane 1,2067.736,-2.049,35.995,57449
9735,Light Goods Vehicle,Lane 1,2070.364,-2.971,36.758,57522
9736,Three-Wheeler,Lane 1,2070.868,-3.584,36.615,57536
9741,Car,Lane 1,2072.199,-1.202,35.533,57573
9764,Three-Wheeler,Lane 2,2080.981,10.37,31.946,57817
9780,Motorcycle,Lane 1,2082.277,-3.134,36.514,57853
9794,Motorcycle,Lane 1,2093.399,0.628,35.127,58162
9808,Motorcycle,Lane 1,2094.515,0.456,35.437,58193
9797,Motorcycle,Lane 1,2094.947,2.318,35.022,58205
9806,Three-Wheeler,Lane 1,2097.502,8.024,31.468,58276
9836,Three-Wheeler,Lane 1,2105.996,-4.171,36.746,58512
9839,Three-Wheeler,Lane 1,2106.032,-4.239,37.043,58513
9842,Van,Lane 1,2113.519,-2.226,36.034,58721
9843,Car,Lane 1,2114.85,-0.851,35.456,58758
9850,Car,Lane 1,2116.83,1.93,35.109,58813
9864,Three-Wheeler,Lane 2,2118.45,10.061,32.265,58858
9880,Three-Wheeler,Lane 1,2120.969,8.378,32.381,58928
9889,Three-Wheeler,Lane 1,2122.265,7.811,32.758,58964
9917,Light Goods Vehicle,Lane 1,2122.841,-4.328,36.503,58980
9899,Car,Lane 1,2122.913,-1.817,35.67,58982
9901,Car,Lane 1,2122.949,-1.65,35.906,58983
9913,Three-Wheeler,Lane 1,2123.309,-4.513,37.104,58993
9934,Car,Lane 2,2124.712,9.941,32.291,59032
9919,Car,Lane 2,2124.784,9.981,32.283,59034
9935,Three-Wheeler,Lane 1,2125.72,7.168,32.644,59060
9949,Car,Lane 1,2127.52,7.249,32.627,59110
9972,Light Goods Vehicle,Lane 2,2128.6,10.836,30.865,59140
9945,Bus,Lane 2,2129.175,11.041,31.8,59156
9973,Light Goods Vehicle,Lane 1,2129.715,-11.242,38.908,59171
9975,Bus,Lane 1,2130.003,-5.519,37.33,59179
9990,Bus,Lane 1,2130.039,-5.794,37.392,59180
9977,Light Goods Vehicle,Lane 1,2130.183,-8.254,37.659,59184
9988,Three-Wheeler,Lane 1,2132.307,7.933,32.731,59243
9927,Van,Lane 1,2132.739,-2.418,36.354,59255
10010,Car,Lane 1,2133.063,-2.537,36.104,59264
10002,Car,Lane 1,2133.567,1.578,34.917,59278
10025,Car,Lane 1,2133.747,2.05,34.812,59283
9991,Three-Wheeler,Lane 1,2134.142,7.527,32.82,59294
9994,Three-Wheeler,Lane 2,2134.898,10.34,32.204,59315
9948,Van,Lane 1,2136.482,-2.226,36.034,59359
10012,Three-Wheeler,Lane 1,2136.806,8.659,32.572,59368
10072,Bus,Lane 1,2139.361,-7.326,37.452,59439
10044,Three-Wheeler,Lane 1,2139.505,8.216,32.669,59443
10069,Car,Lane 1,2139.505,2.385,36.684,59443
10068,Car,Lane 1,2140.945,1.498,35.205,59483
10086,Three-Wheeler,Lane 2,2141.017,9.815,32.067,59485
10096,Light Goods Vehicle,Lane 1,2142.565,-4.035,36.716,59528
10094,Car,Lane 1,2142.673,-4.058,36.442,59531
10109,Light Goods Vehicle,Lane 2,2145.804,12.956,31.382,59618
10073,Bus,Lane 2,2145.84,12.995,31.374,59619
10126,Bus,Lane 1,2150.411,7.852,32.749,59746
10132,Car,Lane 1,2150.411,7.852,32.749,59746
10137,Car,Lane 1,2150.627,-2.942,37.035,59752
10147,Car,Lane 1,2150.663,-2.91,36.464,59753
10166,Light Goods Vehicle,Lane 1,2157.142,-8.723,39.224,59933
10167,Three-Wheeler,Lane 1,2157.142,8.256,32.66,59933
10168,Light Goods Vehicle,Lane 1,2157.538,-3.99,36.706,59944
10163,Three-Wheeler,Lane 2,2162.109,10.528,31.912,60071
10177,Light Goods Vehicle,Lane 1,2162.685,-11.511,40.473,60087
10179,Three-Wheeler,Lane 1,2163.62,-2.596,36.394,60113
10182,Light Goods Vehicle,Lane 1,2163.62,-2.462,36.364,60113
10212,Car,Lane 1,2173.266,1.276,34.984,60381
10222,Motorcycle,Lane 1,2175.858,1.976,36.49,60453
10221,Motorcycle,Lane 1,2176.002,1.152,35.282,60457
10226,Motorcycle,Lane 1,2176.254,0.498,35.156,60464
10227,Motorcycle,Lane 1,2176.362,0.368,35.185,60467
10233,Motorcycle,Lane 1,2180.105,-5.174,38.412,60571
10234,Motorcycle,Lane 1,2180.681,-4.649,37.135,60587
10247,Motorcycle,Lane 1,2180.825,-3.923,36.412,60591
10254,Motorcycle,Lane 1,2181.545,-2.76,36.153,60611
10251,Motorcycle,Lane 1,2181.725,-1.026,35.494,60616
10261,Light Goods Vehicle,Lane 1,2184.712,-1.385,35.847,60699
10260,Light Goods Vehicle,Lane 1,2184.748,-1.349,36.115,60700
10263,Car,Lane 1,2188.203,7.446,32.838,60796
10269,Motorcycle,Lane 1,2188.923,-3.827,37.521,60816
10268,Motorcycle,Lane 1,2189.175,-3.152,36.798,60823
10274,Motorcycle,Lane 1,2189.535,-2.641,36.404,60833
10289,Car,Lane 1,2197.489,6.917,32.953,61054
10291,Light Goods Vehicle,Lane 1,2197.561,6.948,31.944,61056
10307,Car,Lane 1,2199.901,7.202,32.891,61121
10308,Car,Lane 1,2201.557,7.202,32.891,61167
10323,Motorcycle,Lane 1,2202.168,-0.867,36.285,61184
10309,Bus,Lane 1,2202.42,-8.068,37.618,61191
10327,Motorcycle,Lane 1,2202.528,-1.026,35.494,61194
10335,Motorcycle,Lane 1,2202.744,-2.91,36.464,61200
10318,Three-Wheeler,Lane 1,2203.536,7.406,32.847,61222
10363,Light Goods Vehicle,Lane 2,2205.516,10.937,31.328,61277
10360,Car,Lane 1,2206.775,-5.595,36.785,61312
10350,Three-Wheeler,Lane 1,2206.811,-5.504,36.765,61313
10368,Bus,Lane 1,2210.879,8.216,32.669,61426
10379,Car,Lane 1,2214.55,-1.729,35.65,61528
10378,Car,Lane 1,2214.622,-1.509,35.601,61530
10396,Light Goods Vehicle,Lane 1,2219.157,0.888,35.07,61656
10409,Motorcycle,Lane 1,2226.067,-2.537,36.104,61848
10418,Heavy Goods Vehicle,Lane 2,2228.191,13.327,33.633,61907
10430,Motorcycle,Lane 1,2235.318,2.513,35.526,62105
10429,Motorcycle,Lane 1,2235.605,3.19,35.099,62113
10442,Motorcycle,Lane 1,2236.073,2.188,35.051,62126
10448,Three-Wheeler,Lane 1,2240.644,7.284,32.873,62253
10466,Three-Wheeler,Lane 1,2241.976,0.761,35.369,62290
10474,Light Goods Vehicle,Lane 1,2242.048,0.674,35.388,62292
10463,Three-Wheeler,Lane 2,2242.948,10.646,31.886,62317
10477,Three-Wheeler,Lane 1,2243.668,7.324,32.864,62337
10478,Car,Lane 2,2245.179,9.457,32.145,62379
10485,Motorcycle,Lane 1,2245.575,-2.476,36.647,62390
10481,Car,Lane 1,2246.547,6.917,32.953,62417
10468,Car,Lane 1,2247.915,7.406,32.847,62455
10543,Three-Wheeler,Lane 2,2248.851,10.061,32.265,62481
10528,Light Goods Vehicle,Lane 1,2248.959,-1.916,35.965,62484
10520,Three-Wheeler,Lane 1,2248.995,-2.005,35.985,62485
10550,Car,Lane 1,2249.535,7.284,32.873,62500
10557,Motorcycle,Lane 1,2249.643,1.913,35.939,62503
10559,Motorcycle,Lane 1,2249.931,1.792,34.869,62511
10552,Car,Lane 1,2250.002,-0.774,35.986,62513
10497,Bus,Lane 1,2250.038,-7.882,37.576,62514
10547,Three-Wheeler,Lane 1,2250.218,-0.725,35.7,62519
10579,Three-Wheeler,Lane 1,2250.542,7.365,32.855,62528
10587,Motorcycle,Lane 1,2251.694,1.792,34.869,62560
10576,Three-Wheeler,Lane 1,2251.91,8.498,32.607,62566
10540,Three-Wheeler,Lane 2,2251.946,11.237,31.757,62567
10556,Motorcycle,Lane 1,2251.982,1.498,35.205,62568
10589,Car,Lane 1,2253.494,7.202,32.891,62610
10615,Three-Wheeler,Lane 2,2254.286,10.061,32.265,62632
10606,Car,Lane 1,2255.401,7.492,32.574,62663
10603,Van,Lane 1,2255.689,-5.55,36.775,62671
10620,Three-Wheeler,Lane 2,2257.741,10.844,31.843,62728
10617,Three-Wheeler,Lane 1,2258.425,7.33,32.609,62747
10636,Car,Lane 1,2258.749,7.336,32.356,62756
10654,Car,Lane 2,2261.952,10.962,31.817,62845
10667,Car,Lane 1,2262.78,7.08,32.918,62868
10691,Car,Lane 1,2264.436,7.446,32.838,62914
10708,Three-Wheeler,Lane 1,2266.271,8.014,32.713,62965
10724,Car,Lane 1,2270.266,7.572,32.556,63076
10735,Three-Wheeler,Lane 1,2271.958,8.418,32.121,63123
10765,Three-Wheeler,Lane 1,2275.017,8.692,31.084,63208
10766,Three-Wheeler,Lane 1,2275.089,8.498,32.354,63210
10767,Three-Wheeler,Lane 1,2275.269,8.699,32.563,63215
10768,Car,Lane 1,2276.133,8.377,32.634,63239
10771,Van,Lane 1,2279.084,-2.716,36.143,63321
10782,Car,Lane 1,2282.576,7.006,32.68,63418
10785,Light Goods Vehicle,Lane 1,2282.576,6.999,32.936,63418
10807,Three-Wheeler,Lane 2,2299.672,9.382,32.414,63893
10809,Light Goods Vehicle,Lane 1,2299.744,-3.968,36.422,63895
10812,Light Goods Vehicle,Lane 1,2299.816,-3.855,36.675,63897
10814,Three-Wheeler,Lane 1,2301.004,-2.76,36.153,63930
10815,Three-Wheeler,Lane 1,2301.04,-2.626,36.124,63931
10816,Van,Lane 1,2304.747,-1.597,35.621,64034
10821,Three-Wheeler,Lane 1,2305.719,-3.923,36.412,64061
10817,Three-Wheeler,Lane 2,2307.375,9.098,32.223,64107
10850,Car,Lane 1,2307.375,8.659,32.572,64107
10837,Car,Lane 1,2307.555,-0.681,35.69,64112
10849,Van,Lane 1,2309.246,-0.553,35.937,64159
10852,Three-Wheeler,Lane 2,2309.714,10.172,31.989,64172
10867,Three-Wheeler,Lane 1,2316.085,1.492,34.936,64349
10868,Three-Wheeler,Lane 1,2316.121,1.621,34.907,64350
10873,Car,Lane 1,2318.352,1.749,34.879,64412
10794,Three-Wheeler,Lane 2,2322.527,11.394,31.723,64528
10897,Motorcycle,Lane 1,2325.551,-2.06,36.274,64612
10888,Motorcycle,Lane 1,2325.623,-2.671,36.133,64614
10911,Car,Lane 1,2330.23,-12.186,38.828,64742
10912,Car,Lane 1,2330.95,-5.443,37.031,64762
10913,Light Goods Vehicle,Lane 1,2330.95,-5.352,37.01,64762
10925,Motorcycle,Lane 1,2340.236,1.492,34.936,65020
10935,Motorcycle,Lane 1,2340.38,1.079,36.127,65024
10947,Motorcycle,Lane 1,2341.64,-4.012,36.992,65059
10958,Motorcycle,Lane 1,2341.676,-3.699,36.362,65060
10954,Motorcycle,Lane 1,2342.179,-0.72,35.427,65074
10962,Car,Lane 1,2347.794,1.535,34.926,65230
10976,Light Goods Vehicle,Lane 1,2351.07,-5.732,36.815,65321
10981,Three-Wheeler,Lane 1,2351.214,-5.58,37.061,65325
10988,Car,Lane 1,2354.957,-3.404,36.574,65429
10991,Light Goods Vehicle,Lane 1,2355.065,-3.789,36.382,65432
11000,Motorcycle,Lane 1,2355.569,-0.857,35.729,65446
11010,Light Goods Vehicle,Lane 1,2363.919,-5.641,36.795,65678
11035,Three-Wheeler,Lane 2,2366.006,9.834,31.322,65736
11034,Three-Wheeler,Lane 1,2367.734,7.657,32.286,65784
11038,Three-Wheeler,Lane 2,2369.822,10.419,32.187,65842
11051,Bus,Lane 1,2370.506,-4.599,36.563,65861
11056,Light Goods Vehicle,Lane 1,2370.686,-4.193,36.472,65866
11047,Motorcycle,Lane 1,2370.83,7.69,32.784,65870
11075,Car,Lane 2,2372.593,9.178,32.206,65919
11093,Bus,Lane 2,2372.953,9.105,29.829,65929
11112,Three-Wheeler,Lane 2,2375.185,9.702,32.344,65991
11110,Three-Wheeler,Lane 2,2375.437,9.742,32.335,65998
11122,Three-Wheeler,Lane 1,2378.028,7.973,32.722,66070
11139,Three-Wheeler,Lane 1,2379.972,8.296,32.652,66124
11181,Car,Lane 2,2380.799,9.502,32.388,66147
11161,Car,Lane 2,2381.807,9.822,32.318,66175
11172,Bus,Lane 2,2382.347,9.822,32.318,66190
11192,Three-Wheeler,Lane 2,2386.018,9.537,32.128,66292
11208,Three-Wheeler,Lane 1,2387.134,7.694,32.53,66323
11197,Three-Wheeler,Lane 2,2387.962,10.459,32.178,66346
11244,Car,Lane 1,2389.222,7.202,32.891,66381
11241,Three-Wheeler,Lane 2,2389.438,10.061,32.265,66387
11264,Motorcycle,Lane 1,2390.229,-5.015,37.217,66409
11256,Car,Lane 1,2391.489,7.771,32.767,66444
11266,Three-Wheeler,Lane 1,2393.433,7.771,32.767,66498
11271,Three-Wheeler,Lane 2,2394.261,10.061,32.265,66521
11287,Three-Wheeler,Lane 1,2395.736,-5.096,36.674,66562
11284,Car,Lane 1,2397.392,7.73,32.776,66608
11314,Light Goods Vehicle,Lane 1,2402.467,-3.107,36.788,66749
11335,Three-Wheeler,Lane 1,2417.404,-3.162,36.243,67164
11338,Car,Lane 1,2421.183,-9.662,38.261,67269
11340,Light Goods Vehicle,Lane 1,2422.299,-1.685,35.64,67300
11341,Car,Lane 1,2422.299,-1.641,35.631,67300
11347,Motorcycle,Lane 1,2425.214,-2.656,36.687,67381
11345,Motorcycle,Lane 1,2425.394,-3.089,36.504,67386
11348,Motorcycle,Lane 1,2425.538,-3.251,36.263,67390
11361,Three-Wheeler,Lane 1,2426.546,0.801,35.089,67418
11350,Three-Wheeler,Lane 1,2426.582,0.808,35.632,67419
11369,Motorcycle,Lane 1,2435.004,1.017,35.041,67653
11367,Motorcycle,Lane 1,2435.22,1.405,34.955,67659
11380,Light Goods Vehicle,Lane 1,2437.632,-10.477,38.735,67726
11383,Car,Lane 1,2438.675,-1.872,35.955,67755
11382,Car,Lane 1,2438.963,-1.773,35.66,67763
11396,Motorcycle,Lane 1,2440.871,-8.908,38.092,67816
11388,Motorcycle,Lane 1,2441.339,-4.193,36.472,67829
11390,Motorcycle,Lane 1,2441.339,-3.694,36.92,67829
11402,Light Goods Vehicle,Lane 1,2443.606,-5.033,36.939,67892
11399,Car,Lane 1,2443.966,0.02,35.534,67902
11418,Three-Wheeler,Lane 1,2444.326,-4.103,37.012,67912
11414,Three-Wheeler,Lane 1,2444.722,-3.564,36.332,67923
11433,Motorcycle,Lane 1,2446.342,-1.599,37.016,67968
11432,Motorcycle,Lane 1,2446.738,-2.239,36.314,67979
11439,Motorcycle,Lane 1,2446.846,-2.404,36.074,67982
11453,Light Goods Vehicle,Lane 1,2461.567,-0.851,35.456,68391
11473,Car,Lane 1,2466.606,2.188,35.051,68531
11474,Car,Lane 2,2466.786,10.021,32.274,68536
11467,Three-Wheeler,Lane 1,2466.966,1.878,34.85,68541
11461,Bus,Lane 2,2467.505,10.021,32.274,68556
11464,Light Goods Vehicle,Lane 2,2467.505,10.021,32.274,68556
11483,Motorcycle,Lane 1,2468.873,-2.582,36.114,68594
11482,Motorcycle,Lane 1,2469.125,-2.418,36.354,68601
11493,Three-Wheeler,Lane 1,2470.637,-4.715,36.868,68643
11498,Light Goods Vehicle,Lane 1,2470.637,-4.464,36.533,68643
11495,Motorcycle,Lane 1,2470.889,-1.165,35.798,68650
11480,Bus,Lane 2,2472.221,12.353,31.267,68687
11508,Three-Wheeler,Lane 1,2474.488,7.416,32.339,68750
11516,Three-Wheeler,Lane 1,2474.884,-5.187,36.694,68761
11521,Light Goods Vehicle,Lane 1,2474.884,-5.187,36.694,68761
11526,Motorcycle,Lane 1,2478.411,-4.418,36.523,68859
11536,Van,Lane 1,2479.527,-1.026,35.494,68890
11548,Motorcycle,Lane 1,2480.859,1.468,35.761,68927
11550,Motorcycle,Lane 1,2481.363,2.509,34.444,68941
11568,Three-Wheeler,Lane 1,2487.589,-2.894,36.183,69114
11570,Three-Wheeler,Lane 1,2487.625,-2.894,36.183,69115
11571,Van,Lane 1,2489.353,-1.597,35.621,69163
11585,Three-Wheeler,Lane 2,2490.001,9.182,32.458,69181
11587,Motorcycle,Lane 1,2490.397,-4.669,36.858,69192
11592,Car,Lane 1,2492.088,7.406,32.847,69239
11635,Three-Wheeler,Lane 2,2492.844,9.377,32.163,69260
11596,Three-Wheeler,Lane 2,2493.6,11.943,31.603,69281
11675,Car,Lane 1,2495.292,7.162,32.9,69328
11656,Light Goods Vehicle,Lane 1,2495.328,7.162,32.9,69329
11642,Three-Wheeler,Lane 2,2496.695,9.537,32.128,69367
11669,Car,Lane 1,2498.171,7.243,32.882,69408
11683,Light Goods Vehicle,Lane 1,2498.171,7.243,32.882,69408
11696,Three-Wheeler,Lane 2,2501.231,9.021,32.493,69493
11700,Three-Wheeler,Lane 1,2503.714,7.336,32.356,69562
11707,Car,Lane 1,2504.614,-4.969,37.207,69587
11709,Car,Lane 1,2504.866,-4.689,36.583,69594
11711,Three-Wheeler,Lane 1,2506.917,8.014,32.713,69651
11721,Car,Lane 1,2510.481,-8.016,38.179,69750
11723,Light Goods Vehicle,Lane 1,2511.524,-3.0,36.484,69779
11729,Car,Lane 1,2511.56,-2.971,36.758,69780
11739,Car,Lane 1,2516.923,7.087,32.662,69929
11734,Light Goods Vehicle,Lane 1,2516.995,7.04,32.927,69931
11736,Car,Lane 1,2517.427,-0.901,35.739,69943
11745,Three-Wheeler,Lane 1,2521.494,8.054,32.705,70056
11753,Motorcycle,Lane 1,2522.682,-2.341,36.616,70089
11748,Three-Wheeler,Lane 1,2522.934,-2.596,36.394,70096
11760,Three-Wheeler,Lane 1,2523.474,7.121,32.909,70111
11746,Car,Lane 2,2523.618,9.822,32.318,70115
11770,Van,Lane 1,2525.885,-2.535,36.943,70178
11785,Motorcycle,Lane 1,2526.029,-5.626,37.929,70182
11776,Three-Wheeler,Lane 1,2526.245,1.526,36.308,70188
11784,Motorcycle,Lane 1,2526.317,1.658,36.278,70190
11798,Motorcycle,Lane 1,2526.857,-2.507,36.374,70205
11802,Motorcycle,Lane 1,2527.325,-1.341,35.837,70218
11807,Motorcycle,Lane 1,2527.541,-1.571,36.164,70224
11811,Motorcycle,Lane 1,2527.793,0.019,35.809,70231
11816,Bus,Lane 1,2529.989,-11.174,39.484,70292
11814,Three-Wheeler,Lane 2,2530.528,10.646,31.886,70307
11818,Light Goods Vehicle,Lane 1,2530.564,-3.385,36.293,70308
11828,Motorcycle,Lane 1,2531.788,1.834,36.238,70342
11831,Three-Wheeler,Lane 1,2532.328,1.792,34.869,70357
11850,Light Goods Vehicle,Lane 1,2539.707,-4.193,36.472,70562
11851,Three-Wheeler,Lane 1,2539.707,-4.307,36.776,70562
11861,Three-Wheeler,Lane 1,2543.126,7.365,32.855,70657
11858,Three-Wheeler,Lane 1,2543.162,7.33,32.609,70658
11862,Van,Lane 1,2548.381,-1.783,35.936,70803
11875,Three-Wheeler,Lane 2,2557.235,11.119,31.783,71049
11873,Three-Wheeler,Lane 2,2557.271,11.119,31.783,71050
11868,Van,Lane 1,2558.963,-2.462,36.364,71097
11886,Three-Wheeler,Lane 1,2568.537,8.216,32.669,71363
11923,Motorcycle,Lane 1,2573.432,-3.404,36.574,71499
11909,Motorcycle,Lane 1,2573.468,-3.43,36.303,71500
11919,Light Goods Vehicle,Lane 1,2575.051,1.282,35.253,71544
11913,Three-Wheeler,Lane 1,2575.375,1.585,35.186,71553
11943,Motorcycle,Lane 1,2581.602,-0.382,36.457,71726
11944,Motorcycle,Lane 1,2581.89,0.107,35.789,71734
11947,Bus,Lane 1,2583.078,-8.207,37.649,71767
11957,Light Goods Vehicle,Lane 1,2583.474,1.287,35.525,71778
11954,Light Goods Vehicle,Lane 1,2583.617,1.017,35.041,71782
11971,Motorcycle,Lane 1,2584.841,0.845,35.08,71816
11973,Motorcycle,Lane 1,2585.309,1.113,35.564,71829
11976,Motorcycle,Lane 1,2585.417,1.498,35.205,71832
11959,Car,Lane 1,2586.173,-1.96,35.975,71853
11977,Light Goods Vehicle,Lane 1,2587.469,-2.76,36.153,71889
11999,Light Goods Vehicle,Lane 1,2587.757,-2.582,36.114,71897
12024,Light Goods Vehicle,Lane 1,2599.382,-2.271,36.044,72220
12028,Car,Lane 1,2599.454,-2.284,36.324,72222
12037,Light Goods Vehicle,Lane 1,2603.773,-4.193,36.472,72342
12036,Three-Wheeler,Lane 1,2603.917,-3.968,36.422,72346
12047,Car,Lane 1,2608.596,7.938,32.225,72476
12053,Van,Lane 1,2610.18,-1.377,35.572,72520
12082,Three-Wheeler,Lane 1,2613.203,-5.443,37.031,72604
12084,Car,Lane 1,2613.527,8.095,32.696,72613
12089,Bus,Lane 1,2613.851,7.892,32.74,72622
12090,Bus,Lane 1,2613.887,7.855,32.495,72623
12091,Car,Lane 1,2614.031,7.935,32.477,72627
12111,Motorcycle,Lane 1,2618.746,-4.562,37.688,72758
12114,Three-Wheeler,Lane 2,2619.322,10.557,31.657,72774
12107,Motorcycle,Lane 1,2619.394,-4.488,36.817,72776
12127,Three-Wheeler,Lane 2,2620.906,10.291,31.963,72818
12123,Car,Lane 1,2621.698,-2.226,36.034,72840
12124,Car,Lane 1,2621.806,-2.449,36.084,72843
12155,Three-Wheeler,Lane 1,2624.073,8.78,32.546,72906
12168,Car,Lane 1,2624.433,6.917,32.953,72916
12167,Car,Lane 1,2624.865,7.365,32.855,72928
12180,Motorcycle,Lane 1,2624.865,1.535,34.926,72928
12185,Motorcycle,Lane 1,2625.009,-0.472,36.477,72932
12183,Motorcycle,Lane 1,2625.333,1.468,35.761,72941
12186,Motorcycle,Lane 1,2625.477,1.362,34.965,72945
12128,Three-Wheeler,Lane 2,2625.657,11.904,31.612,72950
12153,Car,Lane 1,2625.945,-1.685,35.64,72958
12136,Car,Lane 1,2626.773,7.568,32.811,72981
12201,Car,Lane 1,2626.773,7.73,32.776,72981
12198,Motorcycle,Lane 1,2627.528,-2.462,36.364,73002
12212,Car,Lane 1,2628.752,7.121,32.909,73036
12230,Car,Lane 1,2630.444,7.37,32.6,73083
12208,Car,Lane 1,2630.624,-1.817,35.67,73088
12213,Bus,Lane 2,2631.164,12.917,31.391,73103
12244,Three-Wheeler,Lane 2,2631.488,9.061,32.484,73112
12242,Three-Wheeler,Lane 1,2632.675,7.527,32.82,73145
12249,Three-Wheeler,Lane 1,2635.015,8.579,32.59,73210
12261,Car,Lane 1,2637.57,7.162,32.9,73281
12280,Bus,Lane 2,2639.586,9.735,32.084,73337
12287,Car,Lane 1,2640.198,7.243,32.882,73354
12309,Three-Wheeler,Lane 1,2641.673,8.135,32.687,73395
12311,Bus,Lane 1,2644.949,-7.879,37.86,73486
12335,Car,Lane 1,2649.34,7.168,32.644,73608
12356,Car,Lane 1,2655.027,1.714,35.157,73766
12372,Car,Lane 1,2655.711,8.458,32.616,73785
12359,Car,Lane 1,2656.862,8.216,32.669,73817
12375,Car,Lane 1,2657.114,8.219,31.916,73824
12403,Van,Lane 1,2663.593,-1.114,35.514,74004
12312,Three-Wheeler,Lane 2,2664.961,11.997,27.696,74042
12406,Car,Lane 1,2665.501,1.707,34.888,74057
12431,Car,Lane 1,2671.619,7.814,32.503,74227
12443,Van,Lane 1,2675.686,1.238,35.263,74340
12466,Three-Wheeler,Lane 1,2680.509,-3.609,36.342,74474
12480,Car,Lane 1,2680.905,-5.868,36.846,74485
12476,Car,Lane 1,2681.013,-5.823,36.835,74488
12500,Car,Lane 1,2690.731,8.095,32.696,74758
12499,Bus,Lane 1,2691.415,8.377,32.634,74777
12481,Light Goods Vehicle,Lane 1,2691.451,8.458,32.616,74778
12510,Motorcycle,Lane 1,2694.906,-0.774,35.986,74874
12515,Motorcycle,Lane 1,2695.014,-0.38,36.176,74877
12528,Three-Wheeler,Lane 1,2700.737,-5.078,36.949,75036
12529,Three-Wheeler,Lane 1,2700.845,-4.832,37.176,75039
12539,Bus,Lane 1,2705.344,-11.372,38.645,75164
12544,Light Goods Vehicle,Lane 1,2706.028,-3.117,36.233,75183
12541,Light Goods Vehicle,Lane 1,2706.172,-2.849,36.173,75187
12489,Bus,Lane 2,2708.98,12.995,31.374,75265
12548,Three-Wheeler,Lane 2,2711.967,9.576,32.119,75348
12554,Motorcycle,Lane 1,2713.659,-2.386,36.627,75395
12561,Light Goods Vehicle,Lane 1,2718.266,0.808,35.632,75523
12566,Light Goods Vehicle,Lane 1,2718.554,0.767,35.918,75531
12574,Three-Wheeler,Lane 1,2727.516,-1.465,35.592,75780
12570,Car,Lane 1,2727.624,-1.861,35.68,75783
12584,Motorcycle,Lane 1,2733.059,-6.624,37.579,75934
12585,Motorcycle,Lane 1,2733.167,-4.741,37.155,75937
12592,Motorcycle,Lane 1,2734.174,-4.464,36.533,75965
12605,Three-Wheeler,Lane 2,2736.514,9.855,32.059,76030
12601,Car,Lane 1,2738.385,7.855,32.495,76082
12640,Three-Wheeler,Lane 1,2741.913,-3.99,36.706,76180
12614,Car,Lane 1,2742.129,7.341,32.106,76186
12686,Three-Wheeler,Lane 1,2742.489,-6.911,37.359,76196
12685,Three-Wheeler,Lane 1,2744.648,7.933,32.731,76256
12692,Van,Lane 1,2744.9,-2.865,36.454,76263
12689,Car,Lane 1,2746.448,-0.72,35.427,76306
12727,Car,Lane 1,2747.528,6.713,32.998,76336
12723,Three-Wheeler,Lane 2,2748.103,9.542,32.379,76352
12757,Three-Wheeler,Lane 2,2750.227,10.449,31.929,76411
12755,Car,Lane 2,2751.667,9.941,32.291,76451
12803,Van,Lane 1,2756.454,-11.117,40.382,76584
12804,Van,Lane 1,2757.174,-3.0,36.484,76604
12811,Motorcycle,Lane 1,2757.677,-11.005,40.05,76618
12813,Motorcycle,Lane 1,2758.001,-4.825,36.613,76627
12830,Car,Lane 1,2759.945,-1.704,36.194,76681
12831,Car,Lane 1,2759.981,-1.773,35.66,76682
12828,Car,Lane 1,2760.521,7.209,32.635,76697
12844,Motorcycle,Lane 1,2766.388,-2.58,36.953,76860
12845,Motorcycle,Lane 1,2766.46,-3.152,36.798,76862
12847,Motorcycle,Lane 1,2766.856,-2.988,37.045,76873
12852,Car,Lane 1,2770.023,1.757,35.147,76961
12854,Bus,Lane 1,2773.01,-5.854,37.123,77044
12863,Three-Wheeler,Lane 1,2776.502,7.933,32.731,77141
12867,Three-Wheeler,Lane 2,2776.969,10.093,32.007,77154
12871,Light Goods Vehicle,Lane 1,2777.005,-0.242,35.593,77155
12868,Three-Wheeler,Lane 1,2777.041,-0.289,35.878,77156
12882,Three-Wheeler,Lane 2,2778.121,10.614,81.86,77186
12891,Motorcycle,Lane 1,2779.921,1.801,35.137,77236
12898,Light Goods Vehicle,Lane 2,2785.14,12.878,31.399,77381
12900,Bus,Lane 2,2785.14,12.779,31.174,77381
12929,Motorcycle,Lane 1,2790.251,-1.882,36.234,77523
12925,Three-Wheeler,Lane 1,2790.503,-3.564,36.332,77530
12939,Motorcycle,Lane 1,2790.647,-2.418,36.354,77534
12945,Light Goods Vehicle,Lane 1,2795.074,-3.089,36.504,77657
12948,Three-Wheeler,Lane 1,2795.182,-3.224,36.534,77660
12954,Car,Lane 1,2797.269,-1.421,35.582,77718
12974,Van,Lane 1,2826.567,0.674,35.388,78532
12980,Car,Lane 1,2827.431,0.019,35.809,78556
12976,Car,Lane 1,2828.403,-2.775,36.434,78583
12987,Light Goods Vehicle,Lane 1,2828.403,-2.671,36.133,78583
12996,Light Goods Vehicle,Lane 1,2830.382,-8.959,38.684,78638
12999,Light Goods Vehicle,Lane 1,2831.57,-1.509,35.601,78671
13004,Light Goods Vehicle,Lane 1,2831.57,-1.606,35.896,78671
13005,Motorcycle,Lane 1,2831.57,2.819,34.642,78671
13002,Motorcycle,Lane 1,2832.29,1.686,35.712,78691
13014,Bus,Lane 1,2832.542,-10.277,38.399,78698
13009,Motorcycle,Lane 1,2833.046,2.435,34.727,78712
13019,Light Goods Vehicle,Lane 1,2833.766,-3.923,36.412,78732
13054,Motorcycle,Lane 1,2841.9,1.244,35.535,78958
13071,Motorcycle,Lane 1,2842.044,1.749,34.879,78962
13072,Motorcycle,Lane 1,2842.26,1.492,34.936,78968
13096,Motorcycle,Lane 1,2847.443,-5.042,37.508,79112
13097,Motorcycle,Lane 1,2847.659,-4.238,36.483,79118
13099,Motorcycle,Lane 1,2847.839,-3.967,36.982,79123
13089,Car,Lane 1,2849.458,1.233,34.993,79168
13114,Car,Lane 1,2853.274,8.175,32.678,79274
13116,Light Goods Vehicle,Lane 1,2854.569,1.362,34.965,79310
13115,Car,Lane 1,2854.641,1.448,34.946,79312
13120,Van,Lane 1,2855.973,-2.418,36.354,79349
13122,Three-Wheeler,Lane 1,2857.521,7.37,32.6,79392
13127,Car,Lane 1,2858.061,-3.539,36.605,79407
13132,Three-Wheeler,Lane 2,2860.868,10.37,31.946,79485
13151,Three-Wheeler,Lane 1,2861.156,8.217,32.416,79493
13210,Car,Lane 1,2862.812,7.278,33.131,79539
13161,Three-Wheeler,Lane 2,2863.136,10.291,31.963,79548
13196,Motorcycle,Lane 1,2863.999,-5.397,37.02,79572
13226,Car,Lane 1,2864.143,7.209,32.635,79576
13178,Bus,Lane 2,2864.503,10.3,32.213,79586
13216,Bus,Lane 2,2865.403,10.124,31.751,79611
13211,Light Goods Vehicle,Lane 1,2865.511,-4.418,36.523,79614
13220,Light Goods Vehicle,Lane 1,2865.547,-4.464,36.533,79615
13270,Three-Wheeler,Lane 2,2867.671,10.18,32.239,79674
13287,Motorcycle,Lane 1,2869.506,-5.289,37.279,79725
13302,Car,Lane 1,2871.018,7.811,32.758,79767
13323,Three-Wheeler,Lane 2,2872.494,10.409,31.938,79808
13308,Bus,Lane 2,2876.345,11.741,29.277,79915
13380,Bus,Lane 1,2876.669,-3.341,36.283,79924
13331,Three-Wheeler,Lane 1,2876.705,7.284,32.873,79925
13360,Three-Wheeler,Lane 1,2876.705,-3.332,36.839,79925
13349,Bus,Lane 2,2876.885,11.982,31.595,79930
13384,Three-Wheeler,Lane 1,2878.289,-4.285,37.053,79969
13364,Three-Wheeler,Lane 1,2878.648,8.417,32.625,79979
13399,Three-Wheeler,Lane 1,2879.44,6.999,32.936,80001
13394,Car,Lane 1,2881.708,7.08,32.918,80064
13400,Car,Lane 2,2882.932,10.021,32.274,80098
13446,Three-Wheeler,Lane 1,2889.806,-0.465,35.917,80289
13448,Three-Wheeler,Lane 1,2889.842,-0.545,35.388,80290
13454,Light Goods Vehicle,Lane 1,2890.202,-4.08,36.726,80300
13458,Motorcycle,Lane 1,2893.621,-0.641,35.956,80395
13467,Motorcycle,Lane 1,2893.657,-1.07,35.504,80396
13471,Motorcycle,Lane 1,2895.205,-0.601,36.225,80439
13469,Motorcycle,Lane 1,2895.385,0.24,37.174,80444
13477,Motorcycle,Lane 1,2895.781,-0.774,35.986,80455
13483,Van,Lane 1,2899.308,-2.093,36.005,80553
13484,Motorcycle,Lane 1,2901.036,-0.38,36.176,80601
13496,Motorcycle,Lane 1,2901.612,-0.818,35.996,80617
13495,Motorcycle,Lane 1,2901.792,-3.609,36.342,80622
13500,Motorcycle,Lane 1,2901.792,-2.277,37.17,80622
13513,Car,Lane 1,2902.224,0.855,35.898,80634
13494,Car,Lane 1,2902.619,-0.023,35.272,80645
13486,Bus,Lane 2,2905.967,12.411,31.501,80738
13521,Car,Lane 1,2913.813,-12.135,40.309,80956
13524,Light Goods Vehicle,Lane 1,2914.821,-3.52,36.322,80984
13523,Three-Wheeler,Lane 1,2914.857,-3.475,36.312,80985
13519,Car,Lane 1,2916.117,8.216,32.669,81020
13525,Car,Lane 1,2916.549,-1.253,35.818,81032
13526,Three-Wheeler,Lane 1,2918.6,8.177,32.424,81089
13527,Van,Lane 1,2920.004,-1.993,35.709,81128
13547,Three-Wheeler,Lane 2,2930.55,10.625,31.396,81421
13586,Three-Wheeler,Lane 1,2937.172,8.498,32.354,81605
13597,Light Goods Vehicle,Lane 1,2941.024,-3.089,36.504,81712
13606,Three-Wheeler,Lane 1,2941.06,-3.0,36.484,81713
13610,Motorcycle,Lane 1,2942.787,-4.126,36.736,81761
13609,Motorcycle,Lane 1,2942.967,-3.744,36.372,81766
13611,Motorcycle,Lane 1,2943.147,-3.224,36.534,81771
13622,Light Goods Vehicle,Lane 1,2944.371,2.361,35.013,81805
13628,Three-Wheeler,Lane 1,2944.371,2.296,34.491,81805
13631,Car,Lane 1,2945.955,-1.949,35.699,81849
13637,Car,Lane 1,2946.026,-2.093,36.005,81851
13649,Three-Wheeler,Lane 1,2952.181,1.448,34.946,82022
13662,Car,Lane 1,2952.181,1.801,35.137,82022
13655,Three-Wheeler,Lane 1,2952.217,1.664,34.898,82023
13670,Motorcycle,Lane 1,2956.104,1.664,34.898,82131
13672,Motorcycle,Lane 1,2956.824,1.195,35.272,82151
13678,Motorcycle,Lane 1,2957.112,1.368,35.234,82159
13701,Three-Wheeler,Lane 1,2959.056,-2.938,36.193,82213
13711,Light Goods Vehicle,Lane 1,2959.092,-2.955,36.474,82214
13720,Car,Lane 1,2963.879,0.195,35.495,82347
13719,Light Goods Vehicle,Lane 1,2964.095,0.107,35.515,82353
13722,Van,Lane 1,2965.247,-2.537,36.104,82385
13742,Three-Wheeler,Lane 2,2971.185,10.34,32.204,82550
13752,Bus,Lane 1,2975.001,-4.283,36.493,82656
13763,Three-Wheeler,Lane 1,2975.036,-4.238,36.483,82657
13761,Three-Wheeler,Lane 2,2975.72,11.904,31.612,82676
13770,Car,Lane 1,2979.14,2.093,34.803,82771
13777,Light Goods Vehicle,Lane 1,2979.644,-2.182,36.025,82785
13787,Car,Lane 1,2979.644,-2.182,36.025,82785
13806,Three-Wheeler,Lane 2,2981.731,10.053,32.015,82843
13798,Car,Lane 1,2981.983,7.29,32.618,82850
13837,Bus,Lane 1,2983.243,8.941,32.51,82885
13834,Motorcycle,Lane 1,2983.711,-4.806,36.888,82898
13836,Van,Lane 1,2984.179,7.406,32.847,82911
13848,Car,Lane 1,2984.215,7.649,32.793,82912
13847,Bus,Lane 1,2985.006,7.532,32.565,82934
13818,Three-Wheeler,Lane 2,2985.474,10.646,31.886,82947
13865,Three-Wheeler,Lane 1,2987.454,7.774,32.512,83002
13873,Three-Wheeler,Lane 1,2990.189,7.839,30.556,83078
13830,Bus,Lane 1,2990.405,7.771,32.767,83084
13933,Car,Lane 1,2991.809,7.376,32.347,83123
13952,Car,Lane 1,2992.925,7.249,32.627,83154
13885,Three-Wheeler,Lane 2,2993.141,10.646,31.886,83160
13981,Motorcycle,Lane 1,2996.02,-3.9,36.685,83240
13975,Motorcycle,Lane 1,2996.056,-3.072,36.223,83241
13979,Motorcycle,Lane 1,2996.056,-0.779,36.265,83241
13968,Car,Lane 1,2996.344,7.73,32.776,83249
13992,Motorcycle,Lane 1,2998.0,0.723,35.928,83295
14001,Motorcycle,Lane 1,2998.072,1.147,35.012,83297
13971,Car,Lane 1,2998.252,8.175,32.678,83302
13988,Three-Wheeler,Lane 2,3000.627,10.291,31.963,83368
14023,Car,Lane 2,3000.807,9.822,32.318,83373
14003,Three-Wheeler,Lane 1,3002.103,7.365,32.855,83409
14028,Three-Wheeler,Lane 2,3004.442,10.132,31.998,83474
14031,Car,Lane 1,3005.99,7.284,32.873,83517
14055,Car,Lane 1,3006.314,-2.404,36.074,83526
14049,Car,Lane 2,3006.71,9.901,32.3,83537
14064,Car,Lane 1,3008.726,7.243,32.882,83593
14078,Three-Wheeler,Lane 2,3010.993,9.462,32.396,83656
14121,Car,Lane 1,3013.657,-2.005,37.108,83730
14103,Car,Lane 1,3013.692,8.697,32.06,83731
14136,Three-Wheeler,Lane 2,3015.6,10.567,31.903,83784
14148,Three-Wheeler,Lane 2,3018.803,11.277,31.748,83873
14141,Three-Wheeler,Lane 2,3019.487,9.098,32.223,83892
14150,Three-Wheeler,Lane 1,3021.683,7.087,32.662,83953
14010,Light Goods Vehicle,Lane 1,3021.899,-6.911,37.359,83959
14217,Car,Lane 1,3039.751,-1.253,35.818,84455
14225,Three-Wheeler,Lane 1,3040.543,-5.006,36.653,84477
14246,Van,Lane 1,3043.674,-2.226,36.034,84564
14245,Van,Lane 1,3043.89,-2.271,36.044,84570
14241,Car,Lane 1,3043.962,-2.462,36.364,84572
14247,Light Goods Vehicle,Lane 1,3044.898,1.541,35.195,84598
14254,Three-Wheeler,Lane 1,3045.114,1.757,35.147,84604
14252,Car,Lane 1,3046.05,-1.421,35.582,84630
14273,Three-Wheeler,Lane 1,3048.641,7.734,32.521,84702
14256,Car,Lane 1,3048.677,7.451,32.583,84703
14272,Bus,Lane 1,3049.577,-5.187,36.694,84728
14271,Three-Wheeler,Lane 1,3049.721,-4.96,36.643,84732
14277,Motorcycle,Lane 1,3050.729,0.596,36.519,84760
14283,Motorcycle,Lane 1,3051.557,1.405,34.955,84783
14294,Motorcycle,Lane 1,3051.665,1.455,35.214,84786
14299,Van,Lane 1,3054.58,-2.182,36.025,84867
14300,Van,Lane 1,3055.696,-0.995,36.036,84898
14305,Car,Lane 1,3055.768,-1.421,35.582,84900
14320,Motorcycle,Lane 1,3057.999,-11.483,38.962,84962
14318,Three-Wheeler,Lane 1,3058.827,-5.595,36.785,84985
14327,Car,Lane 1,3059.043,-1.083,36.055,84991
14312,Car,Lane 1,3059.079,-1.114,35.514,84992
14334,Three-Wheeler,Lane 2,3072.612,10.419,32.187,85368
14349,Light Goods Vehicle,Lane 2,3075.888,10.765,31.86,85459
14355,Car,Lane 1,3077.147,2.093,34.803,85494
14363,Car,Lane 1,3079.055,-3.879,36.402,85547
14361,Light Goods Vehicle,Lane 1,3079.127,-4.058,36.442,85549
14376,Car,Lane 1,3079.415,1.878,34.85,85557
14365,Car,Lane 1,3079.523,1.801,35.137,85560
14386,Three-Wheeler,Lane 2,3079.631,9.901,32.3,85563
14395,Three-Wheeler,Lane 1,3084.346,2.135,34.793,85694
14414,Three-Wheeler,Lane 1,3084.49,-1.282,35.281,85698
14380,Van,Lane 1,3084.994,-2.082,35.728,85712
14431,Motorcycle,Lane 1,3091.724,-5.06,37.227,85899
14443,Motorcycle,Lane 1,3093.524,-3.809,36.665,85949
14441,Motorcycle,Lane 1,3093.56,-4.649,37.135,85950
14455,Car,Lane 1,3095.072,0.755,34.831,85992
14457,Van,Lane 1,3097.483,-2.082,35.728,86059
14487,Van,Lane 1,3103.278,-2.17,35.748,86220
14478,Van,Lane 1,3103.674,-5.096,36.674,86231
14467,Car,Lane 1,3103.926,7.128,32.653,86238
14393,Car,Lane 1,3104.25,-2.449,36.084,86247
14513,Car,Lane 1,3109.001,7.852,32.749,86379
14538,Van,Lane 1,3109.001,7.811,32.758,86379
14531,Three-Wheeler,Lane 2,3110.189,11.943,31.603,86412
14555,Van,Lane 1,3110.8,-2.36,36.064,86429
14537,Three-Wheeler,Lane 1,3110.98,7.37,32.6,86434
14553,Car,Lane 1,3111.196,7.568,32.811,86440
14564,Three-Wheeler,Lane 2,3111.448,10.132,31.998,86447
14549,Three-Wheeler,Lane 1,3112.528,8.579,32.59,86477
14556,Three-Wheeler,Lane 1,3113.536,7.202,32.891,86505
14590,Motorcycle,Lane 1,3113.572,-4.969,37.207,86506
14577,Motorcycle,Lane 1,3113.608,-4.373,36.513,86507
14557,Van,Lane 1,3113.716,1.714,35.157,86510
14573,Three-Wheeler,Lane 2,3113.86,9.382,32.414,86514
14595,Motorcycle,Lane 1,3115.515,1.498,35.205,86560
14554,Three-Wheeler,Lane 1,3116.127,7.933,32.731,86577
14606,Three-Wheeler,Lane 1,3116.271,1.835,34.86,86581
14623,Car,Lane 1,3118.359,7.324,32.864,86639
14668,Van,Lane 1,3118.647,-5.323,36.724,86647
14656,Bus,Lane 1,3120.482,8.74,32.554,86698
14665,Car,Lane 1,3120.626,-2.76,36.153,86702
14694,Bus,Lane 2,3121.022,9.174,31.957,86713
14630,Bus,Lane 2,3121.382,13.884,31.18,86723
14699,Three-Wheeler,Lane 2,3124.154,9.735,32.084,86800
14703,Three-Wheeler,Lane 1,3124.622,6.925,32.697,86813
14714,Car,Lane 1,3125.845,8.296,32.652,86847
14757,Motorcycle,Lane 1,3129.696,-2.226,36.034,86954
14793,Van,Lane 1,3141.61,-2.521,36.657,87285
14823,Motorcycle,Lane 1,3145.389,0.544,35.417,87390
14831,Motorcycle,Lane 1,3145.497,-0.073,36.67,87393
14801,Car,Lane 1,3145.569,8.175,32.678,87395
14820,Light Goods Vehicle,Lane 1,3145.785,-5.473,37.32,87401
14845,Bus,Lane 1,3148.449,7.973,32.722,87475
14859,Motorcycle,Lane 1,3150.896,-2.836,36.728,87543
14878,Motorcycle,Lane 1,3153.74,0.105,36.916,87622
14872,Light Goods Vehicle,Lane 1,3153.883,7.168,32.644,87626
14890,Motorcycle,Lane 1,3154.135,0.587,35.408,87633
14875,Bus,Lane 1,3156.403,-8.161,37.639,87696
14779,Light Goods Vehicle,Lane 2,3162.018,14.375,31.321,87852
14918,Van,Lane 1,3166.013,-1.209,35.808,87963
14935,Car,Lane 1,3167.057,-8.347,37.68,87992
14939,Light Goods Vehicle,Lane 1,3167.777,-3.789,36.382,88012
14940,Car,Lane 1,3167.921,-3.674,36.635,88016
14942,Three-Wheeler,Lane 1,3173.715,7.446,32.838,88177
14949,Light Goods Vehicle,Lane 1,3176.775,7.617,32.295,88262
14960,Three-Wheeler,Lane 1,3176.775,7.572,32.556,88262
14956,Three-Wheeler,Lane 1,3176.811,-2.671,36.133,88263
14954,Three-Wheeler,Lane 1,3176.847,-2.671,36.133,88264
14981,Motorcycle,Lane 1,3183.253,-0.458,35.368,88442
14980,Motorcycle,Lane 1,3183.901,-0.641,35.956,88460
14995,Three-Wheeler,Lane 1,3184.369,-4.352,36.787,88473
14976,Light Goods Vehicle,Lane 1,3184.405,-4.238,36.483,88474
14999,Motorcycle,Lane 1,3187.069,-2.838,37.586,88548
15006,Motorcycle,Lane 1,3187.609,-2.239,36.314,88563
14970,Bus,Lane 2,3190.488,14.171,31.616,88643
15082,Motorcycle,Lane 1,3206.793,-1.026,35.494,89096
15080,Motorcycle,Lane 1,3207.044,-0.153,35.301,89103
15100,Car,Lane 1,3212.659,-9.775,39.165,89259
15101,Car,Lane 1,3213.595,-1.949,35.699,89285
15102,Car,Lane 1,3213.595,-1.905,35.689,89285
15131,Car,Lane 1,3224.177,6.795,32.98,89579
15148,Light Goods Vehicle,Lane 1,3224.537,-3.269,36.544,89589
15152,Light Goods Vehicle,Lane 1,3224.573,-3.134,36.514,89590
15145,Car,Lane 1,3224.753,2.221,34.774,89595
15133,Car,Lane 2,3225.005,9.775,32.076,89602
15170,Car,Lane 1,3227.2,1.792,34.869,89663
15200,Car,Lane 1,3227.704,7.649,32.793,89677
15239,Car,Lane 1,3228.856,7.162,32.9,89709
15191,Three-Wheeler,Lane 2,3228.892,10.061,32.265,89710
15208,Car,Lane 1,3228.892,-4.148,36.462,89710
15209,Three-Wheeler,Lane 1,3228.964,-4.013,36.432,89712
15226,Three-Wheeler,Lane 2,3230.332,9.497,32.137,89750
15165,Car,Lane 1,3231.483,7.487,32.829,89782
15264,Car,Lane 1,3231.555,7.446,32.838,89784
15246,Car,Lane 1,3233.211,8.818,32.284,89830
15288,Car,Lane 1,3235.155,7.365,32.855,89884
15326,Motorcycle,Lane 1,3237.962,1.061,35.032,89962
15335,Three-Wheeler,Lane 2,3238.286,10.459,32.178,89971
15365,Car,Lane 1,3238.502,7.446,32.838,89977
15327,Car,Lane 1,3240.949,7.487,32.829,90045
15333,Three-Wheeler,Lane 2,3242.857,11.001,31.809,90098
15395,Car,Lane 1,3243.901,6.999,32.936,90127
15379,Van,Lane 2,3244.909,10.409,31.938,90155
15425,Van,Lane 2,3245.125,10.488,31.92,90161
15432,Car,Lane 2,3245.593,10.675,31.631,90174
15428,Three-Wheeler,Lane 1,3246.132,7.697,32.278,90189
15443,Car,Lane 1,3247.752,-8.161,37.639,90234
15431,Car,Lane 2,3248.148,10.883,31.834,90245
15447,Light Goods Vehicle,Lane 1,3248.184,-3.028,36.213,90246
15454,Car,Lane 1,3248.292,-3.251,36.263,90249
15458,Car,Lane 1,3248.364,-3.098,39.759,90251
15429,Car,Lane 1,3248.58,7.249,32.627,90257
15434,Car,Lane 1,3248.76,1.835,34.86,90262
15446,Car,Lane 1,3249.588,-1.202,35.533,90285
15445,Car,Lane 1,3251.459,7.365,32.855,90337
15469,Three-Wheeler,Lane 1,3253.439,7.811,32.758,90392
15488,Three-Wheeler,Lane 1,3256.102,1.621,34.907,90466
15489,Three-Wheeler,Lane 1,3256.534,-2.894,36.183,90478
15579,Motorcycle,Lane 1,3261.213,-3.332,36.839,90608
15580,Motorcycle,Lane 1,3261.573,-2.341,36.616,90618
15585,Car,Lane 1,3264.813,-1.518,35.877,90708
15600,Three-Wheeler,Lane 2,3265.568,9.662,32.353,90729
15617,Light Goods Vehicle,Lane 1,3281.801,2.135,34.793,91180
15615,Bus,Lane 1,3281.945,1.405,34.955,91184
15633,Bus,Lane 1,3294.686,-9.625,38.836,91538
15627,Light Goods Vehicle,Lane 2,3294.722,10.34,32.204,91539
15639,Bus,Lane 1,3295.226,-2.881,36.738,91553
15635,Light Goods Vehicle,Lane 1,3295.298,-2.76,36.153,91555
15629,Light Goods Vehicle,Lane 1,3296.018,1.664,34.898,91575
15628,Three-Wheeler,Lane 1,3296.054,1.749,34.879,91576
15642,Van,Lane 1,3297.494,-1.527,36.155,91616
15666,Bus,Lane 1,3300.625,-4.149,38.178,91703
15656,Three-Wheeler,Lane 1,3301.309,-2.36,36.064,91722
15665,Car,Lane 1,3302.461,-2.938,36.193,91754
15662,Light Goods Vehicle,Lane 1,3302.569,-2.671,36.133,91757
15668,Motorcycle,Lane 1,3303.9,-4.669,36.858,91794
15680,Motorcycle,Lane 1,3304.188,-4.715,36.868,91802
15669,Motorcycle,Lane 1,3304.224,-4.239,37.043,91803
15688,Motorcycle,Lane 1,3307.284,-2.775,36.434,91888
15689,Motorcycle,Lane 1,3308.148,-2.686,36.414,91912
15687,Motorcycle,Lane 1,3308.22,-2.641,36.404,91914
15693,Car,Lane 1,3309.047,1.707,34.888,91937
15703,Light Goods Vehicle,Lane 1,3310.811,-5.096,36.674,91986
15702,Three-Wheeler,Lane 1,3311.495,-5.17,36.969,92005
15721,Car,Lane 1,3312.395,-14.657,39.383,92030
15711,Light Goods Vehicle,Lane 1,3314.482,-3.52,36.322,92088
15713,Car,Lane 1,3314.482,-3.52,36.322,92088
15724,Car,Lane 1,3316.282,-5.732,36.815,92138
15746,Light Goods Vehicle,Lane 1,3317.326,1.061,35.032,92167
15751,Three-Wheeler,Lane 1,3317.362,0.845,35.08,92168
15752,Light Goods Vehicle,Lane 2,3317.578,10.22,32.23,92174
15755,Car,Lane 2,3317.578,10.18,32.239,92174
15772,Light Goods Vehicle,Lane 1,3320.925,-4.261,36.766,92267
15773,Three-Wheeler,Lane 1,3321.069,-4.216,36.756,92271
15775,Three-Wheeler,Lane 1,3321.501,1.498,35.205,92283
15807,Light Goods Vehicle,Lane 1,3325.82,-5.006,36.653,92403
15805,Light Goods Vehicle,Lane 1,3325.856,-4.896,36.908,92404
15816,Motorcycle,Lane 1,3327.476,3.33,34.528,92449
15817,Motorcycle,Lane 1,3328.015,2.403,35.003,92464
15837,Three-Wheeler,Lane 1,3333.666,-4.689,36.583,92621
15849,Light Goods Vehicle,Lane 1,3333.666,-4.644,36.573,92621
15882,Car,Lane 1,3341.297,-3.078,37.065,92833
15873,Car,Lane 1,3342.484,-1.773,35.66,92866
15890,Car,Lane 1,3342.7,7.855,32.495,92872
15895,Three-Wheeler,Lane 2,3346.228,10.703,31.379,92970
15903,Light Goods Vehicle,Lane 2,3346.768,10.648,27.759,92985
15947,Car,Lane 1,3350.547,-4.689,36.583,93090
15966,Light Goods Vehicle,Lane 1,3352.31,-4.896,36.908,93139
15968,Light Goods Vehicle,Lane 1,3352.526,-5.278,36.714,93145
16002,Car,Lane 1,3354.218,0.195,34.955,93192
16045,Three-Wheeler,Lane 2,3356.774,10.765,31.86,93263
16063,Car,Lane 2,3357.925,9.65,31.854,93295
16024,Light Goods Vehicle,Lane 2,3358.069,9.696,32.093,93299
16019,Car,Lane 1,3358.357,7.006,32.68,93307
16033,Motorcycle,Lane 1,3358.609,-4.261,36.766,93314
16039,Motorcycle,Lane 1,3358.645,-3.0,36.484,93315
16068,Three-Wheeler,Lane 1,3360.949,7.29,32.618,93379
16077,Van,Lane 1,3361.309,-1.793,36.214,93389
16113,Car,Lane 1,3361.309,-1.993,35.709,93389
16084,Three-Wheeler,Lane 1,3363.324,-6.187,36.917,93445
16118,Car,Lane 1,3363.36,-5.959,36.866,93446
16134,Three-Wheeler,Lane 1,3371.71,7.609,32.802,93678
16131,Light Goods Vehicle,Lane 1,3371.746,7.649,32.793,93679
16133,Car,Lane 2,3374.338,9.702,32.344,93751
16136,Bus,Lane 2,3374.338,9.702,32.344,93751
16146,Bus,Lane 2,3374.374,9.702,32.344,93752
16168,Car,Lane 1,3380.745,7.933,32.731,93929
16197,Motorcycle,Lane 1,3384.812,-3.449,36.585,94042
16206,Motorcycle,Lane 1,3384.812,-4.08,36.726,94042
16219,Three-Wheeler,Lane 1,3390.319,-3.564,36.332,94195
16231,Light Goods Vehicle,Lane 1,3390.319,-3.609,36.342,94195
16232,Car,Lane 1,3391.758,-10.487,39.031,94235
16237,Light Goods Vehicle,Lane 1,3392.226,-4.579,36.837,94248
16239,Motorcycle,Lane 1,3392.766,0.986,35.869,94263
16233,Motorcycle,Lane 1,3392.874,1.455,35.214,94266
16248,Motorcycle,Lane 1,3393.198,1.792,34.869,94275
16257,Motorcycle,Lane 1,3393.198,1.492,34.936,94275
16271,Motorcycle,Lane 1,3394.278,-1.357,36.395,94305
16273,Three-Wheeler,Lane 1,3395.502,-3.539,36.605,94339
16279,Three-Wheeler,Lane 2,3408.783,11.198,31.766,94708
16297,Three-Wheeler,Lane 1,3414.65,-2.983,36.203,94871
16293,Three-Wheeler,Lane 1,3414.686,-2.865,36.454,94872
16311,Van,Lane 1,3415.693,-0.851,35.456,94900
16305,Van,Lane 1,3415.765,-0.945,35.749,94902
16315,Van,Lane 1,3417.817,-1.606,35.896,94959
16338,Motorcycle,Lane 1,3421.884,-2.141,37.139,95072
16342,Motorcycle,Lane 1,3422.748,-2.865,36.454,95096
16341,Motorcycle,Lane 1,3422.892,-2.252,36.596,95100
16366,Car,Lane 2,3434.841,10.675,31.631,95432
16362,Bus,Lane 2,3435.237,10.675,31.631,95443
16375,Motorcycle,Lane 1,3436.029,0.542,35.147,95465
16398,Light Goods Vehicle,Lane 1,3445.387,-4.599,36.563,95725
16405,Motorcycle,Lane 1,3449.382,2.328,35.292,95836
16406,Motorcycle,Lane 1,3450.102,-2.36,36.064,95856
16419,Motorcycle,Lane 1,3450.138,-0.851,35.456,95857
16439,Motorcycle,Lane 1,3451.182,-2.82,36.444,95886
16434,Motorcycle,Lane 1,3451.218,-3.251,36.263,95887
16428,Motorcycle,Lane 1,3451.326,-1.96,35.975,95890
16448,Motorcycle,Lane 1,3452.01,-3.945,36.695,95909
16421,Car,Lane 2,3453.629,11.394,31.723,95954
16452,Car,Lane 1,3455.861,-3.564,36.332,96016
16468,Three-Wheeler,Lane 1,3457.265,1.578,34.917,96055
16462,Three-Wheeler,Lane 1,3457.301,1.461,35.486,96056
16481,Motorcycle,Lane 1,3459.1,-4.148,36.462,96106
16482,Motorcycle,Lane 1,3459.928,-2.641,36.404,96129
16477,Three-Wheeler,Lane 1,3460.072,-2.849,36.173,96133
16476,Three-Wheeler,Lane 2,3462.232,9.502,32.388,96193
16501,Three-Wheeler,Lane 2,3464.391,12.255,31.535,96253
16499,Van,Lane 1,3465.255,-2.493,36.094,96277
16520,Motorcycle,Lane 1,3465.795,-6.511,38.129,96292
16516,Motorcycle,Lane 1,3465.903,-4.78,36.603,96295
16519,Motorcycle,Lane 1,3466.047,-4.695,37.145,96299
16524,Motorcycle,Lane 1,3466.119,-4.832,37.176,96301
16506,Car,Lane 2,3466.911,9.934,32.041,96323
16492,Light Goods Vehicle,Lane 2,3466.947,9.941,32.291,96324
16533,Van,Lane 1,3468.746,1.878,34.85,96374
16537,Three-Wheeler,Lane 1,3470.69,7.006,32.68,96428
16545,Three-Wheeler,Lane 1,3475.261,8.981,32.502,96555
16612,Light Goods Vehicle,Lane 1,3476.665,-11.951,39.661,96594
16616,Three-Wheeler,Lane 1,3477.349,-4.352,36.787,96613
16634,Light Goods Vehicle,Lane 1,3477.349,-4.238,36.483,96613
16578,Three-Wheeler,Lane 2,3477.673,10.607,31.894,96622
16601,Bus,Lane 1,3478.464,7.121,32.909,96644
16641,Bus,Lane 1,3478.788,-10.835,39.407,96653
16642,Three-Wheeler,Lane 1,3479.4,-3.699,36.362,96670
16643,Bus,Lane 1,3479.4,-3.604,36.9,96670
16654,Car,Lane 1,3480.732,6.999,32.936,96707
16652,Car,Lane 1,3481.38,-1.474,35.867,96725
16653,Three-Wheeler,Lane 2,3481.74,9.622,32.361,96735
16681,Motorcycle,Lane 1,3482.028,-3.715,37.209,96743
16683,Motorcycle,Lane 1,3482.172,-3.351,37.127,96747
16678,Motorcycle,Lane 1,3482.316,-4.4,37.364,96751
16702,Car,Lane 1,3484.367,7.416,32.339,96808
16714,Three-Wheeler,Lane 1,3486.347,7.121,32.909,96863
16728,Three-Wheeler,Lane 2,3488.29,10.753,31.614,96917
16715,Car,Lane 1,3488.578,8.216,32.669,96925
16741,Three-Wheeler,Lane 1,3491.242,8.498,32.607,96999
16742,Bus,Lane 2,3493.869,12.839,31.408,97072
16750,Car,Lane 1,3494.517,7.734,32.521,97090
16767,Light Goods Vehicle,Lane 1,3496.245,-10.995,40.978,97138
16763,Three-Wheeler,Lane 1,3496.317,7.162,32.9,97140
16768,Three-Wheeler,Lane 1,3496.749,-2.182,36.025,97152
16754,Car,Lane 1,3497.54,8.74,32.554,97174
16787,Motorcycle,Lane 1,3499.052,-4.194,37.033,97216
16785,Motorcycle,Lane 1,3499.124,-4.126,36.736,97218
16769,Three-Wheeler,Lane 1,3499.736,7.406,32.847,97235
16796,Motorcycle,Lane 1,3499.952,-1.571,36.164,97241
16804,Car,Lane 1,3502.543,-6.461,36.978,97313
16808,Motorcycle,Lane 1,3502.723,0.638,36.227,97318
16809,Car,Lane 1,3503.155,-1.714,36.476,97330
16825,Three-Wheeler,Lane 1,3503.227,-2.138,36.015,97332
16821,Car,Lane 1,3504.739,-0.857,35.729,97374
16842,Car,Lane 1,3511.577,0.195,35.495,97564
16843,Car,Lane 1,3512.009,0.151,36.057,97576
16850,Motorcycle,Lane 1,3512.693,-2.016,36.264,97595
16855,Motorcycle,Lane 1,3512.837,-2.105,36.284,97599
16865,Bus,Lane 1,3516.077,-9.631,39.133,97689
16866,Light Goods Vehicle,Lane 1,3516.796,-1.749,36.204,97709
16875,Motorcycle,Lane 1,3517.084,0.064,35.253,97717
16877,Motorcycle,Lane 1,3517.444,1.361,36.918,97727
16880,Motorcycle,Lane 1,3517.696,1.512,35.751,97734
16863,Three-Wheeler,Lane 1,3518.452,8.498,32.607,97755
16885,Bus,Lane 1,3522.159,-11.563,38.688,97858
16918,Motorcycle,Lane 1,3557.432,-1.87,37.078,98838
16932,Three-Wheeler,Lane 1,3561.823,-3.269,36.544,98960
16937,Van,Lane 1,3563.623,-1.827,35.946,99010
16959,Motorcycle,Lane 1,3566.79,-5.17,36.969,99098
16963,Motorcycle,Lane 1,3567.258,-3.385,36.293,99111
16956,Light Goods Vehicle,Lane 1,3568.23,-2.093,36.005,99138
16980,Three-Wheeler,Lane 1,3569.957,-1.827,35.946,99186
16972,Car,Lane 1,3570.065,-2.315,36.054,99189
16974,Car,Lane 1,3570.173,-2.493,36.094,99192
16984,Light Goods Vehicle,Lane 1,3574.852,-10.859,38.821,99322
16986,Light Goods Vehicle,Lane 1,3575.86,-4.599,36.563,99350
16997,Van,Lane 1,3590.617,-2.082,35.728,99760
17004,Light Goods Vehicle,Lane 1,3594.18,-4.554,36.553,99859
17006,Bus,Lane 1,3594.18,-4.554,36.553,99859
17009,Three-Wheeler,Lane 1,3595.188,7.973,32.722,99887
17010,Three-Wheeler,Lane 2,3596.412,9.182,32.458,99921
17015,Light Goods Vehicle,Lane 1,3597.816,-4.734,36.593,99960
17011,Light Goods Vehicle,Lane 1,3597.924,-4.644,36.573,99963
17050,Car,Lane 1,3600.731,7.04,32.927,100041
17037,Car,Lane 1,3602.567,6.917,32.953,100092
17060,Three-Wheeler,Lane 1,3602.567,-1.077,35.778,100092
17073,Light Goods Vehicle,Lane 1,3602.567,6.958,32.945,100092
17054,Car,Lane 1,3602.603,-0.676,35.417,100093
17043,Car,Lane 1,3603.323,8.941,32.51,100113
17102,Bus,Lane 2,3604.366,12.154,22.594,100142
17070,Car,Lane 1,3606.202,7.451,32.583,100193
17140,Three-Wheeler,Lane 1,3609.333,-4.328,36.503,100280
17150,Bus,Lane 1,3609.369,-4.307,36.776,100281
17164,Three-Wheeler,Lane 2,3610.413,9.981,32.283,100310
17166,Heavy Goods Vehicle,Lane 2,3610.701,16.747,30.801,100318
17141,Car,Lane 1,3611.853,7.386,31.849,100350
17157,Three-Wheeler,Lane 2,3613.148,10.084,30.55,100386
17207,Car,Lane 1,3613.292,7.37,32.6,100390
17211,Car,Lane 1,3614.948,7.324,32.864,100436
17202,Bus,Lane 1,3615.056,-3.117,36.233,100439
17196,Bus,Lane 2,3615.2,12.294,31.527,100443
17189,Bus,Lane 2,3615.992,12.839,31.408,100465
17223,Motorcycle,Lane 1,3616.028,-5.261,36.99,100466
17209,Car,Lane 1,3616.532,7.692,35.47,100480
17227,Motorcycle,Lane 1,3616.604,-3.251,36.263,100482
17245,Van,Lane 1,3616.892,8.054,32.705,100490
17220,Three-Wheeler,Lane 1,3617.0,8.298,32.147,100493
17248,Car,Lane 1,3619.051,7.487,32.829,100550
17249,Van,Lane 1,3619.375,-1.685,35.64,100559
17268,Car,Lane 1,3619.411,-2.005,35.985,100560
17263,Car,Lane 1,3621.175,8.014,32.713,100609
17278,Motorcycle,Lane 1,3621.319,-0.066,35.281,100613
17281,Motorcycle,Lane 1,3621.535,-0.289,35.878,100619
17297,Light Goods Vehicle,Lane 1,3621.679,-4.376,37.074,100623
17291,Light Goods Vehicle,Lane 1,3621.715,-4.446,37.374,100624
17312,Three-Wheeler,Lane 1,3623.01,7.933,32.731,100660
17313,Van,Lane 1,3624.702,-2.049,35.995,100707
17305,Car,Lane 1,3624.81,7.202,32.891,100710
17330,Motorcycle,Lane 1,3626.394,-4.194,37.033,100754
17283,Car,Lane 1,3626.718,8.579,32.59,100763
17316,Car,Lane 1,3627.977,7.08,32.918,100798
17355,Three-Wheeler,Lane 1,3629.993,7.568,32.811,100854
17320,Three-Wheeler,Lane 1,3631.325,8.579,32.59,100891
17372,Car,Lane 1,3633.556,-1.905,35.689,100953
17373,Three-Wheeler,Lane 1,3634.564,7.284,32.873,100981
17388,Motorcycle,Lane 1,3635.248,-1.972,37.389,101000
17392,Motorcycle,Lane 1,3635.428,1.835,34.86,101005
17396,Motorcycle,Lane 1,3635.788,-5.142,36.684,101015
17381,Three-Wheeler,Lane 1,3636.292,8.377,32.634,101029
17408,Car,Lane 1,3639.351,7.243,32.882,101114
17434,Three-Wheeler,Lane 2,3640.755,9.571,31.871,101153
17430,Car,Lane 1,3642.59,7.406,32.847,101204
