track_id,vehicle_type,lane,speed_kmh,speed_kmh_mean,num_positions,num_speed_samples
1,Bus,Lane 1,14.51,12.93,332,169
2,Car,Lane 1,53.09,53.92,104,100
3,Car,Lane 1,35.39,34.98,619,356
4,Car,Lane 1,96.67,61.6,178,72
6,Car,Lane 1,11.5,26.35,76,34
8,Car,Lane 2,31.92,36.36,256,223
9,Car,Lane 1,50.81,50.19,174,156
13,Motorcycle,Lane 1,31.95,34.51,32,31
22,Motorcycle,Lane 1,26.76,35.59,73,72
25,Motorcycle,Lane 2,20.58,23.94,36,35
31,Motorcycle,Lane 2,22.56,27.6,70,69
34,Bus,Lane 1,20.48,26.5,54,53
35,Car,Lane 2,21.93,25.65,89,88
36,Car,Lane 1,44.8,32.2,45,19
42,Motorcycle,Lane 1,26.33,29.5,44,42
43,Bus,Lane 2,31.1,35.52,160,149
49,Motorcycle,Lane 1,23.35,26.66,37,36
52,Car,Lane 1,9.7,50.09,46,22
54,Van,Lane 2,7.48,7.51,32,31
55,Car,Lane 1,6.61,26.16,62,40
59,Bus,Lane 2,27.8,31.97,196,190
61,Light Goods Vehicle,Lane 2,30.45,33.16,128,122
64,Bus,Lane 2,10.31,8.36,10438,4052
68,Three-Wheeler,Lane 1,37.44,42.04,198,189
72,Motorcycle,Lane 1,29.59,36.78,48,47
86,Light Goods Vehicle,Lane 2,21.14,23.04,38,37
88,Car,Lane 1,67.63,68.23,150,82
89,Three-Wheeler,Lane 1,59.35,42.87,45,23
90,Car,Lane 1,8.39,36.04,33,12
92,Bus,Lane 2,15.3,19.32,58,57
96,Motorcycle,Lane 1,24.38,27.57,67,65
97,Light Goods Vehicle,Lane 2,10.16,10.11,34,33
101,Bus,Lane 1,15.12,11.44,160,96
102,Car,Lane 1,117.64,70.3,52,15
112,Motorcycle,Lane 1,19.62,22.65,68,66
114,Motorcycle,Lane 1,18.22,22.41,55,54
123,Motorcycle,Lane 1,99.25,110.47,42,22
127,Motorcycle,Lane 1,109.69,110.76,47,25
128,Bus,Lane 1,25.78,39.25,355,294
138,Motorcycle,Lane 1,92.05,98.53,52,41
144,Car,Lane 1,77.13,81.67,115,107
150,Car,Lane 1,84.46,83.33,162,142
152,Car,Lane 1,41.2,42.64,35,34
154,Car,Lane 1,54.84,60.69,212,185
160,Light Goods Vehicle,Lane 1,66.47,61.46,173,134
162,Car,Lane 1,54.52,54.74,67,66
167,Three-Wheeler,Lane 1,30.01,34.76,204,183
174,Car,Lane 1,43.29,46.93,211,193
177,Motorcycle,Lane 2,31.23,34.72,52,50
178,Bus,Lane 1,89.12,65.03,68,46
191,Three-Wheeler,Lane 2,33.52,39.01,111,110
192,Motorcycle,Lane 1,62.48,68.24,77,76
198,Bus,Lane 1,17.39,21.41,52,51
202,Van,Lane 1,15.02,15.73,35,34
205,Motorcycle,Lane 2,26.33,33.12,38,37
210,Motorcycle,Lane 1,85.99,87.9,78,73
212,Car,Lane 1,59.7,58.26,157,151
215,Motorcycle,Lane 1,79.57,85.14,54,44
221,Light Goods Vehicle,Lane 1,14.36,15.39,33,32
224,Three-Wheeler,Lane 2,58.58,50.42,130,69
225,Van,Lane 1,59.87,58.79,196,168
226,Three-Wheeler,Lane 2,25.0,26.96,229,200
227,Motorcycle,Lane 1,42.34,44.6,87,86
228,Motorcycle,Lane 1,47.51,51.33,53,52
232,Motorcycle,Lane 1,6.21,5.97,32,31
234,Motorcycle,Lane 1,79.82,92.96,39,34
236,Motorcycle,Lane 1,80.16,88.37,54,44
237,Van,Lane 2,34.24,36.09,293,241
239,Motorcycle,Lane 1,73.16,88.12,57,53
241,Motorcycle,Lane 1,64.52,69.25,90,89
246,Light Goods Vehicle,Lane 2,9.02,9.36,33,32
248,Van,Lane 2,9.34,9.53,32,31
249,Light Goods Vehicle,Lane 2,11.8,12.54,36,35
251,Van,Lane 2,12.3,12.65,35,34
257,Motorcycle,Lane 1,81.07,92.69,47,36
260,Motorcycle,Lane 1,60.79,60.78,44,43
261,Motorcycle,Lane 1,98.28,105.79,39,34
265,Motorcycle,Lane 1,82.36,87.08,62,60
267,Motorcycle,Lane 1,90.52,94.04,59,42
271,Three-Wheeler,Lane 2,40.63,46.95,239,208
272,Car,Lane 1,69.3,62.26,33,21
273,Light Goods Vehicle,Lane 2,30.71,30.96,156,151
274,Car,Lane 1,45.3,49.47,240,205
275,Three-Wheeler,Lane 1,65.83,77.08,48,44
278,Motorcycle,Lane 1,14.31,14.4,31,30
282,Motorcycle,Lane 1,49.35,48.79,96,94
292,Car,Lane 1,45.76,44.89,92,90
293,Motorcycle,Lane 1,49.03,52.72,59,58
296,Motorcycle,Lane 1,10.46,10.46,31,30
297,Car,Lane 1,46.48,50.83,366,282
298,Motorcycle,Lane 1,71.08,74.15,79,77
300,Motorcycle,Lane 1,69.51,75.06,49,47
308,Car,Lane 1,37.65,36.78,170,166
309,Car,Lane 1,36.81,39.44,121,120
313,Car,Lane 1,59.36,74.32,83,78
314,Light Goods Vehicle,Lane 1,36.65,48.45,626,350
315,Car,Lane 1,60.27,45.23,85,44
319,Three-Wheeler,Lane 1,58.78,59.11,39,6
321,Three-Wheeler,Lane 1,46.54,44.7,213,194
330,Motorcycle,Lane 1,48.25,54.76,51,50
332,Motorcycle,Lane 1,26.78,35.19,105,103
334,Motorcycle,Lane 1,37.04,38.65,74,72
337,Van,Lane 1,63.36,42.04,38,25
338,Van,Lane 1,90.66,56.54,137,46
342,Van,Lane 1,87.23,54.91,698,245
344,Three-Wheeler,Lane 2,24.4,28.52,119,114
345,Motorcycle,Lane 2,24.99,28.67,57,56
351,Motorcycle,Lane 1,55.06,57.57,78,76
352,Van,Lane 1,46.44,44.05,375,224
354,Light Goods Vehicle,Lane 1,63.91,71.01,69,68
357,Car,Lane 1,47.77,48.68,100,98
360,Car,Lane 1,84.16,60.9,69,25
361,Three-Wheeler,Lane 1,112.58,70.88,239,85
367,Motorcycle,Lane 1,27.8,35.6,42,41
372,Motorcycle,Lane 1,27.33,32.0,35,34
373,Motorcycle,Lane 2,36.36,42.38,60,58
379,Motorcycle,Lane 2,26.45,34.45,48,47
380,Motorcycle,Lane 1,26.76,34.38,54,52
381,Motorcycle,Lane 2,31.5,30.71,108,98
384,Motorcycle,Lane 2,28.93,37.53,53,52
390,Motorcycle,Lane 1,32.34,40.27,63,62
392,Motorcycle,Lane 1,19.82,20.64,31,30
393,Motorcycle,Lane 1,14.47,21.88,86,83
397,Car,Lane 1,50.72,51.21,182,167
403,Motorcycle,Lane 1,24.09,26.65,36,35
404,Three-Wheeler,Lane 2,35.41,38.33,251,216
408,Motorcycle,Lane 2,27.05,32.8,48,47
413,Motorcycle,Lane 2,24.61,32.57,68,67
418,Motorcycle,Lane 1,23.84,24.46,74,70
433,Three-Wheeler,Lane 1,81.53,60.91,190,82
434,Car,Lane 1,50.51,53.15,264,211
435,Car,Lane 1,45.74,47.19,204,173
437,Bus,Lane 1,17.88,22.11,50,49
439,Car,Lane 1,83.66,52.07,152,52
442,Bus,Lane 2,18.97,23.12,55,54
444,Light Goods Vehicle,Lane 2,11.34,11.86,36,35
445,Van,Lane 2,14.8,15.43,35,34
452,Light Goods Vehicle,Lane 1,14.36,14.97,33,32
458,Car,Lane 1,82.25,93.98,34,33
459,Light Goods Vehicle,Lane 1,33.87,35.61,31,30
460,Car,Lane 1,62.69,64.61,115,114
463,Van,Lane 1,51.8,62.37,179,169
464,Bus,Lane 1,67.87,70.82,138,137
471,Light Goods Vehicle,Lane 1,10.68,10.68,31,30
472,Motorcycle,Lane 1,32.23,38.81,65,64
473,Van,Lane 1,15.55,16.27,34,33
476,Three-Wheeler,Lane 1,47.54,52.96,187,165
482,Three-Wheeler,Lane 1,86.61,66.26,186,77
483,Three-Wheeler,Lane 2,31.14,37.78,202,179
485,Van,Lane 1,44.71,42.05,323,209
486,Van,Lane 1,64.56,79.26,34,33
488,Motorcycle,Lane 2,27.62,34.07,44,42
489,Three-Wheeler,Lane 1,12.06,11.49,53,52
492,Car,Lane 1,44.22,55.55,90,64
497,Car,Lane 1,33.34,33.98,37,36
498,Three-Wheeler,Lane 1,44.34,50.13,166,149
502,Van,Lane 1,30.82,30.98,1056,633
506,Van,Lane 1,49.1,42.79,33,23
510,Car,Lane 1,26.78,37.05,85,84
512,Light Goods Vehicle,Lane 1,7.51,8.31,56,16
513,Car,Lane 1,19.07,19.56,31,30
515,Car,Lane 2,51.68,38.97,269,145
516,Car,Lane 1,46.91,51.93,214,193
517,Car,Lane 1,39.25,54.06,236,221
518,Car,Lane 1,73.37,82.76,35,34
521,Bus,Lane 1,66.93,70.13,191,181
526,Car,Lane 1,16.24,16.86,32,31
530,Car,Lane 1,27.2,33.85,103,102
531,Car,Lane 2,15.74,20.25,63,62
536,Bus,Lane 1,57.83,52.99,95,91
537,Van,Lane 1,43.54,43.24,31,9
543,Motorcycle,Lane 1,72.31,81.44,48,37
548,Bus,Lane 1,75.26,68.1,121,65
557,Motorcycle,Lane 1,68.3,70.47,100,96
561,Motorcycle,Lane 1,53.36,53.48,69,68
573,Motorcycle,Lane 1,26.54,34.8,51,49
574,Van,Lane 1,12.99,13.08,31,30
577,Van,Lane 1,52.86,62.21,47,46
580,Van,Lane 1,34.5,22.73,33,16
581,Motorcycle,Lane 1,18.45,21.65,38,37
584,Bus,Lane 2,30.47,43.53,411,269
589,Motorcycle,Lane 2,21.13,25.17,50,49
595,Light Goods Vehicle,Lane 1,103.02,114.47,33,21
596,Car,Lane 1,103.47,111.4,33,21
597,Bus,Lane 1,52.85,58.01,97,96
600,Bus,Lane 2,34.7,34.42,69,62
606,Bus,Lane 1,60.86,67.87,161,150
610,Three-Wheeler,Lane 1,38.77,44.71,199,174
611,Van,Lane 1,33.73,38.74,182,167
612,Car,Lane 2,56.58,54.83,142,101
613,Car,Lane 1,8.17,9.95,34,33
615,Light Goods Vehicle,Lane 1,44.94,50.42,92,91
617,Car,Lane 1,50.25,57.58,187,172
619,Three-Wheeler,Lane 1,10.05,9.05,32,31
623,Motorcycle,Lane 1,67.96,83.7,42,20
630,Motorcycle,Lane 1,11.66,13.1,32,31
631,Motorcycle,Lane 1,66.07,75.18,45,44
633,Car,Lane 2,5.33,22.95,107,59
638,Car,Lane 1,23.18,24.07,272,238
640,Car,Lane 1,65.68,56.68,31,24
648,Car,Lane 2,28.76,21.95,632,203
649,Three-Wheeler,Lane 1,36.66,32.39,78,50
651,Car,Lane 2,48.48,65.72,46,14
653,Three-Wheeler,Lane 2,27.37,30.97,189,164
654,Car,Lane 2,82.94,84.69,57,13
656,Light Goods Vehicle,Lane 2,22.2,22.75,73,29
658,Car,Lane 1,86.15,98.98,32,30
659,Light Goods Vehicle,Lane 1,78.43,77.73,128,126
661,Light Goods Vehicle,Lane 1,96.52,99.67,92,80
662,Motorcycle,Lane 1,125.81,130.38,51,23
668,Car,Lane 1,24.53,24.87,205,192
671,Three-Wheeler,Lane 2,18.59,22.95,39,31
672,Three-Wheeler,Lane 2,26.05,31.08,132,124
676,Three-Wheeler,Lane 2,30.85,30.54,245,218
678,Motorcycle,Lane 1,24.54,28.33,74,73
680,Van,Lane 1,10.56,11.01,39,38
681,Car,Lane 1,8.13,8.22,31,30
687,Three-Wheeler,Lane 2,27.16,28.11,134,132
689,Car,Lane 1,64.71,69.17,179,174
691,Car,Lane 1,37.39,40.88,248,216
699,Car,Lane 1,50.34,47.35,37,20
700,Car,Lane 2,17.26,21.13,44,43
702,Light Goods Vehicle,Lane 1,11.59,12.02,39,38
705,Car,Lane 2,8.9,9.08,31,30
706,Light Goods Vehicle,Lane 2,9.81,9.86,31,30
707,Car,Lane 1,45.31,46.53,35,34
708,Car,Lane 1,66.02,67.26,684,279
719,Light Goods Vehicle,Lane 1,34.22,34.82,67,66
724,Light Goods Vehicle,Lane 2,12.66,14.36,712,373
728,Motorcycle,Lane 2,23.36,30.08,61,60
733,Motorcycle,Lane 1,15.02,14.11,32,31
737,Motorcycle,Lane 1,65.02,67.05,75,74
739,Motorcycle,Lane 1,69.63,79.66,51,49
745,Light Goods Vehicle,Lane 2,28.52,23.25,113,9
749,Motorcycle,Lane 1,86.46,91.05,75,72
757,Motorcycle,Lane 1,10.01,9.56,31,30
758,Van,Lane 1,10.16,20.05,37,13
764,Light Goods Vehicle,Lane 1,42.29,44.29,120,119
766,Van,Lane 1,20.01,65.27,59,17
767,Car,Lane 1,29.57,62.67,75,33
773,Three-Wheeler,Lane 1,43.1,45.47,34,33
778,Motorcycle,Lane 1,74.74,78.52,73,71
779,Motorcycle,Lane 1,75.97,81.41,41,40
783,Three-Wheeler,Lane 1,7.62,9.08,32,31
784,Car,Lane 1,68.03,81.4,34,33
785,Car,Lane 1,31.19,43.89,387,315
786,Car,Lane 1,36.53,44.19,189,151
787,Car,Lane 1,63.25,55.86,1210,744
789,Bus,Lane 2,5.33,5.5,104,102
790,Car,Lane 1,9.98,51.02,108,36
792,Motorcycle,Lane 1,60.66,66.07,66,65
797,Motorcycle,Lane 1,58.08,66.53,60,58
800,Motorcycle,Lane 1,54.51,57.87,60,59
809,Car,Lane 1,44.04,44.61,86,80
813,Car,Lane 1,132.24,118.55,34,29
816,Motorcycle,Lane 1,106.14,113.58,41,20
822,Three-Wheeler,Lane 1,28.49,30.04,47,46
826,Car,Lane 1,40.02,42.75,56,55
827,Car,Lane 1,32.76,37.75,237,185
829,Motorcycle,Lane 1,65.44,72.04,76,75
830,Motorcycle,Lane 1,75.1,83.75,53,39
831,Three-Wheeler,Lane 1,65.55,49.28,44,29
840,Car,Lane 1,41.09,52.96,142,117
851,Van,Lane 1,67.86,71.7,344,247
854,Van,Lane 1,101.8,100.48,126,54
855,Car,Lane 1,52.81,53.72,293,226
860,Car,Lane 1,58.52,62.14,35,34
862,Car,Lane 1,54.74,59.3,51,50
864,Light Goods Vehicle,Lane 1,42.38,43.6,45,44
875,Bus,Lane 1,56.04,58.88,37,36
876,Bus,Lane 1,39.56,41.23,117,114
880,Bus,Lane 1,19.51,18.74,104,91
883,Three-Wheeler,Lane 1,95.42,79.94,233,65
884,Van,Lane 1,8.92,54.76,53,18
887,Motorcycle,Lane 1,67.3,67.63,84,83
889,Motorcycle,Lane 1,22.69,23.28,31,30
895,Motorcycle,Lane 1,75.71,88.6,50,44
901,Car,Lane 1,7.22,6.62,48,22
904,Bus,Lane 1,68.15,57.94,82,36
906,Three-Wheeler,Lane 2,42.45,50.98,193,153
913,Three-Wheeler,Lane 2,38.71,43.11,169,145
916,Three-Wheeler,Lane 1,27.35,28.37,31,30
917,Car,Lane 1,53.63,55.68,67,66
919,Bus,Lane 1,35.25,32.8,997,518
920,Bus,Lane 2,28.09,33.45,194,177
934,Car,Lane 1,35.64,35.56,189,173
935,Van,Lane 1,35.26,45.3,50,41
938,Car,Lane 1,41.01,43.75,36,30
940,Car,Lane 1,24.74,25.33,38,37
941,Car,Lane 1,81.11,90.54,45,40
943,Bus,Lane 1,33.29,32.4,226,187
947,Light Goods Vehicle,Lane 1,7.26,6.53,55,18
949,Light Goods Vehicle,Lane 1,42.5,45.15,66,65
953,Car,Lane 1,21.56,24.55,34,33
954,Bus,Lane 1,74.06,59.63,40,15
955,Van,Lane 2,11.97,12.07,31,30
958,Bus,Lane 1,70.77,56.88,31,24
967,Van,Lane 1,37.5,36.44,33,30
973,Car,Lane 1,8.74,57.43,41,13
985,Motorcycle,Lane 1,71.6,81.42,48,46
987,Motorcycle,Lane 1,36.68,41.2,97,96
998,Motorcycle,Lane 1,6.9,8.09,32,31
1001,Van,Lane 1,44.76,32.17,50,17
1004,Van,Lane 1,8.81,50.71,181,51
1005,Motorcycle,Lane 1,46.08,46.53,58,57
1007,Motorcycle,Lane 1,90.96,103.71,31,27
1008,Motorcycle,Lane 1,32.1,33.45,101,99
1023,Motorcycle,Lane 1,32.31,49.81,132,120
1026,Car,Lane 1,7.34,9.67,47,11
1027,Motorcycle,Lane 1,41.4,42.87,44,43
1033,Van,Lane 1,37.66,37.61,344,242
1039,Three-Wheeler,Lane 1,35.06,38.58,62,55
1045,Motorcycle,Lane 1,16.48,21.66,43,42
1048,Light Goods Vehicle,Lane 1,7.22,7.52,43,9
1051,Car,Lane 1,48.99,47.34,177,163
1052,Car,Lane 1,7.22,7.43,85,22
1053,Motorcycle,Lane 2,27.68,35.83,69,68
1065,Three-Wheeler,Lane 1,24.49,27.52,34,32
1071,Motorcycle,Lane 1,30.68,38.34,48,47
1072,Motorcycle,Lane 1,23.17,27.74,99,96
1073,Three-Wheeler,Lane 2,28.64,32.92,196,179
1080,Light Goods Vehicle,Lane 1,7.28,6.28,62,10
1081,Van,Lane 1,5.92,25.76,119,38
1083,Car,Lane 1,29.75,34.07,56,52
1084,Three-Wheeler,Lane 1,38.44,40.93,309,249
1087,Motorcycle,Lane 1,21.41,24.5,39,38
1091,Three-Wheeler,Lane 2,30.13,34.49,190,174
1093,Three-Wheeler,Lane 1,34.7,35.23,114,113
1103,Car,Lane 1,63.96,45.59,51,12
1111,Motorcycle,Lane 2,16.68,18.2,96,92
1112,Van,Lane 1,76.55,60.92,34,8
1117,Motorcycle,Lane 1,23.6,28.04,47,46
1127,Motorcycle,Lane 2,22.3,25.59,44,43
1128,Motorcycle,Lane 1,64.05,67.05,61,59
1132,Car,Lane 1,26.62,28.66,229,186
1143,Light Goods Vehicle,Lane 1,24.84,25.82,147,145
1146,Car,Lane 1,33.88,32.9,230,192
1161,Three-Wheeler,Lane 1,17.33,11.69,31,14
1162,Three-Wheeler,Lane 2,32.41,34.71,183,170
1168,Bus,Lane 1,38.19,41.93,199,173
1169,Van,Lane 1,115.29,84.91,39,13
1172,Three-Wheeler,Lane 1,21.67,21.36,165,162
1173,Bus,Lane 1,22.0,27.04,57,56
1174,Van,Lane 2,14.07,14.8,33,32
1175,Van,Lane 1,36.11,44.53,317,271
1178,Light Goods Vehicle,Lane 1,17.73,49.65,239,150
1182,Light Goods Vehicle,Lane 1,13.56,14.04,33,32
1186,Three-Wheeler,Lane 1,36.53,37.89,198,186
1196,Car,Lane 1,32.91,34.73,123,122
1197,Light Goods Vehicle,Lane 1,14.5,15.3,37,36
1204,Light Goods Vehicle,Lane 1,39.07,39.25,52,51
1206,Van,Lane 1,24.33,25.95,104,100
1212,Motorcycle,Lane 1,16.24,16.48,31,30
1214,Car,Lane 1,27.38,28.87,68,67
1215,Three-Wheeler,Lane 2,27.26,31.62,108,88
1218,Car,Lane 1,4.63,12.71,31,22
1219,Bus,Lane 1,46.77,50.78,224,192
1224,Van,Lane 2,17.41,18.23,31,30
1228,Three-Wheeler,Lane 2,25.24,26.82,171,164
1232,Light Goods Vehicle,Lane 2,54.05,61.71,42,34
1235,Light Goods Vehicle,Lane 1,35.69,37.27,223,182
1236,Light Goods Vehicle,Lane 1,7.26,6.91,72,16
1237,Van,Lane 1,32.27,32.48,142,101
1239,Car,Lane 1,43.51,49.96,180,173
1240,Light Goods Vehicle,Lane 1,50.41,58.52,116,113
1242,Three-Wheeler,Lane 1,39.02,47.5,242,204
1243,Bus,Lane 1,24.45,25.84,36,35
1244,Van,Lane 1,46.49,49.1,82,59
1245,Three-Wheeler,Lane 1,5.08,14.89,36,16
1251,Car,Lane 1,15.42,16.48,33,32
1258,Van,Lane 1,14.88,15.39,33,32
1260,Car,Lane 1,55.35,58.36,34,33
1265,Light Goods Vehicle,Lane 1,49.44,57.64,183,137
1272,Van,Lane 1,37.05,41.85,174,165
1280,Light Goods Vehicle,Lane 1,45.63,59.12,248,195
1282,Car,Lane 1,42.55,46.56,117,116
1288,Car,Lane 1,41.82,43.29,192,175
1301,Car,Lane 1,6.4,5.84,45,12
1302,Light Goods Vehicle,Lane 1,19.93,30.26,81,79
1304,Car,Lane 1,46.29,50.61,183,151
1311,Three-Wheeler,Lane 1,54.0,61.72,60,59
1312,Car,Lane 1,16.03,14.01,31,30
1320,Bus,Lane 1,33.27,37.5,84,82
1323,Motorcycle,Lane 1,54.94,57.65,109,107
1325,Motorcycle,Lane 2,23.96,26.31,41,40
1326,Three-Wheeler,Lane 1,18.89,43.32,405,245
1333,Van,Lane 1,15.06,15.76,33,32
1335,Light Goods Vehicle,Lane 1,54.0,46.41,39,6
1339,Car,Lane 1,117.85,117.03,32,6
1341,Van,Lane 1,14.25,14.64,33,32
1343,Three-Wheeler,Lane 1,74.6,67.15,85,57
1349,Motorcycle,Lane 2,22.1,30.95,79,77
1360,Motorcycle,Lane 2,20.11,24.27,65,64
1361,Motorcycle,Lane 1,58.56,57.68,36,34
1362,Motorcycle,Lane 1,63.98,66.53,53,52
1363,Motorcycle,Lane 1,61.42,68.78,42,41
1367,Three-Wheeler,Lane 1,78.58,69.29,35,23
1369,Motorcycle,Lane 1,12.64,13.11,31,30
1373,Motorcycle,Lane 1,90.1,90.87,49,33
1379,Car,Lane 1,66.93,81.22,154,127
1384,Light Goods Vehicle,Lane 1,7.37,7.53,42,8
1385,Car,Lane 1,35.37,37.27,32,31
1392,Car,Lane 1,8.79,41.32,73,25
1393,Motorcycle,Lane 1,101.57,108.44,54,32
1399,Car,Lane 1,74.36,70.89,103,67
1406,Light Goods Vehicle,Lane 1,7.22,7.88,69,13
1409,Motorcycle,Lane 1,61.21,71.77,67,65
1413,Motorcycle,Lane 1,62.46,63.68,57,55
1414,Car,Lane 1,66.73,80.78,41,39
1415,Light Goods Vehicle,Lane 1,71.85,71.23,184,166
1416,Car,Lane 1,78.92,85.15,80,75
1423,Light Goods Vehicle,Lane 1,18.94,23.3,72,70
1426,Light Goods Vehicle,Lane 1,20.25,26.55,1000,629
1428,Car,Lane 1,16.81,16.3,131,100
1432,Van,Lane 1,118.08,82.19,35,21
1434,Motorcycle,Lane 1,15.53,15.3,36,35
1437,Motorcycle,Lane 1,55.9,58.04,69,67
1440,Motorcycle,Lane 1,53.85,54.51,82,81
1446,Car,Lane 1,21.52,17.19,318,116
1448,Motorcycle,Lane 1,17.42,18.25,31,30
1449,Motorcycle,Lane 1,24.85,26.97,34,33
1451,Car,Lane 1,42.95,47.31,228,208
1456,Van,Lane 2,26.24,32.27,289,252
1460,Car,Lane 1,23.19,25.47,37,36
1462,Car,Lane 1,33.06,39.3,313,236
1465,Car,Lane 1,55.88,66.52,57,55
1467,Motorcycle,Lane 1,45.85,44.64,84,83
1468,Motorcycle,Lane 1,44.83,48.65,66,65
1472,Three-Wheeler,Lane 2,27.82,30.62,222,194
1473,Van,Lane 1,47.14,48.67,188,177
1474,Van,Lane 1,27.9,27.77,31,30
1477,Car,Lane 1,53.8,60.26,42,41
1480,Car,Lane 1,46.38,51.12,91,90
1481,Car,Lane 2,13.64,17.88,51,50
1482,Light Goods Vehicle,Lane 1,21.52,22.8,291,192
1486,Bus,Lane 1,11.73,12.16,31,10
1487,Car,Lane 1,69.53,62.53,986,536
1489,Light Goods Vehicle,Lane 2,10.65,11.42,36,35
1490,Light Goods Vehicle,Lane 1,42.44,43.03,120,114
1496,Car,Lane 1,6.71,6.73,32,29
1497,Motorcycle,Lane 1,16.07,17.75,57,55
1499,Motorcycle,Lane 1,23.19,28.58,48,47
1503,Car,Lane 1,16.67,18.29,32,31
1507,Light Goods Vehicle,Lane 1,61.11,71.95,166,142
1522,Car,Lane 1,54.87,55.08,195,153
1523,Van,Lane 1,53.79,50.85,407,259
1527,Car,Lane 1,95.17,81.15,185,102
1540,Car,Lane 1,6.05,22.24,49,20
1555,Car,Lane 1,70.84,52.31,770,352
1558,Motorcycle,Lane 1,84.56,87.74,66,39
1567,Car,Lane 1,82.91,55.43,134,65
1573,Car,Lane 1,94.38,64.2,614,273
1579,Car,Lane 1,90.29,56.83,64,16
1580,Three-Wheeler,Lane 2,16.02,23.01,308,281
1584,Motorcycle,Lane 1,73.64,81.03,65,59
1588,Car,Lane 1,8.8,44.03,33,10
1592,Car,Lane 1,42.26,44.44,209,176
1598,Bus,Lane 2,9.16,10.88,101,100
1603,Car,Lane 1,50.08,51.49,432,303
1606,Car,Lane 1,61.91,55.96,85,51
1618,Light Goods Vehicle,Lane 1,2.19,4.32,40,7
1619,Three-Wheeler,Lane 2,6.81,26.87,35,9
1624,Car,Lane 1,21.7,21.66,33,32
1626,Car,Lane 1,30.93,33.44,457,323
1632,Three-Wheeler,Lane 2,18.76,23.34,295,258
1635,Van,Lane 1,73.99,70.8,41,39
1643,Light Goods Vehicle,Lane 1,50.48,50.16,166,141
1647,Three-Wheeler,Lane 1,40.62,46.58,214,181
1651,Three-Wheeler,Lane 1,36.62,42.1,232,188
1657,Motorcycle,Lane 1,32.04,38.94,68,67
1661,Three-Wheeler,Lane 1,34.72,36.28,36,28
1669,Motorcycle,Lane 2,20.49,25.74,40,39
1675,Motorcycle,Lane 2,20.57,25.49,53,52
1680,Three-Wheeler,Lane 2,32.18,33.23,163,111
1681,Van,Lane 1,84.04,84.54,31,17
1682,Motorcycle,Lane 1,30.91,40.48,61,60
1686,Three-Wheeler,Lane 1,8.43,42.57,55,16
1690,Car,Lane 1,33.0,33.65,66,65
1692,Car,Lane 1,39.26,41.41,141,140
1700,Car,Lane 1,40.79,42.81,181,170
1708,Car,Lane 1,17.32,20.32,60,59
1709,Light Goods Vehicle,Lane 2,9.1,11.01,65,64
1717,Van,Lane 1,27.6,28.3,40,39
1721,Motorcycle,Lane 1,45.92,45.33,39,38
1724,Van,Lane 1,40.82,39.77,417,261
1726,Van,Lane 1,8.93,47.48,79,29
1727,Three-Wheeler,Lane 1,40.38,42.35,162,151
1728,Three-Wheeler,Lane 2,43.63,46.16,172,77
1729,Car,Lane 1,27.26,31.2,35,34
1730,Light Goods Vehicle,Lane 1,7.22,6.0,75,23
1735,Three-Wheeler,Lane 2,26.98,21.36,37,4
1737,Car,Lane 1,47.7,50.6,137,136
1738,Motorcycle,Lane 2,20.96,24.55,80,79
1739,Motorcycle,Lane 2,18.04,20.71,97,95
1743,Car,Lane 1,26.05,30.6,97,95
1744,Bus,Lane 2,40.66,38.0,123,53
1749,Car,Lane 1,12.0,10.99,32,31
1751,Three-Wheeler,Lane 1,52.28,47.61,66,44
1756,Motorcycle,Lane 1,37.88,39.3,32,31
1759,Motorcycle,Lane 1,98.79,101.42,40,32
1760,Motorcycle,Lane 1,60.8,65.87,99,96
1764,Light Goods Vehicle,Lane 1,20.69,27.67,57,56
1772,Car,Lane 1,51.43,50.09,72,66
1773,Car,Lane 1,14.35,16.35,45,44
1775,Van,Lane 1,50.94,52.36,138,110
1776,Bus,Lane 2,28.23,33.53,196,171
1777,Van,Lane 1,14.93,16.18,32,31
1781,Car,Lane 2,26.27,20.04,96,24
1782,Car,Lane 1,69.3,60.07,89,52
1786,Light Goods Vehicle,Lane 1,79.93,91.06,32,30
1788,Three-Wheeler,Lane 1,30.97,39.17,122,117
1789,Bus,Lane 1,70.03,77.0,174,155
1798,Light Goods Vehicle,Lane 1,85.1,94.38,80,76
1799,Car,Lane 1,110.37,89.33,68,41
1802,Bus,Lane 2,35.43,25.3,77,33
1803,Bus,Lane 1,77.71,82.35,32,31
1804,Car,Lane 1,44.24,50.49,202,197
1809,Bus,Lane 2,15.28,19.97,59,58
1810,Motorcycle,Lane 1,26.87,35.17,63,62
1812,Motorcycle,Lane 1,21.69,28.72,54,53
1813,Car,Lane 1,45.64,51.11,186,162
1814,Light Goods Vehicle,Lane 1,24.0,24.78,33,32
1818,Van,Lane 2,8.18,8.29,31,30
1821,Bus,Lane 2,5.23,20.0,101,51
1824,Car,Lane 1,64.86,67.75,72,70
1825,Van,Lane 1,50.38,42.84,35,15
1826,Motorcycle,Lane 1,19.45,19.4,31,30
1829,Bus,Lane 1,72.0,86.41,115,104
1833,Motorcycle,Lane 1,16.52,15.43,31,30
1839,Light Goods Vehicle,Lane 1,67.06,68.53,84,82
1841,Motorcycle,Lane 2,27.28,34.09,48,47
1848,Three-Wheeler,Lane 1,41.55,50.32,98,91
1851,Three-Wheeler,Lane 1,20.51,25.06,230,180
1852,Three-Wheeler,Lane 1,92.16,82.56,67,19
1854,Bus,Lane 1,38.65,39.9,321,253
1869,Motorcycle,Lane 1,32.89,34.01,31,30
1871,Car,Lane 1,18.55,20.33,35,34
1875,Three-Wheeler,Lane 1,76.33,83.27,32,31
1876,Bus,Lane 2,41.92,31.08,1558,649
1880,Motorcycle,Lane 1,94.52,102.84,46,28
1881,Motorcycle,Lane 1,85.9,93.27,57,41
1882,Three-Wheeler,Lane 1,55.67,63.82,60,51
1892,Three-Wheeler,Lane 1,87.92,55.45,113,29
1896,Three-Wheeler,Lane 1,40.39,42.08,174,164
1899,Motorcycle,Lane 1,90.89,93.98,62,51
1905,Car,Lane 1,41.8,47.28,253,200
1914,Car,Lane 1,38.4,40.89,140,131
1919,Bus,Lane 1,24.49,27.32,34,33
1922,Light Goods Vehicle,Lane 1,34.06,36.1,58,57
1926,Van,Lane 1,18.37,19.55,34,33
1927,Three-Wheeler,Lane 1,93.51,74.41,162,45
1929,Van,Lane 1,19.39,19.81,42,40
1931,Three-Wheeler,Lane 1,91.62,95.21,79,61
1932,Motorcycle,Lane 2,19.4,20.98,35,34
1938,Light Goods Vehicle,Lane 1,15.43,16.64,34,33
1940,Car,Lane 1,74.26,75.77,145,119
1942,Bus,Lane 2,42.97,27.84,42,12
1949,Three-Wheeler,Lane 1,31.69,35.56,191,176
1952,Motorcycle,Lane 1,96.91,103.76,44,23
1962,Car,Lane 1,15.87,20.54,53,52
1963,Light Goods Vehicle,Lane 2,42.72,32.08,221,85
1965,Van,Lane 1,12.85,13.59,34,33
1973,Car,Lane 1,15.53,21.41,46,45
1976,Light Goods Vehicle,Lane 1,6.55,4.85,87,13
1978,Car,Lane 2,83.44,70.61,38,14
1981,Three-Wheeler,Lane 1,43.46,43.9,217,193
1984,Bus,Lane 2,42.72,37.61,393,167
1988,Van,Lane 1,13.82,14.41,33,32
1990,Three-Wheeler,Lane 2,26.27,34.93,94,91
1994,Car,Lane 1,73.84,78.9,87,86
1996,Light Goods Vehicle,Lane 1,21.85,22.19,71,67
2001,Light Goods Vehicle,Lane 1,58.96,60.66,162,127
2004,Car,Lane 1,8.1,8.76,33,32
2007,Bus,Lane 1,16.7,15.04,147,116
2008,Light Goods Vehicle,Lane 1,47.42,49.18,178,164
2009,Car,Lane 1,55.58,59.5,97,95
2010,Motorcycle,Lane 1,4.6,5.03,32,31
2013,Motorcycle,Lane 1,103.69,105.06,41,18
2018,Motorcycle,Lane 1,87.81,92.25,57,50
2019,Motorcycle,Lane 1,81.17,90.13,47,44
2023,Motorcycle,Lane 1,84.96,93.24,46,44
2031,Three-Wheeler,Lane 1,7.52,21.38,34,10
2034,Bus,Lane 1,19.94,48.55,548,341
2035,Motorcycle,Lane 1,6.49,6.89,33,31
2043,Motorcycle,Lane 1,75.87,78.17,67,65
2050,Motorcycle,Lane 1,70.24,76.83,59,58
2052,Car,Lane 1,41.78,42.93,212,187
2054,Bus,Lane 2,7.15,4.92,73,13
2056,Car,Lane 1,44.32,45.49,203,192
2057,Bus,Lane 1,26.94,32.39,56,55
2061,Light Goods Vehicle,Lane 1,101.75,64.44,58,24
2064,Car,Lane 1,30.06,33.39,93,92
2067,Light Goods Vehicle,Lane 1,7.49,6.14,52,9
2069,Bus,Lane 2,27.52,26.58,471,239
2070,Car,Lane 1,24.13,24.89,31,30
2071,Light Goods Vehicle,Lane 1,55.35,56.16,100,99
2074,Van,Lane 1,59.04,57.9,170,155
2075,Light Goods Vehicle,Lane 1,49.18,47.3,168,165
2077,Light Goods Vehicle,Lane 1,117.6,72.91,89,35
2079,Light Goods Vehicle,Lane 1,7.92,8.93,42,15
2083,Light Goods Vehicle,Lane 2,38.35,33.39,122,24
2084,Van,Lane 1,38.76,42.11,39,38
2085,Car,Lane 1,57.64,54.47,186,149
2091,Light Goods Vehicle,Lane 2,34.27,34.19,32,27
2098,Motorcycle,Lane 1,99.21,104.23,38,20
2099,Light Goods Vehicle,Lane 2,14.6,14.75,102,82
2102,Motorcycle,Lane 1,84.36,93.31,48,32
2107,Motorcycle,Lane 1,29.49,30.37,31,30
2108,Motorcycle,Lane 1,84.14,90.73,62,60
2114,Light Goods Vehicle,Lane 2,11.48,12.58,135,133
2116,Bus,Lane 2,5.61,6.25,52,51
2117,Three-Wheeler,Lane 2,48.24,35.58,66,13
2119,Car,Lane 2,13.29,14.3,50,49
2123,Three-Wheeler,Lane 2,48.29,34.42,78,6
2126,Three-Wheeler,Lane 1,53.46,52.9,157,140
2128,Light Goods Vehicle,Lane 1,2.2,5.55,58,11
2130,Three-Wheeler,Lane 2,46.92,37.39,620,217
2133,Motorcycle,Lane 1,93.6,86.93,44,27
2134,Motorcycle,Lane 1,63.19,68.29,71,70
2140,Car,Lane 1,49.52,50.01,188,162
2143,Motorcycle,Lane 1,29.81,37.7,36,35
2149,Car,Lane 1,21.37,27.63,46,45
2158,Motorcycle,Lane 1,32.39,40.47,48,47
2159,Three-Wheeler,Lane 2,30.47,39.23,111,103
2162,Car,Lane 1,103.58,99.18,59,26
2167,Three-Wheeler,Lane 1,38.97,37.61,173,165
2170,Car,Lane 1,43.01,48.45,316,213
2175,Motorcycle,Lane 1,9.88,11.06,31,30
2176,Motorcycle,Lane 1,65.75,65.78,43,41
2177,Bus,Lane 1,124.9,96.66,40,8
2178,Bus,Lane 1,141.49,112.59,38,12
2181,Light Goods Vehicle,Lane 2,29.21,30.69,86,85
2183,Motorcycle,Lane 2,3.36,9.74,33,15
2186,Van,Lane 1,16.17,16.91,33,32
2187,Car,Lane 2,14.88,16.59,43,42
2194,Motorcycle,Lane 2,20.06,22.53,74,73
2198,Bus,Lane 1,150.36,142.95,32,19
2201,Car,Lane 1,74.72,66.31,64,39
2203,Van,Lane 1,14.38,15.04,36,35
2207,Car,Lane 1,38.05,39.43,201,191
2210,Motorcycle,Lane 1,22.54,25.57,37,36
2211,Three-Wheeler,Lane 1,31.27,31.0,36,35
2214,Motorcycle,Lane 2,22.36,28.08,138,135
2218,Motorcycle,Lane 2,21.86,25.27,74,73
2219,Light Goods Vehicle,Lane 1,10.77,15.08,60,37
2220,Motorcycle,Lane 2,3.3,3.3,37,1
2221,Motorcycle,Lane 1,29.18,31.37,62,60
2227,Three-Wheeler,Lane 1,36.83,37.45,150,143
2230,Car,Lane 1,41.15,39.97,190,180
2242,Motorcycle,Lane 1,27.33,32.97,60,58
2243,Three-Wheeler,Lane 2,58.41,54.78,176,107
2246,Light Goods Vehicle,Lane 1,14.54,14.99,36,35
2248,Motorcycle,Lane 2,29.12,33.52,61,60
2252,Motorcycle,Lane 2,26.79,29.87,53,52
2255,Light Goods Vehicle,Lane 2,63.76,53.05,111,46
2257,Bus,Lane 2,2.09,4.31,110,28
2268,Motorcycle,Lane 2,7.48,10.04,122,90
2269,Three-Wheeler,Lane 2,27.08,25.14,1335,702
2270,Motorcycle,Lane 2,9.36,12.9,195,168
2276,Motorcycle,Lane 1,56.36,60.42,57,56
2279,Motorcycle,Lane 2,9.89,14.79,147,129
2282,Car,Lane 1,85.14,89.18,146,138
2284,Car,Lane 2,31.14,31.46,332,150
2285,Three-Wheeler,Lane 1,38.64,43.93,232,196
2286,Light Goods Vehicle,Lane 1,4.81,4.91,35,12
2287,Motorcycle,Lane 2,7.99,8.15,40,29
2290,Motorcycle,Lane 1,94.17,101.34,49,33
2291,Motorcycle,Lane 1,61.88,69.61,32,31
2293,Motorcycle,Lane 1,11.85,12.0,31,30
2294,Motorcycle,Lane 1,102.79,108.89,39,31
2296,Car,Lane 1,75.9,84.36,158,148
2299,Light Goods Vehicle,Lane 1,37.93,36.7,101,100
2302,Motorcycle,Lane 1,22.4,23.44,33,32
2306,Three-Wheeler,Lane 1,39.91,41.35,228,204
2307,Three-Wheeler,Lane 1,35.07,36.02,146,138
2313,Light Goods Vehicle,Lane 1,4.41,5.53,31,30
2314,Three-Wheeler,Lane 1,44.2,48.08,203,179
2315,Light Goods Vehicle,Lane 1,16.48,17.37,35,34
2321,Motorcycle,Lane 1,20.46,66.09,48,25
2323,Motorcycle,Lane 1,109.8,101.13,54,37
2338,Motorcycle,Lane 1,84.1,92.91,51,44
2339,Bus,Lane 2,7.04,5.1,57,21
2340,Three-Wheeler,Lane 1,44.63,45.66,201,179
2341,Motorcycle,Lane 2,24.52,33.26,71,70
2344,Light Goods Vehicle,Lane 1,31.66,26.44,198,91
2347,Motorcycle,Lane 1,98.44,103.31,41,35
2354,Motorcycle,Lane 1,103.11,102.56,45,28
2356,Motorcycle,Lane 1,92.88,98.63,50,36
2357,Bus,Lane 1,17.52,23.44,53,52
2365,Three-Wheeler,Lane 1,48.23,53.25,203,171
2367,Light Goods Vehicle,Lane 1,24.93,30.42,50,49
2376,Motorcycle,Lane 2,9.93,12.55,85,84
2377,Light Goods Vehicle,Lane 1,32.88,34.97,96,94
2393,Car,Lane 2,31.35,29.84,215,88
2394,Light Goods Vehicle,Lane 1,72.81,78.0,160,155
2401,Three-Wheeler,Lane 1,20.64,23.22,233,216
2408,Light Goods Vehicle,Lane 1,20.45,26.5,49,48
2411,Car,Lane 1,78.27,87.12,53,52
2420,Motorcycle,Lane 2,14.72,16.75,61,59
2423,Motorcycle,Lane 2,11.2,13.33,71,70
2427,Bus,Lane 2,2.09,4.39,87,28
2428,Motorcycle,Lane 1,25.19,26.29,67,65
2429,Car,Lane 1,69.1,73.84,137,135
2434,Car,Lane 1,65.84,67.6,187,169
2437,Van,Lane 1,90.55,94.94,32,31
2441,Car,Lane 2,31.01,21.92,75,19
2442,Motorcycle,Lane 2,24.0,28.1,46,45
2444,Car,Lane 1,90.19,82.1,65,59
2446,Van,Lane 1,10.11,43.99,31,10
2447,Car,Lane 2,24.68,25.92,383,193
2449,Motorcycle,Lane 2,19.58,26.12,62,59
2451,Motorcycle,Lane 2,18.91,21.75,53,52
2457,Motorcycle,Lane 1,33.87,42.7,64,63
2459,Bus,Lane 2,22.79,22.24,259,140
2463,Car,Lane 1,6.69,7.89,34,33
2464,Car,Lane 1,41.89,43.06,116,112
2471,Car,Lane 1,46.73,44.33,160,150
2472,Car,Lane 1,55.36,60.73,116,115
2478,Car,Lane 1,58.92,59.3,78,77
2480,Motorcycle,Lane 1,84.41,94.01,44,29
2482,Motorcycle,Lane 1,73.43,84.36,52,43
2485,Motorcycle,Lane 1,64.24,70.08,81,80
2496,Motorcycle,Lane 1,19.85,24.14,56,55
2497,Three-Wheeler,Lane 1,85.32,66.94,254,111
2500,Light Goods Vehicle,Lane 2,9.36,9.92,38,37
2501,Light Goods Vehicle,Lane 1,7.25,7.26,108,30
2505,Light Goods Vehicle,Lane 1,54.87,64.28,49,48
2507,Light Goods Vehicle,Lane 1,51.76,56.07,127,126
2514,Car,Lane 1,33.18,31.38,152,150
2515,Car,Lane 1,34.3,33.2,159,155
2521,Car,Lane 1,53.18,52.44,117,109
2523,Motorcycle,Lane 2,10.42,10.29,31,30
2528,Motorcycle,Lane 1,22.07,24.77,36,35
2532,Light Goods Vehicle,Lane 1,63.41,72.84,33,32
2534,Light Goods Vehicle,Lane 1,38.97,40.23,159,151
2535,Car,Lane 1,53.43,52.71,190,164
2540,Motorcycle,Lane 1,110.96,111.85,42,21
2543,Light Goods Vehicle,Lane 1,7.25,6.86,64,15
2547,Car,Lane 1,40.62,44.03,203,188
2549,Car,Lane 1,62.7,69.02,31,30
2550,Light Goods Vehicle,Lane 1,57.59,64.59,48,47
2551,Light Goods Vehicle,Lane 1,41.91,48.71,351,282
2552,Car,Lane 1,86.76,100.57,37,27
2553,Car,Lane 1,71.59,76.47,34,33
2554,Bus,Lane 1,67.4,71.2,38,36
2555,Car,Lane 1,92.21,68.2,53,32
2556,Bus,Lane 1,37.2,37.38,168,154
2558,Motorcycle,Lane 2,9.68,11.24,87,86
2572,Light Goods Vehicle,Lane 1,7.3,6.06,112,37
2578,Car,Lane 1,62.89,62.33,108,85
2586,Van,Lane 2,28.52,30.0,41,18
2590,Three-Wheeler,Lane 1,18.27,19.32,31,30
2593,Light Goods Vehicle,Lane 1,51.46,63.26,123,118
2604,Light Goods Vehicle,Lane 1,67.51,57.04,333,152
2608,Bus,Lane 1,112.78,66.93,48,13
2609,Van,Lane 2,50.54,38.4,50,20
2611,Light Goods Vehicle,Lane 2,30.79,32.54,79,77
2615,Van,Lane 2,11.71,27.88,452,227
2624,Car,Lane 1,89.52,59.31,34,14
2627,Van,Lane 2,45.53,29.53,68,27
2631,Car,Lane 1,49.46,52.84,165,152
2638,Light Goods Vehicle,Lane 1,81.04,75.38,210,74
2641,Car,Lane 1,49.98,55.85,34,33
2642,Three-Wheeler,Lane 1,9.48,47.31,65,11
2643,Van,Lane 1,46.33,43.71,312,232
2652,Car,Lane 1,24.21,33.67,63,62
2659,Bus,Lane 2,3.84,3.84,42,2
2661,Van,Lane 1,41.38,46.31,186,155
2662,Car,Lane 1,51.22,59.1,48,45
2663,Van,Lane 1,13.41,13.57,31,30
2664,Van,Lane 1,34.97,36.75,31,30
2670,Three-Wheeler,Lane 1,9.24,29.29,68,10
2674,Car,Lane 1,38.8,36.4,255,202
2682,Light Goods Vehicle,Lane 1,10.4,28.88,32,13
2683,Van,Lane 1,38.26,38.83,244,158
2687,Motorcycle,Lane 1,67.24,66.91,83,81
2691,Motorcycle,Lane 1,93.26,102.9,34,31
2694,Car,Lane 1,69.47,59.8,337,125
2700,Car,Lane 2,42.14,28.85,33,8
2702,Motorcycle,Lane 1,62.67,73.94,66,60
2703,Three-Wheeler,Lane 1,52.28,57.92,75,73
2710,Motorcycle,Lane 1,64.7,70.03,45,44
2717,Motorcycle,Lane 1,53.29,55.46,86,84
2718,Car,Lane 1,48.21,34.97,472,268
2720,Motorcycle,Lane 1,13.22,15.05,31,30
2724,Bus,Lane 2,5.79,5.94,90,26
2737,Motorcycle,Lane 1,48.88,52.54,71,69
2738,Motorcycle,Lane 1,46.87,44.48,73,71
2744,Van,Lane 2,47.56,30.64,48,14
2745,Van,Lane 1,31.71,32.32,35,8
2750,Three-Wheeler,Lane 1,7.45,23.76,35,19
2754,Car,Lane 1,73.0,63.24,208,80
2760,Car,Lane 1,63.74,39.56,42,9
2763,Car,Lane 1,35.57,43.8,31,30
2766,Car,Lane 1,9.16,30.07,119,30
2786,Car,Lane 1,44.43,43.54,218,149
2787,Light Goods Vehicle,Lane 1,57.75,67.29,165,135
2793,Light Goods Vehicle,Lane 1,31.89,36.79,31,30
2802,Car,Lane 1,45.14,46.13,96,95
2805,Motorcycle,Lane 1,38.6,41.57,73,72
2808,Light Goods Vehicle,Lane 1,8.23,16.1,95,66
2812,Three-Wheeler,Lane 1,32.88,40.49,93,85
2819,Light Goods Vehicle,Lane 1,129.9,98.85,63,25
2822,Light Goods Vehicle,Lane 1,43.8,58.11,157,129
2832,Three-Wheeler,Lane 2,59.65,46.52,34,4
2836,Motorcycle,Lane 2,30.6,34.28,54,53
2842,Three-Wheeler,Lane 1,42.78,48.08,178,160
2846,Car,Lane 2,23.43,30.71,134,125
2857,Car,Lane 1,13.07,13.36,31,30
2858,Light Goods Vehicle,Lane 1,15.51,16.21,36,35
2865,Motorcycle,Lane 1,29.85,35.36,40,39
2868,Van,Lane 1,48.91,42.33,260,175
2869,Motorcycle,Lane 1,22.92,29.69,42,41
2871,Bus,Lane 1,37.73,51.77,255,207
2875,Bus,Lane 1,105.39,66.02,32,7
2879,Three-Wheeler,Lane 1,33.17,42.41,119,111
2884,Car,Lane 1,26.44,34.17,75,74
2886,Light Goods Vehicle,Lane 1,27.72,33.41,66,64
2887,Three-Wheeler,Lane 1,24.96,30.43,136,131
2889,Car,Lane 1,6.35,4.76,31,8
2890,Bus,Lane 1,85.01,57.69,38,21
2893,Three-Wheeler,Lane 1,39.6,46.19,272,243
2895,Car,Lane 1,47.02,49.47,81,69
2896,Car,Lane 1,39.8,42.98,296,232
2897,Car,Lane 1,64.21,52.46,192,70
2901,Light Goods Vehicle,Lane 1,10.73,36.41,63,19
2904,Bus,Lane 2,35.04,43.83,657,344
2905,Bus,Lane 1,38.71,42.29,136,126
2919,Motorcycle,Lane 1,22.49,25.95,35,34
2920,Van,Lane 1,16.35,16.83,35,34
2923,Car,Lane 1,42.65,48.41,96,95
2931,Motorcycle,Lane 1,72.49,75.24,66,64
2937,Car,Lane 1,76.12,69.7,149,97
2941,Bus,Lane 1,74.75,47.35,33,16
2944,Car,Lane 1,31.32,44.72,296,274
2945,Van,Lane 2,5.75,12.95,37,6
2956,Motorcycle,Lane 1,63.28,65.54,67,66
2962,Car,Lane 1,40.77,45.46,125,109
2964,Car,Lane 1,38.31,39.89,47,46
2966,Bus,Lane 2,42.19,45.3,97,34
2970,Bus,Lane 1,31.68,34.77,175,166
2972,Car,Lane 1,31.62,37.44,202,167
2975,Bus,Lane 2,61.09,61.22,52,14
2985,Light Goods Vehicle,Lane 1,34.37,49.65,259,203
2989,Car,Lane 1,85.22,67.63,40,18
2990,Car,Lane 1,76.27,51.77,31,8
2991,Bus,Lane 1,45.07,47.33,140,112
2997,Car,Lane 1,13.28,13.58,33,32
3010,Bus,Lane 1,17.64,23.2,52,51
3011,Car,Lane 1,24.25,31.42,70,69
3012,Bus,Lane 2,41.67,38.27,187,78
3020,Car,Lane 1,69.28,51.87,149,29
3021,Car,Lane 1,35.21,38.55,131,129
3028,Car,Lane 1,40.68,39.29,209,159
3029,Van,Lane 1,14.35,15.05,36,35
3036,Bus,Lane 2,35.67,38.61,925,409
3039,Three-Wheeler,Lane 1,29.4,31.72,142,140
3041,Three-Wheeler,Lane 2,21.91,24.93,135,132
3042,Bus,Lane 1,55.61,50.01,48,30
3043,Car,Lane 1,30.33,33.4,144,141
3047,Bus,Lane 1,31.32,37.28,232,196
3048,Bus,Lane 2,16.94,19.39,45,44
3053,Van,Lane 1,12.44,12.97,35,34
3054,Car,Lane 1,27.16,30.39,56,55
3055,Light Goods Vehicle,Lane 1,94.13,108.49,33,21
3056,Car,Lane 1,65.03,63.99,331,191
3057,Car,Lane 1,92.31,89.87,135,123
3066,Car,Lane 2,24.44,29.38,112,91
3067,Bus,Lane 1,40.56,44.39,114,91
3068,Van,Lane 1,19.71,20.76,34,33
3069,Light Goods Vehicle,Lane 1,70.27,85.44,131,117
3071,Car,Lane 1,19.92,23.78,87,73
3077,Three-Wheeler,Lane 1,70.22,74.28,39,38
3081,Van,Lane 1,67.05,58.8,191,67
3085,Motorcycle,Lane 1,46.75,48.46,31,30
3087,Three-Wheeler,Lane 1,32.74,38.56,155,141
3091,Motorcycle,Lane 1,152.43,130.15,40,15
3099,Car,Lane 2,48.53,40.55,36,10
3102,Three-Wheeler,Lane 1,37.5,39.11,228,202
3105,Three-Wheeler,Lane 1,84.0,84.21,31,17
3106,Bus,Lane 2,40.73,34.46,207,116
3109,Car,Lane 1,24.56,24.4,35,34
3112,Light Goods Vehicle,Lane 1,48.67,49.03,130,128
3114,Car,Lane 1,48.92,53.89,220,194
3115,Car,Lane 1,80.43,86.91,42,31
3118,Car,Lane 1,81.86,83.25,160,147
3122,Light Goods Vehicle,Lane 1,87.05,91.95,61,59
3123,Light Goods Vehicle,Lane 1,24.18,27.51,61,60
3128,Light Goods Vehicle,Lane 1,7.81,7.8,37,4
3129,Light Goods Vehicle,Lane 2,48.59,46.07,69,34
3130,Light Goods Vehicle,Lane 1,12.9,12.95,33,32
3132,Bus,Lane 1,20.63,20.08,87,81
3134,Light Goods Vehicle,Lane 1,2.2,3.9,35,6
3140,Motorcycle,Lane 2,21.91,24.5,48,44
3144,Bus,Lane 1,38.67,51.07,207,191
3149,Bus,Lane 1,25.16,25.25,556,328
3150,Van,Lane 1,77.25,87.57,138,127
3151,Car,Lane 1,7.06,4.93,32,9
3152,Three-Wheeler,Lane 1,36.46,32.55,229,195
3159,Light Goods Vehicle,Lane 1,69.08,61.08,110,96
3163,Car,Lane 1,67.82,47.76,31,29
3164,Bus,Lane 2,4.95,3.67,68,30
3170,Car,Lane 1,17.16,17.44,31,30
3172,Light Goods Vehicle,Lane 1,4.72,4.96,34,4
3174,Van,Lane 1,15.15,16.01,33,32
3175,Motorcycle,Lane 1,48.41,50.36,76,75
3177,Car,Lane 1,49.98,54.74,121,100
3179,Car,Lane 1,69.42,63.63,316,198
3191,Car,Lane 1,44.93,45.04,129,127
3192,Car,Lane 1,43.2,46.38,36,35
3194,Car,Lane 1,77.07,86.53,33,31
3195,Light Goods Vehicle,Lane 1,55.98,56.91,241,186
3196,Van,Lane 1,25.89,32.24,303,255
3198,Car,Lane 1,68.42,72.08,96,95
3203,Bus,Lane 2,26.93,35.0,102,64
3204,Car,Lane 1,50.67,54.8,86,85
3205,Bus,Lane 2,16.81,25.38,79,65
3207,Light Goods Vehicle,Lane 1,4.38,4.8,80,16
3209,Light Goods Vehicle,Lane 1,64.83,55.53,149,115
3215,Light Goods Vehicle,Lane 2,2.33,2.5,77,38
3216,Bus,Lane 1,15.54,18.28,169,162
3220,Three-Wheeler,Lane 1,32.7,34.72,58,36
3221,Light Goods Vehicle,Lane 1,17.45,18.4,33,32
3223,Car,Lane 1,46.16,50.16,120,119
3231,Light Goods Vehicle,Lane 1,7.36,6.1,38,8
3234,Motorcycle,Lane 1,75.99,74.89,77,75
3244,Three-Wheeler,Lane 2,20.66,25.03,49,46
3246,Bus,Lane 1,6.55,5.99,31,30
3252,Light Goods Vehicle,Lane 1,50.68,48.82,107,90
3255,Bus,Lane 1,10.0,10.33,41,40
3259,Van,Lane 1,11.12,11.59,35,34
3260,Bus,Lane 1,11.52,11.85,35,34
3261,Van,Lane 1,12.67,13.47,34,33
3262,Motorcycle,Lane 2,13.25,14.4,61,50
3271,Car,Lane 1,107.27,78.1,209,55
3276,Motorcycle,Lane 2,108.12,111.91,43,20
3281,Motorcycle,Lane 1,114.74,112.98,57,41
3289,Motorcycle,Lane 1,99.62,102.57,56,40
3302,Three-Wheeler,Lane 1,74.23,89.93,45,37
3305,Motorcycle,Lane 1,69.11,73.2,74,73
3316,Motorcycle,Lane 1,24.47,29.6,47,46
3318,Car,Lane 1,111.09,79.59,104,24
3322,Car,Lane 1,107.39,83.91,54,10
3325,Motorcycle,Lane 1,58.89,58.18,46,44
3327,Motorcycle,Lane 1,79.66,89.58,53,46
3333,Motorcycle,Lane 1,54.11,56.13,97,95
3334,Motorcycle,Lane 1,77.52,85.07,34,32
3339,Light Goods Vehicle,Lane 1,39.03,43.92,284,225
3340,Car,Lane 1,42.26,44.72,38,37
3343,Car,Lane 1,56.06,59.09,84,83
3351,Light Goods Vehicle,Lane 1,2.2,4.92,97,23
3357,Car,Lane 1,42.62,43.4,523,239
3366,Car,Lane 1,103.22,63.42,290,95
3375,Light Goods Vehicle,Lane 1,108.11,118.56,31,18
3385,Light Goods Vehicle,Lane 1,121.11,114.53,42,20
3393,Three-Wheeler,Lane 1,47.31,44.27,498,294
3394,Light Goods Vehicle,Lane 1,111.49,110.18,38,31
3396,Car,Lane 1,45.25,50.56,44,43
3398,Three-Wheeler,Lane 1,9.08,38.21,33,13
3399,Light Goods Vehicle,Lane 1,38.17,36.89,149,148
3411,Car,Lane 1,45.81,48.8,145,115
3420,Motorcycle,Lane 1,52.46,56.75,81,79
3425,Car,Lane 1,20.58,21.73,34,33
3426,Car,Lane 1,41.84,40.37,164,144
3430,Car,Lane 1,60.25,68.0,45,44
3433,Bus,Lane 1,47.66,40.48,493,270
3438,Bus,Lane 1,42.22,45.57,111,108
3449,Three-Wheeler,Lane 1,68.49,53.62,33,4
3450,Car,Lane 1,51.23,55.69,33,32
3451,Car,Lane 1,47.73,46.02,467,207
3455,Light Goods Vehicle,Lane 1,39.86,53.57,134,114
3456,Van,Lane 1,6.71,30.32,34,15
3458,Car,Lane 1,32.49,32.58,189,137
3466,Light Goods Vehicle,Lane 1,30.08,35.94,62,18
3467,Car,Lane 1,41.48,43.98,116,115
3468,Car,Lane 1,58.56,63.63,129,116
3469,Car,Lane 1,50.36,56.63,73,64
3471,Light Goods Vehicle,Lane 1,2.2,3.21,33,5
3474,Car,Lane 1,25.48,24.77,342,207
3478,Motorcycle,Lane 1,32.2,42.64,34,33
3480,Three-Wheeler,Lane 1,78.45,57.63,80,10
3485,Car,Lane 1,35.31,38.26,186,178
3489,Van,Lane 1,33.62,39.44,205,192
3490,Car,Lane 1,23.0,27.58,38,37
3495,Motorcycle,Lane 2,12.1,15.63,31,30
3499,Motorcycle,Lane 1,22.22,23.29,34,33
3500,Car,Lane 1,27.87,30.12,33,32
3502,Motorcycle,Lane 1,21.92,24.48,35,34
3506,Three-Wheeler,Lane 1,43.03,46.03,229,170
3508,Motorcycle,Lane 1,23.46,26.46,59,57
3511,Three-Wheeler,Lane 2,68.28,67.89,62,30
3519,Bus,Lane 1,33.31,42.71,160,148
3520,Bus,Lane 2,70.55,74.36,52,30
3525,Bus,Lane 2,61.49,58.34,36,25
3529,Bus,Lane 1,38.99,58.92,78,71
3530,Light Goods Vehicle,Lane 1,13.27,13.96,36,35
3532,Light Goods Vehicle,Lane 1,182.22,182.22,32,1
3533,Three-Wheeler,Lane 1,67.51,61.67,251,160
3534,Bus,Lane 1,31.7,37.34,108,105
3535,Van,Lane 2,54.57,56.41,73,60
3536,Light Goods Vehicle,Lane 1,7.14,5.36,31,5
3537,Car,Lane 1,14.29,14.96,39,38
3540,Car,Lane 1,32.9,37.31,237,212
3541,Car,Lane 1,82.83,90.55,38,35
3543,Car,Lane 1,55.06,54.63,135,131
3544,Light Goods Vehicle,Lane 1,47.92,47.72,187,174
3547,Three-Wheeler,Lane 1,28.93,28.06,170,167
3549,Three-Wheeler,Lane 1,25.68,32.96,72,70
3555,Van,Lane 1,41.87,48.3,141,105
3560,Van,Lane 1,52.04,58.97,34,32
3563,Car,Lane 1,16.58,18.64,45,44
3564,Light Goods Vehicle,Lane 1,7.85,13.4,65,63
3566,Car,Lane 1,14.15,19.36,58,56
3573,Motorcycle,Lane 2,21.45,25.67,52,51
3575,Motorcycle,Lane 1,21.51,24.24,37,36
3583,Car,Lane 1,75.28,56.24,45,13
3584,Three-Wheeler,Lane 2,46.68,52.35,153,112
3586,Three-Wheeler,Lane 1,31.71,33.86,149,144
3593,Motorcycle,Lane 1,27.28,27.98,31,30
3594,Motorcycle,Lane 1,78.58,86.42,66,61
3596,Motorcycle,Lane 1,77.22,93.36,49,46
3604,Light Goods Vehicle,Lane 1,7.24,5.03,64,18
3605,Bus,Lane 1,15.54,15.16,1613,893
3608,Car,Lane 1,21.45,24.43,37,36
3609,Light Goods Vehicle,Lane 1,13.36,14.36,32,31
3611,Three-Wheeler,Lane 1,10.1,37.75,68,46
3613,Three-Wheeler,Lane 1,27.54,38.71,323,290
3617,Three-Wheeler,Lane 1,39.95,44.96,236,194
3621,Light Goods Vehicle,Lane 1,12.85,13.4,32,31
3622,Van,Lane 1,16.82,17.04,31,30
3626,Motorcycle,Lane 1,30.39,34.89,86,84
3632,Motorcycle,Lane 1,20.02,27.34,49,47
3646,Three-Wheeler,Lane 1,37.84,37.98,196,178
3649,Motorcycle,Lane 1,23.85,28.55,48,45
3651,Car,Lane 1,26.73,26.73,31,30
3653,Motorcycle,Lane 1,27.16,32.42,46,45
3655,Three-Wheeler,Lane 1,4.9,9.96,34,22
3658,Light Goods Vehicle,Lane 1,7.28,6.74,84,34
3670,Light Goods Vehicle,Lane 1,61.79,65.39,195,183
3671,Car,Lane 1,11.94,12.39,33,32
3674,Van,Lane 1,16.06,16.39,33,32
3676,Light Goods Vehicle,Lane 1,58.63,61.45,83,82
3682,Motorcycle,Lane 1,18.3,20.26,33,32
3685,Motorcycle,Lane 1,14.85,15.21,31,30
3688,Motorcycle,Lane 1,19.17,20.0,31,30
3697,Car,Lane 1,56.39,56.86,74,57
3699,Light Goods Vehicle,Lane 1,13.5,12.28,67,63
3700,Bus,Lane 1,20.29,32.79,383,346
3702,Three-Wheeler,Lane 1,49.56,49.95,173,165
3704,Motorcycle,Lane 1,28.28,30.15,35,34
3705,Motorcycle,Lane 1,22.09,29.25,47,46
3707,Light Goods Vehicle,Lane 1,30.15,35.16,67,65
3710,Light Goods Vehicle,Lane 1,16.04,59.41,108,84
3714,Car,Lane 1,67.65,74.72,167,162
3715,Bus,Lane 1,143.17,127.05,36,25
3717,Car,Lane 1,63.01,66.93,154,151
3718,Car,Lane 1,67.19,73.88,148,144
3721,Van,Lane 1,91.44,96.54,38,36
3725,Three-Wheeler,Lane 1,105.34,95.32,69,54
3726,Car,Lane 1,28.2,29.81,37,36
3727,Car,Lane 1,56.55,55.18,222,173
3729,Light Goods Vehicle,Lane 1,2.2,4.47,70,20
3732,Car,Lane 1,53.55,59.71,125,122
3734,Light Goods Vehicle,Lane 1,53.24,54.51,167,163
3736,Light Goods Vehicle,Lane 1,7.3,5.59,41,6
3737,Car,Lane 1,19.73,59.97,173,39
3742,Three-Wheeler,Lane 2,24.72,29.69,253,223
3743,Van,Lane 1,46.72,45.64,222,197
3744,Van,Lane 1,84.5,96.52,37,24
3746,Light Goods Vehicle,Lane 1,7.3,7.41,53,13
3747,Motorcycle,Lane 1,61.55,61.53,83,81
3748,Motorcycle,Lane 1,77.41,86.21,50,42
3749,Light Goods Vehicle,Lane 2,21.44,27.33,66,63
3754,Motorcycle,Lane 1,60.14,61.22,40,39
3760,Light Goods Vehicle,Lane 1,2.2,4.19,45,8
3763,Light Goods Vehicle,Lane 2,13.72,14.37,35,34
3766,Car,Lane 1,24.88,25.17,32,31
3770,Motorcycle,Lane 1,56.38,60.41,45,44
3771,Motorcycle,Lane 1,61.5,67.56,53,52
3775,Light Goods Vehicle,Lane 1,86.63,98.88,33,26
3776,Light Goods Vehicle,Lane 1,52.77,53.02,169,160
3784,Three-Wheeler,Lane 1,98.71,82.38,40,10
3787,Car,Lane 1,9.76,31.45,40,5
3789,Van,Lane 1,11.12,11.53,48,47
3791,Light Goods Vehicle,Lane 1,34.06,34.41,34,33
3792,Light Goods Vehicle,Lane 1,41.45,43.94,114,113
3803,Three-Wheeler,Lane 1,50.04,64.91,150,117
3805,Car,Lane 1,63.91,49.68,1018,547
3819,Car,Lane 1,104.14,65.01,429,232
3830,Car,Lane 1,57.59,61.69,102,100
3832,Van,Lane 1,77.4,69.09,196,66
3834,Car,Lane 1,71.88,69.28,227,143
3839,Three-Wheeler,Lane 1,57.43,59.24,32,30
3851,Three-Wheeler,Lane 1,121.45,103.87,31,16
3855,Motorcycle,Lane 1,91.68,97.0,56,49
3856,Motorcycle,Lane 1,81.19,86.66,62,61
3859,Car,Lane 1,60.58,61.38,40,8
3866,Motorcycle,Lane 1,34.01,42.62,58,57
3867,Car,Lane 1,9.44,9.44,32,2
3868,Car,Lane 1,48.52,51.35,772,373
3872,Van,Lane 1,9.76,58.46,84,13
3874,Car,Lane 1,50.95,40.7,795,429
3880,Three-Wheeler,Lane 1,113.87,113.9,31,3
3886,Car,Lane 1,9.3,9.3,31,8
3887,Van,Lane 1,35.62,37.13,36,35
3889,Car,Lane 1,57.96,52.04,199,144
3892,Car,Lane 1,61.91,45.25,210,69
3895,Light Goods Vehicle,Lane 1,7.34,7.47,69,12
3899,Motorcycle,Lane 1,35.72,42.79,50,49
3905,Car,Lane 1,104.81,78.74,40,7
3907,Van,Lane 1,48.27,50.45,181,166
3913,Three-Wheeler,Lane 2,27.57,33.44,275,239
3915,Van,Lane 1,40.73,47.75,45,43
3920,Motorcycle,Lane 1,33.09,37.46,68,67
3921,Car,Lane 1,46.18,55.27,145,117
3924,Light Goods Vehicle,Lane 1,4.39,4.71,71,9
3926,Motorcycle,Lane 1,25.2,32.16,50,49
3932,Bus,Lane 1,21.43,27.98,51,50
3935,Van,Lane 1,9.68,9.85,31,30
3936,Van,Lane 1,16.11,17.02,32,31
3938,Light Goods Vehicle,Lane 1,37.76,35.94,108,107
3941,Motorcycle,Lane 1,23.58,31.14,44,43
3944,Motorcycle,Lane 1,24.6,30.82,52,51
3946,Three-Wheeler,Lane 1,49.29,52.9,180,164
3950,Car,Lane 1,6.97,21.55,75,16
3953,Light Goods Vehicle,Lane 1,20.48,27.16,62,61
3954,Van,Lane 1,33.42,37.33,88,67
3966,Three-Wheeler,Lane 1,36.26,40.01,211,189
3969,Three-Wheeler,Lane 1,38.0,49.3,130,122
3971,Motorcycle,Lane 1,23.61,26.65,38,37
3972,Bus,Lane 1,60.29,59.79,36,35
3973,Three-Wheeler,Lane 1,22.41,30.24,153,151
3974,Light Goods Vehicle,Lane 1,7.3,8.31,62,11
3980,Three-Wheeler,Lane 1,34.52,36.81,170,161
3983,Car,Lane 1,50.91,62.32,90,30
3985,Car,Lane 1,28.2,28.26,107,87
3986,Light Goods Vehicle,Lane 1,25.46,31.47,73,72
3988,Three-Wheeler,Lane 1,33.93,38.02,198,182
3992,Light Goods Vehicle,Lane 1,15.57,15.68,31,30
3995,Light Goods Vehicle,Lane 1,14.62,15.43,36,35
3997,Light Goods Vehicle,Lane 1,23.36,29.14,87,85
3999,Three-Wheeler,Lane 1,26.84,29.48,207,202
4003,Light Goods Vehicle,Lane 1,8.64,9.0,31,30
4004,Van,Lane 1,11.63,11.82,31,30
4007,Car,Lane 2,23.44,34.88,313,266
4010,Car,Lane 1,13.95,14.46,34,33
4011,Car,Lane 1,94.25,100.59,62,52
4013,Car,Lane 1,59.54,60.45,129,127
4018,Car,Lane 1,8.82,13.02,165,163
4020,Car,Lane 1,10.3,10.86,38,37
4023,Van,Lane 1,13.56,14.27,33,32
4028,Car,Lane 1,32.04,43.34,219,195
4030,Car,Lane 1,37.13,48.09,225,186
4031,Three-Wheeler,Lane 1,39.92,49.74,238,197
4043,Motorcycle,Lane 1,77.02,90.78,48,45
4047,Car,Lane 1,30.34,33.58,62,52
4053,Car,Lane 1,5.66,18.94,32,12
4055,Van,Lane 1,3.0,3.5,31,30
4057,Car,Lane 1,24.63,28.17,105,104
4060,Van,Lane 1,15.35,17.27,32,31
4067,Light Goods Vehicle,Lane 1,10.42,10.47,31,30
4068,Bus,Lane 1,20.17,17.82,57,55
4069,Car,Lane 1,19.94,20.13,32,31
4071,Motorcycle,Lane 1,77.4,86.89,49,38
4074,Motorcycle,Lane 1,78.49,89.46,55,47
4077,Bus,Lane 1,56.6,62.11,261,200
4078,Light Goods Vehicle,Lane 1,7.18,5.53,31,8
4079,Three-Wheeler,Lane 1,8.3,9.74,34,26
4081,Motorcycle,Lane 1,52.5,55.24,71,69
4082,Motorcycle,Lane 1,75.4,81.71,58,57
4083,Motorcycle,Lane 1,48.8,49.31,82,81
4085,Bus,Lane 1,75.41,69.27,149,118
4086,Car,Lane 1,42.56,49.71,248,220
4087,Car,Lane 1,33.66,33.48,40,39
4089,Light Goods Vehicle,Lane 1,50.5,55.08,107,105
4090,Car,Lane 1,42.83,44.33,117,116
4091,Light Goods Vehicle,Lane 1,49.35,55.07,67,66
4095,Car,Lane 1,42.34,44.76,129,127
4096,Three-Wheeler,Lane 1,38.84,45.12,187,176
4099,Car,Lane 1,53.82,58.12,225,189
4101,Car,Lane 1,59.45,66.6,132,107
4107,Three-Wheeler,Lane 1,60.78,41.49,57,43
4111,Car,Lane 1,42.81,51.1,38,37
4119,Motorcycle,Lane 1,8.66,8.75,31,30
4120,Motorcycle,Lane 1,99.99,100.6,59,44
4124,Motorcycle,Lane 1,110.8,116.34,31,23
4126,Car,Lane 1,18.13,18.64,33,32
4127,Car,Lane 1,78.82,87.24,154,146
4128,Light Goods Vehicle,Lane 1,72.72,86.33,77,67
4134,Car,Lane 1,80.19,91.8,46,29
4135,Light Goods Vehicle,Lane 1,99.19,108.79,36,21
4137,Light Goods Vehicle,Lane 1,76.35,77.58,117,108
4146,Light Goods Vehicle,Lane 1,79.08,80.31,61,55
4147,Van,Lane 1,31.92,33.69,38,37
4148,Three-Wheeler,Lane 2,19.87,24.51,287,236
4150,Bus,Lane 1,56.34,57.54,170,155
4152,Car,Lane 1,66.02,59.8,189,160
4156,Car,Lane 1,6.96,5.89,31,18
4161,Van,Lane 1,47.36,58.04,38,37
4164,Car,Lane 1,55.93,52.54,179,166
4168,Motorcycle,Lane 1,23.99,27.61,37,36
4169,Motorcycle,Lane 1,23.49,24.68,32,31
4170,Three-Wheeler,Lane 1,30.37,36.09,203,170
4175,Car,Lane 2,13.78,16.61,147,146
4187,Car,Lane 1,48.42,52.9,312,209
4188,Van,Lane 1,9.74,55.35,44,12
4189,Light Goods Vehicle,Lane 1,46.61,50.69,105,104
4193,Car,Lane 1,19.15,19.72,36,35
4204,Light Goods Vehicle,Lane 1,33.28,33.26,175,168
4210,Car,Lane 1,35.66,37.03,225,200
4211,Three-Wheeler,Lane 1,37.85,40.08,54,53
4212,Car,Lane 1,40.63,44.75,44,43
4213,Light Goods Vehicle,Lane 1,39.63,45.32,906,556
4214,Van,Lane 1,9.74,49.82,254,73
4218,Car,Lane 1,36.62,34.19,73,65
4220,Three-Wheeler,Lane 1,44.13,47.05,134,119
4225,Motorcycle,Lane 1,37.96,42.25,121,118
4227,Three-Wheeler,Lane 2,34.4,39.92,236,216
4231,Bus,Lane 1,39.17,41.84,61,36
4237,Car,Lane 1,11.97,10.65,31,30
4238,Motorcycle,Lane 1,31.3,32.06,32,31
4245,Motorcycle,Lane 1,56.49,59.46,59,58
4246,Motorcycle,Lane 1,44.5,46.17,31,30
4250,Light Goods Vehicle,Lane 1,21.7,29.49,66,65
4252,Car,Lane 1,26.42,31.42,57,56
4255,Car,Lane 1,59.21,57.9,128,56
4259,Three-Wheeler,Lane 1,5.99,21.56,31,27
4262,Van,Lane 1,9.62,45.75,49,6
4263,Bus,Lane 2,14.46,18.8,67,66
4266,Car,Lane 1,8.15,41.09,32,23
4272,Motorcycle,Lane 1,30.05,31.21,52,50
4273,Light Goods Vehicle,Lane 2,7.79,7.75,33,32
4277,Car,Lane 1,67.62,72.78,61,59
4284,Car,Lane 1,91.09,101.88,33,25
4290,Light Goods Vehicle,Lane 1,136.41,128.86,42,6
4295,Van,Lane 1,54.27,55.51,60,51
4298,Motorcycle,Lane 1,21.69,22.59,32,31
4299,Car,Lane 2,35.6,65.48,66,41
4300,Motorcycle,Lane 1,31.13,36.06,60,57
4301,Car,Lane 1,70.28,65.93,128,61
4304,Van,Lane 1,11.77,15.04,41,39
4306,Van,Lane 1,100.81,105.46,39,3
4312,Car,Lane 1,137.73,135.53,31,10
4316,Car,Lane 1,174.47,171.4,43,3
4317,Motorcycle,Lane 1,97.55,116.12,31,27
4331,Three-Wheeler,Lane 1,13.57,8.87,88,15
4336,Car,Lane 1,146.97,146.97,36,2
4338,Car,Lane 1,94.7,99.87,48,45
4340,Car,Lane 1,48.6,44.98,224,130
4353,Three-Wheeler,Lane 1,32.56,32.47,37,36
4354,Three-Wheeler,Lane 2,61.63,67.57,111,86
4355,Van,Lane 1,60.22,63.14,33,32
4356,Car,Lane 1,56.99,75.71,68,58
4357,Van,Lane 1,83.0,93.66,102,79
4358,Three-Wheeler,Lane 1,40.11,62.27,58,50
4360,Car,Lane 1,93.11,104.82,90,58
4365,Car,Lane 1,125.08,130.39,35,15
4371,Van,Lane 1,72.37,85.54,89,48
4374,Three-Wheeler,Lane 2,23.4,39.54,92,85
4377,Car,Lane 1,63.86,77.82,67,53
4389,Car,Lane 1,38.79,54.72,47,40
4400,Motorcycle,Lane 1,89.66,95.6,31,30
4409,Car,Lane 2,59.8,66.38,34,33
4410,Car,Lane 1,14.98,14.94,31,30
4415,Light Goods Vehicle,Lane 1,118.7,111.68,45,14
4416,Car,Lane 2,37.38,44.02,32,30
4422,Car,Lane 1,102.17,108.41,32,18
4435,Light Goods Vehicle,Lane 1,103.8,117.45,49,12
4436,Car,Lane 1,33.42,46.3,35,34
4444,Three-Wheeler,Lane 1,79.35,79.26,31,30
4446,Three-Wheeler,Lane 2,85.46,89.63,31,30
4455,Car,Lane 1,39.68,41.18,31,30
4458,Motorcycle,Lane 1,104.25,106.29,48,16
4459,Motorcycle,Lane 1,95.29,95.69,56,20
4460,Three-Wheeler,Lane 1,40.89,49.92,113,100
4461,Car,Lane 1,6.69,8.2,35,34
4462,Bus,Lane 1,35.56,34.09,118,113
4465,Three-Wheeler,Lane 1,70.12,52.76,117,34
4466,Bus,Lane 1,49.76,60.26,251,192
4467,Car,Lane 1,9.35,9.21,31,30
4470,Car,Lane 1,144.45,144.45,39,1
4475,Car,Lane 1,108.23,109.46,79,71
4476,Three-Wheeler,Lane 1,54.87,59.99,86,61
4484,Van,Lane 1,50.89,51.63,164,145
4492,Three-Wheeler,Lane 1,35.15,42.05,117,114
4493,Motorcycle,Lane 1,23.35,27.84,42,41
4494,Three-Wheeler,Lane 1,67.42,52.3,81,20
4506,Car,Lane 1,105.4,100.22,44,24
4507,Light Goods Vehicle,Lane 1,29.93,34.34,54,52
4510,Van,Lane 1,69.34,72.15,151,132
4517,Motorcycle,Lane 1,26.45,30.96,35,34
4521,Motorcycle,Lane 2,29.42,29.53,31,30
4522,Motorcycle,Lane 1,24.65,27.36,32,31
4526,Motorcycle,Lane 2,1.94,3.54,32,30
4529,Three-Wheeler,Lane 1,7.68,31.47,59,26
4533,Motorcycle,Lane 1,86.58,98.69,59,45
4538,Car,Lane 1,105.74,116.59,44,15
4540,Van,Lane 1,74.73,72.16,132,93
4545,Motorcycle,Lane 1,13.11,12.82,31,30
4549,Motorcycle,Lane 1,94.18,99.55,47,39
4558,Car,Lane 1,46.22,45.05,244,184
4559,Motorcycle,Lane 1,49.71,47.9,31,30
4562,Car,Lane 1,95.49,105.77,34,23
4564,Light Goods Vehicle,Lane 1,52.67,49.13,217,174
4565,Car,Lane 1,51.45,53.3,96,95
4567,Three-Wheeler,Lane 1,15.08,14.86,33,32
4570,Motorcycle,Lane 1,68.58,80.87,59,57
4574,Motorcycle,Lane 1,70.26,72.84,55,54
4576,Motorcycle,Lane 1,6.57,6.58,31,30
4577,Motorcycle,Lane 1,36.88,38.22,32,31
4578,Motorcycle,Lane 1,16.89,16.83,33,32
4579,Motorcycle,Lane 1,12.38,12.75,31,30
4584,Car,Lane 1,15.32,15.9,32,31
4585,Motorcycle,Lane 1,94.95,104.64,40,31
4586,Car,Lane 1,34.37,34.9,170,157
4587,Motorcycle,Lane 1,40.94,42.59,31,30
4591,Motorcycle,Lane 1,60.63,58.94,47,46
4593,Motorcycle,Lane 1,58.93,63.28,34,33
4595,Van,Lane 1,8.15,23.28,31,15
4598,Car,Lane 1,95.87,70.7,74,13
4600,Car,Lane 1,53.51,49.6,437,223
4603,Three-Wheeler,Lane 1,50.17,51.07,32,8
4610,Car,Lane 1,41.77,45.36,251,206
4616,Car,Lane 1,7.31,19.46,35,16
4618,Bus,Lane 1,26.37,35.29,294,259
4626,Light Goods Vehicle,Lane 1,4.76,4.77,67,14
4638,Light Goods Vehicle,Lane 1,7.3,6.44,67,13
4639,Three-Wheeler,Lane 1,22.28,43.51,1080,391
4640,Car,Lane 1,65.65,58.03,88,49
4645,Motorcycle,Lane 1,17.13,28.35,106,103
4647,Motorcycle,Lane 1,22.81,30.14,98,95
4656,Motorcycle,Lane 1,59.38,64.41,46,45
4659,Three-Wheeler,Lane 1,50.98,53.44,32,31
4660,Motorcycle,Lane 1,59.43,62.3,92,90
4666,Car,Lane 1,40.12,40.99,303,223
4677,Car,Lane 1,29.63,32.52,163,161
4679,Three-Wheeler,Lane 1,43.37,42.81,125,117
4680,Car,Lane 1,48.34,55.65,51,50
4681,Car,Lane 1,56.32,63.96,36,35
4685,Car,Lane 1,26.39,28.79,183,163
4686,Van,Lane 1,7.5,28.46,63,38
4689,Car,Lane 1,28.16,29.97,351,249
4692,Light Goods Vehicle,Lane 1,3.95,10.39,31,29
4701,Bus,Lane 1,7.05,26.82,70,35
4707,Three-Wheeler,Lane 1,35.24,35.71,259,212
4710,Car,Lane 1,69.47,69.89,153,134
4713,Bus,Lane 1,82.89,76.57,327,215
4715,Light Goods Vehicle,Lane 1,2.19,4.03,61,11
4720,Three-Wheeler,Lane 1,8.03,21.16,33,24
4727,Motorcycle,Lane 1,74.99,83.84,61,59
4733,Motorcycle,Lane 1,81.19,82.69,56,48
4735,Motorcycle,Lane 1,64.02,66.38,61,60
4736,Three-Wheeler,Lane 1,32.95,34.36,31,30
4738,Motorcycle,Lane 1,13.1,14.2,31,30
4740,Motorcycle,Lane 1,62.35,73.41,71,67
4741,Motorcycle,Lane 1,74.65,84.86,48,46
4748,Motorcycle,Lane 1,55.61,58.17,65,64
4753,Van,Lane 1,32.37,41.54,56,24
4754,Three-Wheeler,Lane 1,51.29,38.52,482,226
4764,Van,Lane 1,48.92,54.01,246,225
4767,Motorcycle,Lane 1,26.01,33.24,48,46
4775,Three-Wheeler,Lane 1,41.07,51.91,101,94
4781,Three-Wheeler,Lane 1,45.04,49.57,186,164
4782,Motorcycle,Lane 2,32.36,39.46,67,66
4796,Bus,Lane 1,63.06,61.14,62,8
4798,Light Goods Vehicle,Lane 1,43.75,43.99,64,63
4800,Motorcycle,Lane 2,28.83,35.15,60,59
4804,Motorcycle,Lane 2,23.07,24.93,33,32
4805,Car,Lane 1,26.75,34.16,48,47
4807,Car,Lane 1,24.46,52.15,120,65
4808,Three-Wheeler,Lane 2,8.12,11.71,4252,1960
4809,Three-Wheeler,Lane 1,6.73,8.82,31,30
4812,Van,Lane 1,17.83,18.57,32,31
4813,Motorcycle,Lane 1,84.37,91.16,53,43
4816,Motorcycle,Lane 1,73.86,78.09,98,95
4817,Three-Wheeler,Lane 1,47.85,47.1,189,175
4818,Car,Lane 1,72.01,84.98,41,35
4819,Car,Lane 1,88.24,101.06,33,27
4822,Light Goods Vehicle,Lane 1,52.37,50.02,139,135
4835,Motorcycle,Lane 1,32.24,37.96,61,60
4848,Car,Lane 1,35.97,43.27,50,47
4850,Light Goods Vehicle,Lane 2,29.1,28.94,58,50
4854,Motorcycle,Lane 1,21.78,24.26,34,33
4858,Van,Lane 1,9.26,48.74,45,13
4863,Motorcycle,Lane 2,23.33,27.61,53,52
4872,Light Goods Vehicle,Lane 1,51.14,45.76,101,75
4874,Light Goods Vehicle,Lane 1,28.45,33.6,73,72
4876,Three-Wheeler,Lane 1,49.92,51.7,175,155
4877,Bus,Lane 2,63.52,52.98,73,30
4880,Motorcycle,Lane 2,11.75,13.37,86,79
4882,Motorcycle,Lane 2,14.08,16.98,93,89
4884,Car,Lane 1,10.25,52.24,47,20
4885,Bus,Lane 1,8.88,41.96,70,46
4886,Car,Lane 1,54.76,53.94,180,167
4889,Car,Lane 1,23.78,33.27,60,59
4890,Bus,Lane 1,28.42,28.21,43,42
4891,Van,Lane 1,38.02,40.78,38,37
4892,Bus,Lane 1,35.88,51.17,240,217
4893,Three-Wheeler,Lane 1,55.77,60.11,168,146
4895,Car,Lane 1,14.79,16.22,34,33
4896,Light Goods Vehicle,Lane 1,65.87,72.38,153,148
4899,Car,Lane 1,84.26,94.37,45,31
4900,Bus,Lane 1,43.47,46.65,34,32
4904,Light Goods Vehicle,Lane 1,53.1,61.61,92,90
4906,Light Goods Vehicle,Lane 1,53.29,69.97,163,138
4909,Car,Lane 1,66.46,79.08,37,36
4910,Car,Lane 1,84.85,95.34,117,76
4913,Car,Lane 1,90.65,94.13,73,67
4918,Van,Lane 1,11.22,11.41,31,30
4921,Bus,Lane 1,73.54,71.04,34,33
4927,Bus,Lane 1,64.08,74.06,68,62
4931,Van,Lane 1,94.44,99.01,75,41
4937,Bus,Lane 2,34.71,40.21,210,186
4942,Light Goods Vehicle,Lane 1,24.96,35.04,53,52
4943,Car,Lane 1,83.64,98.29,76,49
4947,Bus,Lane 1,26.92,30.48,43,41
4948,Bus,Lane 1,86.86,70.52,74,50
4950,Bus,Lane 1,100.54,98.89,120,102
4964,Bus,Lane 2,58.35,54.82,463,297
4971,Bus,Lane 2,3.71,11.07,32,26
4972,Motorcycle,Lane 1,24.65,28.2,52,50
4977,Bus,Lane 2,12.8,13.82,72,71
4980,Motorcycle,Lane 1,22.57,29.26,55,54
4985,Motorcycle,Lane 1,18.93,20.26,51,49
4986,Motorcycle,Lane 1,22.83,26.74,44,43
4994,Motorcycle,Lane 2,24.53,26.2,31,30
4999,Motorcycle,Lane 1,85.26,92.95,41,39
5002,Motorcycle,Lane 1,9.72,9.81,31,30
5003,Motorcycle,Lane 1,60.43,88.25,51,31
5015,Three-Wheeler,Lane 1,46.22,53.66,131,126
5016,Bus,Lane 2,5.94,28.37,60,25
5017,Car,Lane 1,33.54,35.21,36,35
5018,Car,Lane 1,69.03,71.85,172,159
5021,Bus,Lane 1,28.32,35.74,42,41
5022,Light Goods Vehicle,Lane 1,20.09,21.05,34,33
5025,Motorcycle,Lane 1,23.99,30.5,47,46
5028,Motorcycle,Lane 1,21.48,24.69,60,59
5030,Car,Lane 1,85.08,90.88,147,136
5032,Bus,Lane 1,41.83,42.97,238,218
5035,Car,Lane 1,113.38,117.04,41,28
5038,Car,Lane 2,17.1,21.97,608,441
5039,Bus,Lane 1,62.3,55.55,39,23
5042,Car,Lane 1,57.36,64.53,175,167
5047,Car,Lane 1,67.95,76.77,74,72
5049,Bus,Lane 1,26.23,45.0,404,316
5050,Bus,Lane 2,69.5,55.96,186,92
5054,Motorcycle,Lane 1,92.16,92.56,59,44
5057,Motorcycle,Lane 1,80.64,95.42,49,42
5068,Light Goods Vehicle,Lane 1,2.21,3.68,32,7
5070,Heavy Goods Vehicle,Lane 1,5.26,6.6,32,31
5074,Motorcycle,Lane 1,128.06,131.19,33,13
5076,Van,Lane 1,35.25,41.53,43,42
5078,Motorcycle,Lane 1,96.39,105.16,63,48
5089,Motorcycle,Lane 1,19.38,19.57,31,30
5094,Car,Lane 1,91.33,100.53,36,23
5096,Van,Lane 1,87.49,92.35,126,118
5103,Light Goods Vehicle,Lane 1,73.63,67.01,199,132
5104,Car,Lane 1,22.71,32.51,400,329
5107,Bus,Lane 2,25.78,32.96,551,427
5111,Three-Wheeler,Lane 1,44.72,50.44,149,104
5115,Bus,Lane 2,53.8,45.33,73,30
5119,Motorcycle,Lane 1,86.11,85.61,46,33
5120,Motorcycle,Lane 1,8.86,8.85,31,30
5121,Motorcycle,Lane 1,71.52,70.32,92,90
5122,Motorcycle,Lane 1,94.06,101.45,40,28
5123,Motorcycle,Lane 1,75.85,86.58,44,43
5128,Car,Lane 1,81.9,93.71,42,33
5129,Light Goods Vehicle,Lane 1,99.87,108.66,37,24
5131,Light Goods Vehicle,Lane 1,59.31,64.55,193,167
5133,Bus,Lane 1,59.61,65.11,119,112
5138,Light Goods Vehicle,Lane 1,105.38,81.05,136,81
5146,Light Goods Vehicle,Lane 1,16.92,19.08,145,140
5151,Light Goods Vehicle,Lane 1,14.74,18.27,136,133
5152,Van,Lane 2,9.19,9.57,35,34
5153,Van,Lane 2,10.61,10.97,36,35
5157,Van,Lane 2,10.67,10.99,33,32
5159,Motorcycle,Lane 1,23.27,23.86,33,32
5162,Motorcycle,Lane 1,83.12,88.69,63,58
5174,Motorcycle,Lane 2,23.71,27.19,35,34
5179,Van,Lane 1,13.1,13.77,38,37
5187,Car,Lane 1,11.68,15.68,136,126
5189,Light Goods Vehicle,Lane 1,34.69,45.13,235,197
5191,Bus,Lane 1,42.24,48.5,732,318
5193,Car,Lane 1,45.7,48.11,31,30
5194,Light Goods Vehicle,Lane 1,95.87,109.99,34,26
5195,Light Goods Vehicle,Lane 1,63.44,73.94,169,113
5199,Light Goods Vehicle,Lane 1,139.95,133.51,39,19
5200,Light Goods Vehicle,Lane 1,102.57,102.16,41,36
5201,Van,Lane 1,5.09,17.21,34,27
5205,Van,Lane 1,5.75,19.76,46,24
5211,Car,Lane 1,40.67,44.62,122,119
5218,Motorcycle,Lane 1,61.76,64.98,33,32
5219,Motorcycle,Lane 1,32.95,33.61,31,30
5225,Van,Lane 1,65.89,56.32,66,38
5229,Motorcycle,Lane 1,29.58,27.24,31,30
5232,Car,Lane 1,52.78,41.25,918,475
5238,Three-Wheeler,Lane 1,5.21,17.21,34,25
5243,Light Goods Vehicle,Lane 1,89.87,62.15,93,30
5246,Car,Lane 1,49.99,51.52,686,447
5249,Motorcycle,Lane 1,35.06,40.47,57,56
5251,Van,Lane 2,61.78,41.61,34,24
5252,Motorcycle,Lane 1,25.82,32.86,34,33
5255,Three-Wheeler,Lane 2,39.1,37.06,146,138
5259,Motorcycle,Lane 2,28.31,33.86,64,62
5261,Light Goods Vehicle,Lane 1,7.18,7.18,31,5
5266,Three-Wheeler,Lane 2,28.35,31.85,155,149
5270,Three-Wheeler,Lane 2,15.61,24.9,966,597
5273,Car,Lane 1,30.54,31.72,35,34
5274,Car,Lane 1,37.35,37.81,109,108
5276,Three-Wheeler,Lane 2,60.93,61.84,49,36
5277,Light Goods Vehicle,Lane 1,40.61,41.81,111,109
5278,Three-Wheeler,Lane 1,34.49,40.95,267,221
5285,Light Goods Vehicle,Lane 1,35.59,34.94,132,79
5290,Three-Wheeler,Lane 1,76.99,47.57,34,9
5292,Car,Lane 1,38.01,43.58,74,54
5293,Bus,Lane 2,81.72,69.55,31,11
5296,Bus,Lane 1,54.61,41.03,165,90
5300,Van,Lane 1,34.61,23.01,32,14
5303,Three-Wheeler,Lane 1,37.5,42.04,158,148
5309,Three-Wheeler,Lane 1,92.42,66.27,133,67
5313,Car,Lane 1,32.62,34.24,172,166
5317,Car,Lane 1,35.41,37.22,52,50
5319,Van,Lane 1,13.48,14.18,37,36
5320,Three-Wheeler,Lane 1,36.84,37.14,239,209
5321,Car,Lane 1,59.86,77.1,51,47
5325,Car,Lane 1,79.98,83.59,145,142
5326,Van,Lane 1,50.6,56.78,217,181
5327,Three-Wheeler,Lane 1,8.76,50.51,54,22
5334,Van,Lane 1,20.15,20.37,42,41
5336,Motorcycle,Lane 2,21.88,23.81,55,52
5342,Heavy Goods Vehicle,Lane 1,35.19,37.24,280,232
5344,Three-Wheeler,Lane 2,31.03,33.26,103,102
5348,Light Goods Vehicle,Lane 1,54.23,62.3,41,40
5349,Three-Wheeler,Lane 1,35.93,35.79,217,192
5354,Car,Lane 1,6.32,11.46,165,49
5357,Car,Lane 1,131.28,123.82,38,28
5359,Three-Wheeler,Lane 1,52.77,55.4,217,199
5369,Car,Lane 1,60.0,62.03,39,38
5371,Car,Lane 1,36.26,36.99,207,190
5372,Car,Lane 1,49.63,54.38,84,82
5374,Van,Lane 2,16.52,17.46,33,32
5375,Car,Lane 1,41.42,46.42,112,111
5382,Motorcycle,Lane 1,97.6,108.84,38,31
5383,Motorcycle,Lane 1,84.16,94.21,49,47
5385,Three-Wheeler,Lane 1,57.53,63.08,34,33
5387,Motorcycle,Lane 1,20.03,20.74,32,31
5388,Light Goods Vehicle,Lane 1,47.88,54.53,147,145
5394,Motorcycle,Lane 1,13.37,13.63,31,30
5402,Three-Wheeler,Lane 1,37.88,37.91,181,168
5403,Motorcycle,Lane 1,76.4,90.67,47,44
5404,Car,Lane 1,28.33,29.41,34,31
5405,Motorcycle,Lane 1,73.87,76.76,61,59
5406,Motorcycle,Lane 1,92.55,100.89,41,33
5412,Car,Lane 1,49.68,50.44,139,121
5415,Car,Lane 1,14.39,14.85,38,37
5422,Bus,Lane 1,61.47,49.3,84,65
5426,Car,Lane 1,43.13,45.73,35,34
5429,Car,Lane 1,84.72,95.82,35,29
5430,Three-Wheeler,Lane 2,22.47,26.91,199,187
5431,Light Goods Vehicle,Lane 1,61.05,60.54,137,130
5432,Car,Lane 1,21.94,23.18,61,59
5433,Light Goods Vehicle,Lane 1,75.87,87.94,56,49
5446,Bus,Lane 2,47.25,36.43,32,19
5447,Three-Wheeler,Lane 1,25.92,30.44,156,139
5448,Motorcycle,Lane 1,88.57,82.82,41,28
5453,Motorcycle,Lane 1,14.14,15.24,32,31
5454,Car,Lane 1,22.97,22.66,41,33
5459,Bus,Lane 2,49.29,42.4,40,24
5460,Bus,Lane 1,28.94,30.95,135,131
5461,Bus,Lane 2,59.23,43.8,50,18
5470,Car,Lane 1,30.81,32.88,94,93
5471,Light Goods Vehicle,Lane 1,20.67,29.59,75,73
5474,Bus,Lane 2,15.33,18.49,64,63
5475,Three-Wheeler,Lane 1,26.77,29.71,255,231
5482,Van,Lane 2,12.31,10.26,6653,2757
5485,Three-Wheeler,Lane 2,25.95,25.9,38,25
5489,Light Goods Vehicle,Lane 2,10.77,11.52,36,35
5492,Light Goods Vehicle,Lane 1,12.08,12.65,32,31
5494,Motorcycle,Lane 1,24.54,27.58,36,35
5498,Three-Wheeler,Lane 1,27.21,30.08,217,193
5502,Motorcycle,Lane 1,16.7,17.32,31,30
5506,Bus,Lane 2,4.72,5.59,32,31
5511,Car,Lane 1,49.41,35.67,34,23
5516,Car,Lane 1,52.88,59.58,115,63
5521,Bus,Lane 1,16.09,20.14,70,69
5522,Motorcycle,Lane 1,16.8,17.81,37,36
5526,Car,Lane 1,27.15,29.95,274,227
5530,Car,Lane 1,27.41,32.53,215,201
5537,Van,Lane 1,28.65,26.85,38,27
5539,Three-Wheeler,Lane 1,34.6,40.31,177,160
5540,Motorcycle,Lane 2,21.59,22.8,46,39
5543,Motorcycle,Lane 1,16.69,22.48,49,48
5544,Motorcycle,Lane 1,22.72,26.69,56,55
5546,Motorcycle,Lane 1,15.16,18.27,40,39
5548,Van,Lane 1,12.42,12.78,35,34
5550,Motorcycle,Lane 1,16.83,20.47,47,46
5556,Bus,Lane 1,37.27,52.17,166,126
5560,Three-Wheeler,Lane 1,19.36,25.37,178,154
5561,Three-Wheeler,Lane 1,24.27,30.29,218,199
5568,Bus,Lane 1,33.75,43.15,239,210
5579,Light Goods Vehicle,Lane 1,22.18,25.05,33,32
5581,Light Goods Vehicle,Lane 1,25.31,32.0,46,45
5587,Car,Lane 1,89.11,101.31,52,23
5588,Bus,Lane 1,74.67,80.32,139,131
5591,Light Goods Vehicle,Lane 1,15.99,17.28,33,32
5597,Van,Lane 1,10.64,10.9,31,30
5599,Three-Wheeler,Lane 2,31.57,38.38,260,223
5601,Car,Lane 1,70.92,85.29,44,39
5604,Van,Lane 1,71.71,79.52,144,133
5605,Car,Lane 1,66.04,74.67,170,159
5613,Car,Lane 1,90.76,89.99,58,53
5617,Light Goods Vehicle,Lane 1,19.1,22.89,72,71
5620,Car,Lane 1,29.23,32.16,276,233
5622,Bus,Lane 1,3.59,4.46,31,30
5623,Car,Lane 1,26.62,28.48,189,178
5629,Car,Lane 1,33.92,39.98,57,56
5630,Heavy Goods Vehicle,Lane 2,143.52,148.28,31,7
5631,Bus,Lane 1,6.25,8.03,36,35
5634,Motorcycle,Lane 1,105.77,100.76,47,24
5638,Motorcycle,Lane 1,114.24,114.06,87,70
5645,Bus,Lane 1,11.49,11.93,35,34
5646,Motorcycle,Lane 1,106.38,107.83,38,23
5647,Bus,Lane 1,11.63,12.22,34,33
5649,Motorcycle,Lane 1,18.03,20.57,58,56
5650,Motorcycle,Lane 1,19.61,23.11,42,41
5651,Light Goods Vehicle,Lane 1,8.18,8.62,35,34
5656,Motorcycle,Lane 1,5.71,4.5,32,25
5658,Motorcycle,Lane 1,24.61,29.84,37,36
5659,Motorcycle,Lane 1,17.1,19.28,40,39
5661,Car,Lane 2,13.56,16.89,49,48
5663,Car,Lane 1,58.39,64.34,37,36
5664,Van,Lane 2,5.89,12.36,34,7
5665,Car,Lane 1,112.07,119.62,36,17
5666,Bus,Lane 1,91.28,71.28,873,394
5669,Van,Lane 1,12.84,13.12,33,32
5674,Van,Lane 2,42.12,46.01,35,24
5675,Car,Lane 1,15.76,16.5,40,39
5676,Van,Lane 2,10.67,22.43,2638,1350
5678,Van,Lane 1,10.34,10.93,34,33
5679,Van,Lane 1,9.83,10.26,32,31
5682,Van,Lane 2,36.56,24.87,49,32
5685,Van,Lane 1,9.67,48.04,35,14
5687,Motorcycle,Lane 1,76.15,79.72,65,63
5689,Car,Lane 1,36.24,37.74,32,31
5690,Light Goods Vehicle,Lane 1,44.34,43.84,191,168
5710,Three-Wheeler,Lane 1,37.43,33.38,35,34
5712,Car,Lane 1,53.59,55.05,168,147
5716,Car,Lane 1,22.66,23.03,32,31
5717,Car,Lane 1,43.77,52.91,167,160
5719,Light Goods Vehicle,Lane 1,47.4,46.91,167,155
5720,Car,Lane 1,43.79,46.78,122,121
5727,Car,Lane 1,43.16,46.31,196,186
5733,Three-Wheeler,Lane 1,97.67,97.07,41,12
5734,Bus,Lane 1,28.03,34.36,44,43
5742,Light Goods Vehicle,Lane 1,34.28,39.55,103,101
5743,Car,Lane 1,33.37,36.83,66,65
5748,Three-Wheeler,Lane 1,92.09,55.73,91,16
5750,Motorcycle,Lane 1,70.56,73.25,44,42
5751,Motorcycle,Lane 1,54.36,63.44,60,59
5752,Motorcycle,Lane 1,62.66,63.9,73,72
5762,Three-Wheeler,Lane 1,86.93,59.52,52,13
5764,Car,Lane 1,109.74,72.91,266,122
5767,Van,Lane 1,43.79,45.02,34,6
5770,Three-Wheeler,Lane 1,92.81,79.56,785,330
5773,Three-Wheeler,Lane 2,21.54,24.66,35,34
5775,Three-Wheeler,Lane 1,88.69,75.14,140,55
5776,Motorcycle,Lane 2,16.95,20.66,44,43
5781,Van,Lane 1,38.86,41.68,39,38
5782,Car,Lane 1,63.75,64.7,154,140
5785,Light Goods Vehicle,Lane 1,4.71,4.73,39,8
5790,Car,Lane 1,83.12,59.09,35,6
5791,Light Goods Vehicle,Lane 1,7.26,7.49,64,9
5794,Car,Lane 1,9.81,45.4,37,9
5795,Van,Lane 2,44.81,36.92,81,37
5796,Three-Wheeler,Lane 1,9.39,9.39,32,9
5800,Three-Wheeler,Lane 1,87.93,59.93,169,52
5803,Car,Lane 2,10.69,19.28,192,63
5805,Car,Lane 1,26.97,27.26,38,37
5806,Motorcycle,Lane 1,10.36,10.42,31,30
5807,Motorcycle,Lane 1,69.07,84.97,52,37
5808,Motorcycle,Lane 1,84.41,86.08,83,76
5809,Car,Lane 1,49.05,47.69,261,187
5811,Motorcycle,Lane 1,84.57,92.75,36,29
5815,Car,Lane 1,2.2,4.34,35,12
5820,Three-Wheeler,Lane 1,49.34,50.25,191,178
5823,Motorcycle,Lane 1,69.32,80.8,59,57
5829,Motorcycle,Lane 1,70.14,73.34,58,57
5833,Car,Lane 1,9.37,50.52,157,44
5837,Motorcycle,Lane 1,41.97,46.42,92,91
5839,Motorcycle,Lane 1,51.79,58.18,65,64
5842,Car,Lane 1,50.13,52.6,186,168
5843,Motorcycle,Lane 1,43.57,43.76,43,42
5848,Van,Lane 1,78.87,65.86,41,10
5849,Three-Wheeler,Lane 1,44.46,47.49,220,190
5850,Car,Lane 1,51.0,51.19,161,148
5851,Car,Lane 1,25.67,27.41,31,30
5852,Car,Lane 1,53.06,48.83,365,237
5854,Car,Lane 1,44.48,44.86,399,289
5858,Van,Lane 2,51.12,51.16,31,8
5860,Van,Lane 2,45.07,46.01,213,193
5867,Car,Lane 1,48.93,52.02,203,185
5869,Car,Lane 1,7.84,7.84,34,3
5870,Light Goods Vehicle,Lane 1,8.94,9.27,31,30
5876,Car,Lane 1,37.1,45.75,105,103
5878,Motorcycle,Lane 2,24.1,32.15,81,80
5885,Light Goods Vehicle,Lane 1,21.7,29.46,84,82
5888,Bus,Lane 1,17.53,13.9,48,46
5890,Motorcycle,Lane 2,24.55,28.18,36,35
5897,Bus,Lane 1,40.37,45.23,167,151
5899,Light Goods Vehicle,Lane 1,11.12,11.1,31,30
5903,Car,Lane 1,63.06,61.52,89,48
5904,Bus,Lane 1,45.08,59.13,161,140
5906,Motorcycle,Lane 1,32.61,41.63,58,57
5909,Motorcycle,Lane 1,30.07,32.81,45,43
5910,Motorcycle,Lane 1,71.33,78.93,68,65
5913,Van,Lane 1,90.88,93.9,33,31
5922,Three-Wheeler,Lane 1,55.72,61.74,125,105
5925,Bus,Lane 1,55.92,61.91,113,107
5928,Car,Lane 1,6.41,5.78,33,7
5931,Bus,Lane 1,18.03,27.61,57,56
5933,Three-Wheeler,Lane 1,27.33,31.02,198,184
5934,Car,Lane 1,54.6,62.38,63,39
5936,Light Goods Vehicle,Lane 1,76.54,84.33,89,72
5938,Three-Wheeler,Lane 1,44.03,50.24,166,158
5939,Three-Wheeler,Lane 2,13.13,20.6,168,165
5940,Van,Lane 1,54.21,65.49,40,36
5942,Van,Lane 1,24.02,55.09,70,68
5954,Three-Wheeler,Lane 2,32.47,35.17,205,187
5957,Van,Lane 2,5.79,24.82,32,20
5958,Motorcycle,Lane 1,83.16,90.98,52,49
5961,Car,Lane 1,35.63,39.37,249,218
5962,Motorcycle,Lane 1,81.43,87.16,54,52
5964,Light Goods Vehicle,Lane 1,14.98,15.45,34,33
5967,Light Goods Vehicle,Lane 2,6.62,6.82,31,30
5968,Car,Lane 1,43.54,44.95,38,37
5973,Light Goods Vehicle,Lane 1,55.74,60.88,193,182
5975,Light Goods Vehicle,Lane 1,60.68,65.92,85,84
5978,Car,Lane 2,5.06,5.52,44,43
5980,Light Goods Vehicle,Lane 1,17.21,19.22,34,33
5983,Van,Lane 2,3.08,3.73,64,62
5985,Three-Wheeler,Lane 2,24.66,23.33,33,27
5991,Van,Lane 2,2.77,2.52,31,22
5993,Car,Lane 2,15.27,18.35,50,49
5999,Light Goods Vehicle,Lane 1,16.72,23.18,73,72
6005,Motorcycle,Lane 2,18.5,22.68,42,41
6008,Light Goods Vehicle,Lane 1,13.7,14.26,37,36
6010,Van,Lane 2,44.35,30.98,35,20
6012,Light Goods Vehicle,Lane 1,33.99,36.93,118,113
6014,Bus,Lane 1,65.72,74.4,36,35
6017,Light Goods Vehicle,Lane 1,60.38,75.43,74,66
6019,Motorcycle,Lane 2,21.34,24.65,95,87
6035,Light Goods Vehicle,Lane 1,69.75,73.12,133,125
6045,Car,Lane 1,53.92,56.21,148,140
6048,Van,Lane 1,6.17,5.9,32,31
6049,Car,Lane 2,9.45,9.81,45,44
6051,Light Goods Vehicle,Lane 1,16.46,16.97,38,37
6053,Car,Lane 1,81.17,84.07,154,146
6055,Car,Lane 1,62.26,60.02,151,146
6059,Motorcycle,Lane 1,104.82,110.9,39,25
6061,Motorcycle,Lane 1,106.19,112.89,54,40
6070,Car,Lane 1,53.11,55.76,309,214
6073,Car,Lane 1,25.11,25.86,36,35
6074,Light Goods Vehicle,Lane 1,44.45,43.68,104,102
6075,Light Goods Vehicle,Lane 1,79.6,91.39,33,31
6076,Light Goods Vehicle,Lane 1,46.31,54.13,720,324
6079,Light Goods Vehicle,Lane 1,2.2,4.13,34,16
6090,Motorcycle,Lane 1,12.62,12.76,31,30
6093,Three-Wheeler,Lane 2,71.84,44.14,36,9
6094,Three-Wheeler,Lane 1,38.97,38.99,155,148
6102,Motorcycle,Lane 1,53.11,54.4,73,72
6111,Three-Wheeler,Lane 1,116.81,79.32,187,43
6115,Motorcycle,Lane 1,54.64,56.12,71,70
6118,Motorcycle,Lane 1,42.74,46.63,35,34
6119,Car,Lane 1,36.27,37.27,31,30
6124,Motorcycle,Lane 1,95.1,98.21,76,72
6127,Car,Lane 1,22.42,26.31,37,36
6128,Car,Lane 1,48.72,52.2,130,125
6131,Van,Lane 1,38.69,38.91,75,73
6132,Light Goods Vehicle,Lane 1,2.19,3.39,40,4
6134,Car,Lane 1,7.2,7.34,66,14
6135,Van,Lane 1,51.46,48.85,199,160
6140,Motorcycle,Lane 1,27.72,31.43,53,51
6142,Motorcycle,Lane 1,27.74,33.05,52,51
6146,Three-Wheeler,Lane 1,61.76,52.41,91,70
6151,Three-Wheeler,Lane 1,34.33,49.78,83,80
6155,Car,Lane 1,47.06,46.2,152,150
6164,Light Goods Vehicle,Lane 1,43.69,49.02,118,116
6166,Bus,Lane 1,51.85,58.5,196,175
6171,Car,Lane 1,35.41,39.74,382,245
6175,Light Goods Vehicle,Lane 1,46.8,33.17,42,39
6176,Three-Wheeler,Lane 1,24.56,26.12,33,32
6180,Motorcycle,Lane 1,118.14,122.86,33,17
6181,Motorcycle,Lane 1,77.85,79.83,55,50
6183,Motorcycle,Lane 1,10.59,10.29,32,31
6185,Motorcycle,Lane 1,36.82,40.12,72,71
6191,Motorcycle,Lane 1,37.99,39.62,85,83
6195,Van,Lane 1,19.05,19.42,40,39
6198,Car,Lane 1,39.49,38.35,304,208
6199,Car,Lane 1,5.7,4.95,42,10
6201,Car,Lane 1,114.41,69.58,36,11
6202,Three-Wheeler,Lane 1,76.0,53.87,33,14
6206,Motorcycle,Lane 1,70.91,77.15,72,70
6208,Motorcycle,Lane 1,80.39,87.66,57,54
6210,Motorcycle,Lane 1,34.93,32.37,31,30
6211,Car,Lane 1,61.97,64.8,39,38
6216,Bus,Lane 1,43.53,47.32,105,104
6220,Car,Lane 1,44.12,44.21,308,261
6226,Car,Lane 1,47.94,59.83,132,120
6235,Motorcycle,Lane 1,2.06,4.98,32,20
6238,Motorcycle,Lane 1,22.15,24.09,32,31
6241,Motorcycle,Lane 1,68.94,71.17,52,47
6242,Motorcycle,Lane 1,62.28,68.18,47,46
6244,Three-Wheeler,Lane 1,89.52,61.85,81,11
6245,Motorcycle,Lane 1,60.74,70.81,75,74
6246,Car,Lane 1,42.44,36.67,1052,314
6251,Motorcycle,Lane 1,48.83,48.0,48,47
6264,Three-Wheeler,Lane 1,59.32,63.1,77,76
6269,Motorcycle,Lane 1,17.24,16.19,32,31
6271,Light Goods Vehicle,Lane 1,41.29,42.52,33,32
6272,Light Goods Vehicle,Lane 1,40.16,37.0,154,146
6273,Light Goods Vehicle,Lane 1,41.81,42.11,332,232
6274,Car,Lane 1,38.78,36.88,1442,801
6280,Three-Wheeler,Lane 1,42.95,46.46,86,85
6283,Motorcycle,Lane 1,49.59,52.53,61,60
6287,Light Goods Vehicle,Lane 1,12.81,51.23,148,44
6293,Motorcycle,Lane 1,37.7,38.23,69,67
6301,Car,Lane 1,25.89,22.47,829,460
6302,Van,Lane 1,75.58,85.76,37,34
6310,Car,Lane 1,34.68,34.61,44,43
6311,Car,Lane 1,24.93,29.36,1030,615
6312,Car,Lane 1,37.17,41.51,58,57
6316,Car,Lane 1,3.53,9.99,31,14
6321,Three-Wheeler,Lane 1,24.29,27.67,52,14
6322,Motorcycle,Lane 1,6.47,10.73,34,33
6323,Motorcycle,Lane 1,8.04,11.58,32,31
6326,Motorcycle,Lane 1,70.29,78.68,51,45
6328,Motorcycle,Lane 1,52.22,56.46,71,70
6329,Motorcycle,Lane 1,27.68,28.14,31,30
6330,Van,Lane 1,32.05,32.47,37,36
6332,Van,Lane 1,33.63,36.54,247,211
6337,Car,Lane 1,7.06,5.29,55,22
6340,Motorcycle,Lane 2,21.23,26.62,46,45
6342,Light Goods Vehicle,Lane 1,4.19,4.46,33,31
6344,Van,Lane 1,25.59,28.01,685,441
6345,Car,Lane 1,7.21,6.03,40,12
6348,Three-Wheeler,Lane 2,10.73,30.73,132,109
6349,Car,Lane 1,22.97,17.5,195,85
6351,Motorcycle,Lane 1,26.77,32.14,46,43
6353,Motorcycle,Lane 1,18.42,19.72,32,31
6355,Motorcycle,Lane 1,18.66,19.83,33,32
6359,Car,Lane 1,45.08,44.56,172,162
6365,Bus,Lane 1,31.69,28.17,1036,678
6376,Motorcycle,Lane 1,28.6,36.57,57,55
6384,Three-Wheeler,Lane 1,4.58,15.65,143,76
6388,Bus,Lane 2,25.38,30.43,120,106
6399,Motorcycle,Lane 2,12.89,13.39,36,35
6401,Car,Lane 1,6.04,11.55,76,47
6404,Car,Lane 2,34.43,27.03,31,27
6407,Bus,Lane 2,41.63,41.45,102,62
6408,Car,Lane 1,55.74,59.32,32,31
6409,Bus,Lane 2,21.74,27.12,107,101
6410,Car,Lane 1,76.21,84.69,33,32
6411,Car,Lane 1,46.23,48.19,112,111
6427,Motorcycle,Lane 1,22.77,28.41,43,42
6428,Bus,Lane 1,39.92,43.1,109,105
6441,Three-Wheeler,Lane 1,21.26,28.02,194,182
6443,Three-Wheeler,Lane 1,9.64,49.6,67,44
6444,Motorcycle,Lane 1,17.38,18.82,33,32
6449,Motorcycle,Lane 1,8.13,8.2,31,30
6450,Car,Lane 1,33.9,35.84,193,181
6451,Three-Wheeler,Lane 1,29.76,35.42,117,113
6454,Car,Lane 1,7.33,25.32,103,44
6465,Three-Wheeler,Lane 1,9.87,47.13,36,12
6472,Motorcycle,Lane 1,85.86,90.25,68,65
6476,Motorcycle,Lane 1,89.21,96.32,43,35
6477,Bus,Lane 1,23.27,25.15,52,50
6484,Car,Lane 1,29.25,32.57,239,207
6485,Car,Lane 2,6.96,6.77,32,31
6495,Bus,Lane 1,28.31,30.63,180,159
6506,Motorcycle,Lane 1,14.03,14.83,33,32
6508,Light Goods Vehicle,Lane 1,68.55,75.4,104,101
6510,Three-Wheeler,Lane 2,28.55,33.52,212,181
6511,Light Goods Vehicle,Lane 1,66.47,71.26,158,155
6517,Motorcycle,Lane 1,105.75,108.32,40,19
6519,Motorcycle,Lane 1,116.63,119.83,42,20
6520,Motorcycle,Lane 1,68.19,71.74,32,31
6528,Motorcycle,Lane 1,20.13,27.74,65,64
6535,Motorcycle,Lane 1,18.52,18.92,50,48
6538,Car,Lane 1,50.53,54.1,145,144
6545,Light Goods Vehicle,Lane 1,59.42,66.91,167,159
6550,Van,Lane 1,52.71,41.47,48,15
6551,Car,Lane 1,20.96,20.63,31,30
6552,Motorcycle,Lane 1,109.25,109.18,80,59
6558,Car,Lane 1,56.44,59.67,155,147
6561,Car,Lane 1,52.19,66.8,125,120
6568,Light Goods Vehicle,Lane 1,13.44,14.17,33,32
6569,Van,Lane 1,36.34,44.92,63,38
6571,Van,Lane 1,50.76,39.86,53,19
6572,Van,Lane 1,10.66,10.68,31,30
6574,Bus,Lane 1,34.1,34.37,86,77
6576,Motorcycle,Lane 2,6.55,7.22,33,32
6578,Car,Lane 1,37.26,39.12,42,41
6585,Car,Lane 1,87.78,85.13,167,129
6586,Three-Wheeler,Lane 1,38.49,46.68,109,101
6589,Motorcycle,Lane 1,19.98,21.87,34,33
6595,Motorcycle,Lane 1,24.28,26.38,43,42
6598,Three-Wheeler,Lane 1,32.58,42.29,180,151
6603,Motorcycle,Lane 1,121.88,112.62,44,27
6609,Car,Lane 1,32.59,39.8,186,169
6614,Bus,Lane 1,26.66,29.21,40,39
6615,Bus,Lane 2,18.63,21.52,45,44
6616,Light Goods Vehicle,Lane 1,16.24,14.45,31,30
6619,Bus,Lane 1,31.2,37.03,236,212
6623,Car,Lane 1,58.04,63.62,48,19
6628,Motorcycle,Lane 2,18.86,25.4,63,61
6630,Motorcycle,Lane 2,18.52,24.17,74,73
6635,Bus,Lane 2,44.64,60.45,48,27
6645,Car,Lane 1,30.12,30.99,39,38
6647,Motorcycle,Lane 2,12.35,13.58,37,36
6648,Car,Lane 1,69.8,87.29,50,44
6650,Car,Lane 1,59.92,55.69,208,145
6651,Car,Lane 1,24.33,27.61,35,34
6654,Car,Lane 1,30.63,45.38,77,71
6656,Light Goods Vehicle,Lane 1,83.91,84.67,66,63
6662,Light Goods Vehicle,Lane 1,79.6,83.35,40,38
6663,Car,Lane 1,71.65,84.15,136,107
6666,Three-Wheeler,Lane 1,23.12,30.26,149,140
6674,Light Goods Vehicle,Lane 1,20.74,25.38,147,138
6676,Light Goods Vehicle,Lane 1,14.08,15.28,39,38
6682,Light Goods Vehicle,Lane 1,63.24,65.81,37,34
6685,Three-Wheeler,Lane 1,32.27,37.91,94,93
6690,Car,Lane 1,87.05,93.52,58,25
6696,Car,Lane 1,40.57,41.66,167,154
6698,Three-Wheeler,Lane 1,63.67,59.01,130,94
6702,Car,Lane 1,15.73,21.0,256,206
6705,Van,Lane 1,14.2,14.8,33,32
6708,Motorcycle,Lane 1,23.72,30.49,49,48
6714,Motorcycle,Lane 1,11.75,11.79,32,8
6719,Bus,Lane 1,22.08,24.73,66,63
6721,Motorcycle,Lane 2,22.39,31.67,50,48
6729,Motorcycle,Lane 2,97.58,107.44,38,18
6731,Light Goods Vehicle,Lane 1,50.05,44.72,232,134
6734,Three-Wheeler,Lane 1,21.09,29.52,315,269
6735,Bus,Lane 2,1.82,2.82,31,29
6736,Motorcycle,Lane 1,112.01,114.11,37,20
6740,Motorcycle,Lane 1,96.71,102.7,42,35
6742,Car,Lane 1,48.57,43.2,201,123
6746,Three-Wheeler,Lane 1,20.9,24.6,627,389
6749,Bus,Lane 1,47.54,52.66,168,147
6750,Three-Wheeler,Lane 1,17.51,26.86,319,285
6751,Van,Lane 2,7.36,31.24,34,19
6752,Bus,Lane 1,55.35,36.98,97,46
6756,Light Goods Vehicle,Lane 1,83.31,69.6,82,47
6759,Heavy Goods Vehicle,Lane 1,6.46,7.63,107,97
6760,Three-Wheeler,Lane 2,35.26,34.58,51,35
6761,Three-Wheeler,Lane 1,42.93,51.64,372,321
6768,Three-Wheeler,Lane 2,20.52,26.19,59,50
6769,Car,Lane 1,10.93,12.49,121,116
6772,Van,Lane 1,13.25,13.93,49,48
6773,Three-Wheeler,Lane 1,26.78,21.7,32,20
6775,Bus,Lane 1,25.87,33.81,162,140
6777,Bus,Lane 2,34.03,34.04,31,3
6778,Bus,Lane 1,11.97,13.41,64,63
6779,Three-Wheeler,Lane 1,60.3,62.62,286,214
6801,Light Goods Vehicle,Lane 1,17.08,25.67,81,79
6803,Three-Wheeler,Lane 1,16.6,16.3,31,30
6808,Motorcycle,Lane 1,15.58,14.81,31,30
6812,Motorcycle,Lane 1,11.46,10.31,31,30
6813,Motorcycle,Lane 1,51.31,54.71,39,38
6814,Car,Lane 1,84.97,83.93,58,42
6817,Motorcycle,Lane 1,101.7,105.2,44,35
6823,Bus,Lane 1,39.55,42.18,33,32
6827,Car,Lane 1,50.58,54.96,213,173
6828,Motorcycle,Lane 2,13.97,15.75,59,58
6833,Light Goods Vehicle,Lane 1,51.7,57.2,99,98
6836,Car,Lane 2,36.04,40.89,215,199
6838,Light Goods Vehicle,Lane 1,60.99,63.79,78,75
6844,Car,Lane 2,43.12,28.07,31,16
6846,Car,Lane 1,59.47,72.43,74,61
6847,Van,Lane 1,40.09,42.51,244,197
6852,Three-Wheeler,Lane 1,40.31,46.99,153,141
6861,Light Goods Vehicle,Lane 1,8.88,8.92,39,38
6865,Light Goods Vehicle,Lane 1,6.09,6.53,35,34
6867,Car,Lane 1,52.03,54.28,143,141
6868,Van,Lane 1,7.46,7.44,38,37
6870,Van,Lane 2,6.38,7.18,37,36
6874,Light Goods Vehicle,Lane 1,6.78,6.77,35,34
6876,Light Goods Vehicle,Lane 1,14.04,14.67,37,36
6878,Car,Lane 1,64.21,57.43,976,493
6882,Car,Lane 1,53.96,61.33,76,72
6886,Motorcycle,Lane 1,18.72,25.4,86,85
6887,Motorcycle,Lane 1,24.42,26.93,39,38
6890,Van,Lane 1,5.33,5.28,34,33
6893,Car,Lane 1,47.78,49.9,198,181
6900,Three-Wheeler,Lane 1,110.22,82.0,60,21
6902,Motorcycle,Lane 1,89.92,92.5,61,54
6905,Motorcycle,Lane 1,100.24,101.66,44,29
6908,Car,Lane 1,21.8,27.2,58,56
6909,Car,Lane 1,62.48,63.9,204,162
6915,Motorcycle,Lane 1,53.24,55.03,46,45
6916,Motorcycle,Lane 1,25.75,26.24,39,37
6925,Motorcycle,Lane 1,122.04,115.09,39,14
6928,Motorcycle,Lane 1,145.54,146.09,39,9
6935,Three-Wheeler,Lane 1,110.15,74.12,154,41
6942,Car,Lane 1,105.46,67.39,726,191
6945,Three-Wheeler,Lane 1,9.39,37.33,150,23
6948,Three-Wheeler,Lane 2,24.27,27.04,124,105
6954,Bus,Lane 1,18.01,20.03,59,57
6955,Three-Wheeler,Lane 1,9.39,43.34,55,9
6964,Light Goods Vehicle,Lane 1,7.14,7.31,31,30
6967,Motorcycle,Lane 1,38.63,39.15,41,40
6970,Motorcycle,Lane 1,90.65,95.13,36,34
6976,Motorcycle,Lane 1,60.44,62.05,68,66
6977,Motorcycle,Lane 1,87.49,85.97,49,33
6978,Motorcycle,Lane 1,87.46,85.64,53,49
6985,Three-Wheeler,Lane 1,112.48,79.67,78,6
6987,Light Goods Vehicle,Lane 1,64.54,61.84,448,278
6988,Light Goods Vehicle,Lane 1,51.9,54.11,109,108
6989,Van,Lane 1,55.46,59.26,158,151
6995,Three-Wheeler,Lane 1,110.18,74.57,210,52
6996,Light Goods Vehicle,Lane 1,14.85,15.1,31,30
7004,Light Goods Vehicle,Lane 1,56.72,67.93,143,121
7005,Light Goods Vehicle,Lane 1,51.4,52.27,218,168
7017,Motorcycle,Lane 1,75.99,86.31,63,49
7019,Motorcycle,Lane 1,89.17,100.63,42,24
7020,Car,Lane 1,49.79,57.42,180,161
7022,Car,Lane 1,15.39,16.45,32,31
7024,Motorcycle,Lane 1,11.14,12.49,31,30
7026,Car,Lane 1,65.81,64.8,268,196
7027,Motorcycle,Lane 1,72.94,80.7,61,60
7028,Light Goods Vehicle,Lane 1,58.87,64.93,108,106
7036,Van,Lane 1,95.31,70.44,82,28
7037,Three-Wheeler,Lane 1,105.85,74.79,279,119
7042,Motorcycle,Lane 1,32.27,41.65,41,39
7044,Three-Wheeler,Lane 2,44.41,51.13,123,119
7046,Car,Lane 2,71.8,71.15,47,28
7058,Motorcycle,Lane 1,12.15,12.03,33,32
7063,Car,Lane 1,51.61,54.64,152,142
7064,Three-Wheeler,Lane 1,38.5,46.51,116,113
7065,Van,Lane 1,85.14,75.8,93,49
7069,Bus,Lane 2,24.95,30.48,42,41
7075,Motorcycle,Lane 1,27.18,35.45,47,45
7084,Car,Lane 1,119.65,117.67,40,21
7085,Three-Wheeler,Lane 1,29.96,40.8,218,202
7088,Motorcycle,Lane 1,23.5,32.39,60,58
7090,Three-Wheeler,Lane 1,56.59,58.1,32,8
7091,Light Goods Vehicle,Lane 1,61.2,66.64,179,150
7093,Three-Wheeler,Lane 1,136.99,115.13,36,25
7098,Car,Lane 1,56.12,54.5,143,136
7101,Three-Wheeler,Lane 1,32.05,38.58,304,235
7106,Three-Wheeler,Lane 2,13.67,24.14,519,340
7108,Car,Lane 2,19.1,29.24,89,88
7109,Car,Lane 1,28.26,36.4,174,160
7114,Three-Wheeler,Lane 1,116.89,103.34,55,7
7119,Motorcycle,Lane 1,72.36,85.73,37,36
7121,Car,Lane 1,72.13,76.3,94,92
7124,Motorcycle,Lane 1,43.08,44.56,34,33
7125,Car,Lane 2,3.78,4.25,34,32
7129,Light Goods Vehicle,Lane 1,71.37,75.1,157,143
7132,Van,Lane 1,11.36,11.64,31,30
7133,Bus,Lane 1,20.23,28.07,84,62
7136,Van,Lane 2,85.28,56.61,47,20
7139,Car,Lane 1,48.73,53.3,359,270
7142,Car,Lane 1,32.54,41.17,45,44
7143,Three-Wheeler,Lane 1,115.05,77.5,44,11
7150,Motorcycle,Lane 2,113.48,112.18,45,18
7159,Motorcycle,Lane 1,117.05,118.85,39,24
7163,Bus,Lane 2,76.44,57.08,34,13
7171,Car,Lane 2,40.14,42.7,416,226
7172,Motorcycle,Lane 1,30.39,39.18,60,59
7176,Motorcycle,Lane 1,27.35,32.35,43,42
7178,Car,Lane 1,40.03,43.78,126,124
7179,Light Goods Vehicle,Lane 2,13.16,9.17,76,20
7180,Three-Wheeler,Lane 1,47.14,53.33,217,182
7188,Car,Lane 1,40.83,41.65,163,151
7195,Car,Lane 1,15.21,15.8,33,32
7196,Van,Lane 1,17.59,18.46,31,30
7197,Bus,Lane 2,12.27,15.87,953,523
7207,Heavy Goods Vehicle,Lane 1,22.18,27.81,36,35
7209,Light Goods Vehicle,Lane 2,2.89,7.87,263,123
7210,Light Goods Vehicle,Lane 1,9.42,8.97,31,30
7211,Light Goods Vehicle,Lane 1,7.33,6.4,33,9
7212,Van,Lane 2,8.09,49.83,112,33
7213,Three-Wheeler,Lane 1,29.94,33.54,194,170
7219,Car,Lane 2,2.89,6.57,114,46
7222,Three-Wheeler,Lane 1,34.14,38.27,92,85
7223,Bus,Lane 1,81.92,78.79,131,112
7224,Bus,Lane 1,29.11,33.89,69,68
7225,Bus,Lane 2,8.74,9.28,492,287
7232,Van,Lane 2,89.22,59.96,83,30
7234,Three-Wheeler,Lane 1,46.35,50.95,73,54
7236,Bus,Lane 1,107.5,98.5,70,63
7240,Car,Lane 1,17.16,22.56,56,55
7242,Motorcycle,Lane 1,26.91,32.5,48,47
7250,Motorcycle,Lane 1,24.75,31.07,51,50
7252,Car,Lane 1,8.14,7.97,31,30
7253,Light Goods Vehicle,Lane 2,4.51,4.51,31,8
7256,Van,Lane 2,80.39,55.86,217,72
7259,Motorcycle,Lane 1,28.13,32.86,37,36
7260,Car,Lane 1,26.43,30.14,49,48
7261,Bus,Lane 1,22.1,27.89,54,53
7263,Motorcycle,Lane 1,30.25,35.88,58,57
7267,Car,Lane 1,68.35,76.25,36,35
7268,Bus,Lane 1,143.25,143.6,44,14
7271,Light Goods Vehicle,Lane 1,104.07,118.9,86,43
7278,Car,Lane 2,144.61,132.57,35,18
7279,Car,Lane 2,69.66,67.13,34,17
7281,Motorcycle,Lane 1,10.17,11.24,31,30
7282,Car,Lane 1,66.38,71.44,108,95
7293,Car,Lane 1,7.54,27.89,31,7
7295,Motorcycle,Lane 1,105.67,110.17,34,29
7296,Motorcycle,Lane 1,64.63,68.6,33,32
7297,Car,Lane 2,37.78,43.28,433,290
7299,Bus,Lane 2,13.21,10.86,47,29
7300,Car,Lane 1,22.47,24.69,34,33
7303,Car,Lane 2,32.38,36.18,401,274
7304,Car,Lane 1,43.09,45.27,31,30
7305,Car,Lane 1,84.53,80.56,171,116
7308,Motorcycle,Lane 1,73.85,91.31,60,38
7309,Motorcycle,Lane 2,133.45,130.36,45,19
7318,Van,Lane 2,9.52,9.82,33,32
7320,Car,Lane 1,24.12,27.59,150,131
7323,Bus,Lane 2,5.18,5.9,292,229
7330,Car,Lane 1,44.1,47.05,191,173
7340,Light Goods Vehicle,Lane 1,47.5,51.73,79,78
7341,Car,Lane 1,15.02,17.43,131,130
7346,Bus,Lane 1,15.47,16.79,89,88
7350,Car,Lane 1,53.26,53.46,169,154
7361,Van,Lane 2,8.35,8.2,34,33
7362,Light Goods Vehicle,Lane 1,70.89,75.27,58,57
7363,Van,Lane 2,10.56,10.95,42,41
7365,Motorcycle,Lane 1,22.0,26.38,46,45
7372,Three-Wheeler,Lane 2,44.99,47.47,186,165
7374,Motorcycle,Lane 1,55.55,80.88,54,36
7377,Car,Lane 1,127.54,126.6,46,3
7379,Motorcycle,Lane 1,53.75,57.27,101,100
7394,Light Goods Vehicle,Lane 2,14.13,15.08,37,36
7398,Three-Wheeler,Lane 2,39.75,38.79,60,42
7400,Van,Lane 1,63.02,62.73,191,166
7412,Car,Lane 1,80.89,56.46,55,41
7413,Bus,Lane 1,40.09,53.77,664,372
7414,Light Goods Vehicle,Lane 1,20.85,20.91,35,34
7418,Bus,Lane 1,17.02,15.03,74,67
7419,Bus,Lane 1,25.45,38.11,223,174
7428,Car,Lane 1,76.04,71.01,54,46
7431,Car,Lane 1,87.84,98.83,36,24
7432,Car,Lane 1,49.66,45.45,523,290
7433,Bus,Lane 1,109.65,78.22,452,216
7438,Car,Lane 1,2.18,2.18,35,4
7439,Car,Lane 1,64.73,77.66,52,50
7442,Light Goods Vehicle,Lane 1,44.26,42.56,163,149
7443,Bus,Lane 1,119.57,96.28,163,79
7446,Motorcycle,Lane 1,28.71,32.23,76,74
7450,Motorcycle,Lane 1,45.62,49.85,73,72
7453,Motorcycle,Lane 1,29.52,30.92,76,74
7460,Car,Lane 1,61.26,59.63,143,128
7462,Car,Lane 1,7.55,32.45,46,13
7473,Motorcycle,Lane 1,10.79,10.56,31,30
7477,Motorcycle,Lane 1,111.67,103.55,42,26
7482,Motorcycle,Lane 1,52.71,55.37,76,75
7487,Motorcycle,Lane 1,50.67,52.45,61,60
7496,Motorcycle,Lane 1,13.74,14.62,33,32
7500,Motorcycle,Lane 1,64.17,73.64,68,67
7501,Three-Wheeler,Lane 1,47.65,49.22,172,162
7502,Three-Wheeler,Lane 1,42.08,43.78,113,105
7506,Three-Wheeler,Lane 2,24.7,31.87,91,90
7509,Motorcycle,Lane 1,44.52,47.75,37,36
7512,Motorcycle,Lane 1,78.0,85.2,44,43
7519,Motorcycle,Lane 1,53.11,56.77,72,71
7528,Car,Lane 1,50.61,56.25,159,148
7529,Motorcycle,Lane 1,31.82,38.46,61,60
7530,Car,Lane 1,41.33,38.18,81,80
7535,Motorcycle,Lane 2,8.03,8.51,31,30
7541,Motorcycle,Lane 2,23.99,25.53,56,54
7545,Car,Lane 1,7.56,7.56,31,3
7549,Motorcycle,Lane 2,21.65,25.57,51,50
7556,Van,Lane 2,8.87,9.08,31,30
7561,Bus,Lane 1,124.52,90.92,51,29
7567,Light Goods Vehicle,Lane 1,16.95,17.31,35,34
7568,Car,Lane 1,53.68,58.62,224,194
7571,Car,Lane 1,45.99,47.79,70,67
7573,Three-Wheeler,Lane 1,45.53,49.15,165,153
7581,Three-Wheeler,Lane 1,76.44,57.31,50,29
7587,Car,Lane 1,55.04,61.4,206,185
7589,Motorcycle,Lane 1,23.82,27.9,45,44
7595,Motorcycle,Lane 2,20.72,27.89,81,80
7597,Motorcycle,Lane 1,50.46,52.91,33,32
7600,Motorcycle,Lane 1,58.9,60.59,87,86
7601,Three-Wheeler,Lane 1,125.17,104.66,46,15
7602,Car,Lane 1,48.01,50.02,153,139
7605,Van,Lane 1,58.39,73.87,51,47
7606,Motorcycle,Lane 1,66.59,68.99,57,55
7608,Motorcycle,Lane 1,15.62,15.25,32,31
7609,Light Goods Vehicle,Lane 1,23.54,25.0,51,49
7612,Car,Lane 1,50.35,52.35,219,159
7613,Three-Wheeler,Lane 1,42.1,46.17,142,130
7614,Car,Lane 1,41.71,51.09,48,44
7617,Car,Lane 1,30.46,30.95,32,31
7620,Motorcycle,Lane 1,59.28,61.16,93,92
7623,Light Goods Vehicle,Lane 1,17.42,23.26,54,53
7624,Motorcycle,Lane 1,80.74,87.97,35,34
7626,Car,Lane 1,37.22,40.29,198,185
7631,Three-Wheeler,Lane 2,28.12,32.07,150,143
7635,Car,Lane 1,37.68,41.09,222,200
7637,Van,Lane 1,15.52,16.67,32,31
7639,Light Goods Vehicle,Lane 1,30.39,36.2,72,70
7640,Three-Wheeler,Lane 1,31.42,35.13,159,151
7641,Light Goods Vehicle,Lane 1,24.1,27.51,39,38
7643,Light Goods Vehicle,Lane 2,15.7,16.68,34,33
7644,Light Goods Vehicle,Lane 1,11.91,12.37,32,31
7645,Van,Lane 1,14.97,15.71,32,31
7646,Light Goods Vehicle,Lane 1,18.11,18.8,37,36
7648,Three-Wheeler,Lane 1,37.12,46.32,253,224
7662,Three-Wheeler,Lane 1,53.16,51.67,81,60
7664,Car,Lane 1,34.27,37.76,168,158
7665,Three-Wheeler,Lane 2,42.05,47.03,207,194
7669,Light Goods Vehicle,Lane 1,14.46,15.78,37,36
7670,Motorcycle,Lane 2,21.71,29.61,62,61
7672,Motorcycle,Lane 2,21.56,26.96,55,54
7674,Motorcycle,Lane 2,13.11,14.44,147,139
7679,Car,Lane 1,11.57,11.53,33,32
7680,Motorcycle,Lane 2,14.84,17.81,52,51
7681,Van,Lane 1,15.31,15.95,35,34
7682,Car,Lane 1,36.42,36.17,171,165
7683,Van,Lane 2,37.26,37.64,80,75
7687,Light Goods Vehicle,Lane 1,15.0,15.84,32,31
7689,Car,Lane 1,68.91,71.23,153,151
7690,Light Goods Vehicle,Lane 1,13.31,14.4,40,39
7695,Bus,Lane 2,20.06,23.2,41,40
7697,Motorcycle,Lane 1,62.79,77.63,55,51
7699,Motorcycle,Lane 1,54.67,55.53,83,82
7700,Light Goods Vehicle,Lane 2,16.59,17.31,36,35
7701,Light Goods Vehicle,Lane 1,11.93,12.6,37,36
7704,Car,Lane 1,15.28,14.4,31,30
7708,Three-Wheeler,Lane 1,59.05,59.85,144,133
7715,Motorcycle,Lane 1,16.54,17.11,31,30
7716,Motorcycle,Lane 1,109.06,109.26,42,21
7718,Motorcycle,Lane 1,119.59,119.94,41,24
7720,Light Goods Vehicle,Lane 1,30.82,41.81,54,52
7723,Three-Wheeler,Lane 2,39.86,43.66,121,120
7729,Three-Wheeler,Lane 2,27.66,20.19,31,30
7737,Car,Lane 2,26.71,31.43,47,46
7740,Car,Lane 1,53.25,56.06,169,158
7741,Three-Wheeler,Lane 1,1.87,2.86,31,25
7747,Motorcycle,Lane 1,89.45,100.62,50,34
7757,Three-Wheeler,Lane 1,7.86,9.79,31,30
7761,Van,Lane 1,10.53,10.72,31,30
7770,Motorcycle,Lane 1,77.66,77.36,74,72
7778,Motorcycle,Lane 1,20.83,19.87,31,30
7779,Motorcycle,Lane 1,14.54,16.33,31,30
7780,Motorcycle,Lane 1,61.11,68.9,88,86
7781,Motorcycle,Lane 1,65.14,72.23,53,52
7784,Car,Lane 1,41.77,31.58,31,19
7786,Motorcycle,Lane 1,91.36,95.05,51,26
7787,Motorcycle,Lane 1,62.0,69.26,33,32
7789,Motorcycle,Lane 1,98.89,99.95,51,18
7790,Light Goods Vehicle,Lane 1,119.89,116.02,41,17
7797,Light Goods Vehicle,Lane 1,53.05,51.81,190,153
7805,Motorcycle,Lane 1,30.47,32.01,92,91
7808,Car,Lane 1,67.16,70.76,51,50
7811,Car,Lane 1,51.55,50.78,193,159
7812,Motorcycle,Lane 1,38.09,68.88,54,36
7813,Motorcycle,Lane 1,63.45,66.56,69,68
7815,Motorcycle,Lane 1,72.13,72.55,63,61
7820,Car,Lane 1,109.58,78.64,1014,493
7821,Three-Wheeler,Lane 1,12.02,16.39,46,42
7822,Bus,Lane 1,12.24,12.2,36,35
7825,Car,Lane 1,35.75,47.03,508,297
7827,Light Goods Vehicle,Lane 1,28.97,29.75,113,112
7837,Motorcycle,Lane 1,6.45,7.0,32,31
7839,Motorcycle,Lane 2,50.3,81.85,51,24
7840,Motorcycle,Lane 2,116.7,118.37,44,19
7844,Motorcycle,Lane 1,95.14,104.2,48,26
7846,Motorcycle,Lane 1,56.22,59.31,35,34
7855,Motorcycle,Lane 1,119.01,118.45,37,16
7859,Motorcycle,Lane 1,56.93,58.38,33,32
7860,Motorcycle,Lane 1,74.92,96.87,43,17
7866,Car,Lane 1,38.13,40.01,211,198
7869,Car,Lane 2,25.72,31.98,328,279
7870,Three-Wheeler,Lane 1,110.53,65.52,192,55
7876,Van,Lane 1,13.82,14.39,32,31
7878,Car,Lane 2,20.57,23.93,105,98
7881,Car,Lane 1,36.64,37.47,38,37
7884,Car,Lane 1,83.44,93.6,39,28
7887,Van,Lane 1,47.65,45.97,209,156
7893,Three-Wheeler,Lane 1,107.23,77.9,91,35
7897,Car,Lane 1,41.96,43.98,40,39
7898,Car,Lane 1,64.32,70.99,32,31
7899,Car,Lane 1,56.15,57.24,256,197
7900,Light Goods Vehicle,Lane 1,44.08,49.48,97,96
7901,Car,Lane 1,43.55,45.69,37,36
7904,Light Goods Vehicle,Lane 1,59.08,60.0,195,174
7906,Light Goods Vehicle,Lane 1,50.43,49.24,157,146
7908,Car,Lane 1,9.69,40.7,83,11
7913,Car,Lane 1,42.86,39.83,298,187
7914,Van,Lane 1,90.46,58.66,223,88
7916,Car,Lane 1,53.4,58.73,74,72
7918,Motorcycle,Lane 2,83.13,92.53,41,23
7925,Light Goods Vehicle,Lane 1,46.57,50.84,50,49
7933,Bus,Lane 1,56.0,58.75,34,33
7934,Car,Lane 1,56.83,61.55,36,35
7935,Van,Lane 1,39.53,45.06,266,233
7936,Light Goods Vehicle,Lane 1,43.75,43.92,178,167
7938,Car,Lane 1,40.5,40.42,133,131
7939,Car,Lane 1,23.13,23.29,44,43
7940,Car,Lane 1,27.83,34.89,500,363
7945,Car,Lane 1,39.73,42.94,166,153
7949,Motorcycle,Lane 1,72.91,82.43,67,66
7958,Three-Wheeler,Lane 2,36.1,39.64,227,205
7959,Motorcycle,Lane 1,71.86,81.27,68,66
7965,Light Goods Vehicle,Lane 1,46.58,42.05,81,74
7967,Motorcycle,Lane 1,96.58,103.93,32,31
7972,Car,Lane 1,93.35,67.62,107,37
7975,Car,Lane 1,44.14,47.62,215,192
7976,Motorcycle,Lane 1,27.56,31.75,54,52
7978,Bus,Lane 1,65.92,55.01,328,159
7979,Car,Lane 1,35.28,37.65,233,223
7983,Three-Wheeler,Lane 2,44.64,47.15,127,71
7985,Motorcycle,Lane 2,25.69,32.01,39,38
7990,Van,Lane 1,13.44,14.15,33,32
7994,Car,Lane 1,6.69,30.33,31,11
7995,Car,Lane 1,43.86,47.25,213,200
7997,Three-Wheeler,Lane 1,39.25,39.89,223,185
8001,Car,Lane 1,16.61,16.73,38,37
8005,Car,Lane 2,23.08,24.89,283,250
8006,Three-Wheeler,Lane 1,75.67,85.0,70,61
8007,Car,Lane 1,39.63,48.19,212,180
8015,Light Goods Vehicle,Lane 1,12.62,11.13,65,63
8016,Motorcycle,Lane 2,26.46,30.54,82,80
8017,Light Goods Vehicle,Lane 1,50.3,54.93,168,142
8019,Motorcycle,Lane 1,27.36,33.12,54,53
8023,Three-Wheeler,Lane 2,22.1,25.58,137,134
8031,Car,Lane 1,35.78,41.65,261,221
8032,Motorcycle,Lane 1,18.78,19.3,43,41
8035,Motorcycle,Lane 1,21.05,23.03,33,32
8038,Bus,Lane 1,105.72,80.3,66,30
8044,Light Goods Vehicle,Lane 1,14.47,14.69,32,31
8045,Three-Wheeler,Lane 2,25.16,32.57,167,135
8047,Car,Lane 2,23.76,28.54,130,127
8049,Light Goods Vehicle,Lane 1,14.61,16.53,46,42
8051,Bus,Lane 1,10.11,26.84,31,14
8055,Car,Lane 1,23.48,28.13,75,74
8060,Motorcycle,Lane 1,20.35,24.02,44,43
8063,Car,Lane 2,21.57,23.76,615,319
8066,Car,Lane 1,32.74,40.54,275,228
8070,Car,Lane 2,17.31,18.27,149,140
8077,Bus,Lane 1,32.28,33.42,141,134
8079,Three-Wheeler,Lane 2,24.45,27.56,184,172
8080,Van,Lane 2,8.04,8.43,39,38
8083,Car,Lane 2,40.08,32.0,36,17
8087,Bus,Lane 2,42.35,46.03,64,42
8088,Car,Lane 1,90.41,91.52,43,30
8090,Light Goods Vehicle,Lane 1,87.73,88.66,147,132
8091,Car,Lane 2,171.86,161.54,31,5
8093,Car,Lane 1,28.21,27.3,165,161
8094,Light Goods Vehicle,Lane 1,80.15,87.05,84,81
8095,Car,Lane 1,14.89,20.28,91,90
8096,Bus,Lane 2,31.64,27.86,31,20
8099,Light Goods Vehicle,Lane 1,9.42,9.53,32,31
8100,Car,Lane 2,32.51,34.49,288,249
8101,Van,Lane 1,13.14,13.71,35,34
8106,Bus,Lane 1,31.34,36.65,223,195
8107,Car,Lane 1,16.51,20.94,59,58
8115,Van,Lane 2,5.67,5.72,31,30
8117,Car,Lane 1,17.53,20.5,35,34
8118,Van,Lane 1,7.68,7.49,31,30
8126,Three-Wheeler,Lane 1,28.0,37.63,276,228
8127,Bus,Lane 2,11.16,11.82,46,45
8141,Motorcycle,Lane 1,92.61,98.3,61,54
8142,Motorcycle,Lane 1,74.95,81.73,52,50
8143,Van,Lane 1,5.45,6.06,31,30
8147,Motorcycle,Lane 2,21.18,27.69,58,57
8149,Car,Lane 1,35.74,41.55,72,62
8150,Car,Lane 1,52.31,55.14,223,195
8155,Bus,Lane 2,27.6,36.31,238,196
8156,Light Goods Vehicle,Lane 1,20.63,25.27,93,92
8157,Car,Lane 1,8.68,9.33,34,33
8158,Van,Lane 1,14.14,14.71,38,37
8168,Bus,Lane 2,54.04,69.01,92,52
8171,Car,Lane 1,22.58,25.41,168,166
8173,Light Goods Vehicle,Lane 1,13.15,13.46,34,33
8176,Motorcycle,Lane 1,23.83,31.84,66,65
8179,Car,Lane 1,58.41,54.55,243,173
8180,Motorcycle,Lane 1,21.42,25.55,62,61
8181,Car,Lane 1,37.73,43.37,220,206
8185,Car,Lane 1,6.96,6.8,33,14
8198,Car,Lane 2,10.24,10.69,36,35
8201,Light Goods Vehicle,Lane 2,25.57,19.37,56,10
8204,Car,Lane 1,10.9,11.05,37,36
8206,Light Goods Vehicle,Lane 1,10.65,11.2,35,34
8209,Bus,Lane 2,25.59,16.7,423,145
8211,Car,Lane 1,9.48,46.36,67,20
8213,Motorcycle,Lane 1,58.02,71.67,61,36
8214,Motorcycle,Lane 1,100.98,102.19,48,25
8215,Motorcycle,Lane 1,28.75,33.24,70,69
8216,Motorcycle,Lane 1,98.28,101.66,53,50
8231,Light Goods Vehicle,Lane 1,38.47,40.55,35,34
8232,Three-Wheeler,Lane 2,27.07,30.67,131,130
8233,Light Goods Vehicle,Lane 1,57.51,57.35,144,143
8237,Light Goods Vehicle,Lane 1,55.37,61.41,79,78
8243,Motorcycle,Lane 1,109.1,110.67,45,27
8244,Motorcycle,Lane 1,103.11,107.67,57,34
8249,Car,Lane 2,11.51,14.47,43,42
8254,Car,Lane 1,71.41,66.94,724,377
8260,Bus,Lane 2,25.59,25.04,328,169
8262,Light Goods Vehicle,Lane 2,4.07,4.07,31,14
8265,Light Goods Vehicle,Lane 2,25.59,16.65,48,7
8268,Car,Lane 1,87.14,68.94,1391,835
8270,Motorcycle,Lane 1,22.52,23.15,33,32
8271,Motorcycle,Lane 1,21.58,23.69,33,32
8273,Bus,Lane 2,24.33,34.15,476,291
8279,Light Goods Vehicle,Lane 2,30.02,32.08,42,37
8281,Bus,Lane 2,14.38,19.82,536,394
8282,Car,Lane 1,100.66,91.61,151,86
8283,Three-Wheeler,Lane 1,26.72,19.76,33,18
8287,Three-Wheeler,Lane 2,5.48,29.7,40,15
8288,Motorcycle,Lane 1,23.89,31.45,49,48
8290,Motorcycle,Lane 1,22.34,27.06,39,37
8296,Car,Lane 1,38.32,40.01,156,155
8304,Motorcycle,Lane 1,101.13,105.32,45,33
8305,Bus,Lane 2,40.94,36.8,181,79
8309,Car,Lane 2,40.4,36.96,315,145
8317,Car,Lane 1,112.1,78.43,771,418
8325,Bus,Lane 2,18.21,13.96,2483,1286
8326,Heavy Goods Vehicle,Lane 2,4.99,4.72,33,32
8331,Car,Lane 1,105.53,83.35,252,61
8332,Bus,Lane 2,6.48,6.55,64,59
8337,Heavy Goods Vehicle,Lane 2,8.74,8.73,41,40
8338,Van,Lane 2,5.64,6.02,47,46
8339,Van,Lane 2,5.23,5.74,32,31
8340,Car,Lane 1,53.38,51.93,212,170
8345,Car,Lane 1,4.69,4.7,32,6
8347,Car,Lane 1,46.45,46.23,214,188
8349,Motorcycle,Lane 1,68.67,73.73,79,77
8351,Motorcycle,Lane 1,103.2,103.74,45,27
8353,Motorcycle,Lane 1,65.16,68.96,41,39
8355,Car,Lane 1,46.54,50.66,41,40
8361,Three-Wheeler,Lane 1,89.59,60.48,44,16
8362,Car,Lane 1,39.04,40.3,266,206
8363,Car,Lane 1,52.49,59.02,56,55
8366,Van,Lane 1,40.35,41.08,260,217
8370,Bus,Lane 2,20.64,13.74,69,41
8372,Van,Lane 1,13.92,14.6,35,34
8373,Light Goods Vehicle,Lane 1,53.12,57.31,34,33
8375,Car,Lane 1,80.14,90.23,48,36
8376,Light Goods Vehicle,Lane 1,47.41,48.4,179,159
8378,Light Goods Vehicle,Lane 2,18.71,12.8,91,35
8381,Van,Lane 1,67.81,54.63,644,308
8385,Bus,Lane 2,3.44,6.16,33,22
8387,Three-Wheeler,Lane 1,90.63,59.9,43,23
8390,Car,Lane 1,28.51,55.5,317,110
8392,Van,Lane 1,95.93,66.46,147,61
8395,Car,Lane 1,61.45,50.63,80,20
8403,Three-Wheeler,Lane 1,38.42,41.89,194,176
8405,Three-Wheeler,Lane 1,34.31,43.45,180,174
8410,Car,Lane 1,52.18,56.51,268,220
8417,Three-Wheeler,Lane 1,35.07,36.21,163,155
8418,Motorcycle,Lane 1,10.77,10.56,31,30
8419,Motorcycle,Lane 2,88.85,99.26,46,24
8420,Car,Lane 1,47.44,51.27,182,164
8423,Motorcycle,Lane 1,90.42,89.33,70,59
8425,Motorcycle,Lane 1,29.05,36.36,39,38
8431,Motorcycle,Lane 1,24.21,29.27,50,49
8439,Car,Lane 2,15.55,18.67,51,50
8441,Car,Lane 1,7.33,5.63,31,9
8443,Car,Lane 1,41.14,45.47,357,276
8444,Motorcycle,Lane 1,31.85,33.85,31,30
8446,Motorcycle,Lane 1,19.52,21.38,35,34
8447,Bus,Lane 1,62.63,64.01,51,41
8458,Motorcycle,Lane 1,25.23,29.2,68,66
8463,Motorcycle,Lane 2,13.25,13.53,54,52
8466,Motorcycle,Lane 1,22.75,27.31,42,41
8470,Car,Lane 1,51.11,53.97,206,189
8475,Motorcycle,Lane 1,3.52,5.5,46,44
8477,Motorcycle,Lane 1,21.13,24.95,35,34
8479,Three-Wheeler,Lane 1,40.32,44.21,304,262
8489,Bus,Lane 1,29.21,37.01,76,72
8490,Car,Lane 1,35.14,37.46,77,46
8495,Car,Lane 1,16.44,18.0,47,46
8503,Three-Wheeler,Lane 1,15.46,16.97,31,30
8504,Car,Lane 1,76.04,65.15,188,102
8506,Motorcycle,Lane 1,8.2,7.49,31,30
8509,Motorcycle,Lane 1,39.39,36.62,77,75
8515,Motorcycle,Lane 1,35.73,41.26,100,99
8519,Motorcycle,Lane 1,13.25,15.9,34,33
8520,Three-Wheeler,Lane 1,46.92,48.72,203,170
8524,Motorcycle,Lane 1,90.26,87.76,46,37
8531,Three-Wheeler,Lane 1,36.17,34.83,59,55
8532,Three-Wheeler,Lane 1,5.63,11.53,31,19
8539,Three-Wheeler,Lane 1,27.67,32.56,35,31
8541,Van,Lane 1,17.21,18.31,36,35
8548,Car,Lane 1,41.07,38.29,99,98
8549,Three-Wheeler,Lane 1,48.24,55.71,197,172
8551,Three-Wheeler,Lane 1,50.81,55.0,108,81
8554,Motorcycle,Lane 1,20.02,27.03,47,46
8555,Three-Wheeler,Lane 1,52.58,32.67,31,9
8556,Three-Wheeler,Lane 1,39.92,40.19,154,150
8561,Motorcycle,Lane 1,13.31,13.38,31,30
8573,Light Goods Vehicle,Lane 1,9.44,9.67,31,30
8576,Car,Lane 1,9.72,34.13,34,18
8577,Bus,Lane 1,37.19,40.11,85,83
8579,Van,Lane 1,17.7,18.31,31,30
8582,Van,Lane 1,37.59,35.2,109,108
8584,Light Goods Vehicle,Lane 1,7.43,7.43,31,4
8587,Light Goods Vehicle,Lane 1,14.89,16.19,35,34
8588,Car,Lane 1,70.6,85.95,37,35
8589,Car,Lane 1,72.04,77.67,157,154
8590,Light Goods Vehicle,Lane 1,88.76,96.08,63,56
8595,Car,Lane 1,11.18,11.52,32,31
8596,Van,Lane 1,13.61,14.08,34,33
8599,Motorcycle,Lane 2,21.89,25.58,61,60
8603,Motorcycle,Lane 2,16.06,16.36,31,30
8605,Car,Lane 1,39.77,42.16,36,35
8607,Light Goods Vehicle,Lane 1,48.31,48.97,197,171
8608,Car,Lane 1,47.14,49.79,121,119
8609,Car,Lane 1,44.52,45.18,214,191
8622,Light Goods Vehicle,Lane 2,12.44,12.9,32,31
8624,Light Goods Vehicle,Lane 1,92.71,102.67,32,24
8626,Light Goods Vehicle,Lane 1,82.52,92.71,33,32
8627,Light Goods Vehicle,Lane 1,87.18,91.55,93,73
8629,Three-Wheeler,Lane 1,38.34,45.09,92,89
8637,Light Goods Vehicle,Lane 1,88.53,101.29,33,28
8641,Light Goods Vehicle,Lane 1,76.31,78.61,131,127
8642,Light Goods Vehicle,Lane 1,107.49,106.66,68,58
8644,Car,Lane 1,45.37,48.64,35,34
8648,Car,Lane 1,93.1,103.78,34,27
8649,Motorcycle,Lane 1,25.12,36.83,70,69
8651,Light Goods Vehicle,Lane 1,73.39,77.69,158,148
8655,Motorcycle,Lane 1,63.73,70.48,56,46
8656,Light Goods Vehicle,Lane 1,72.93,77.8,73,71
8657,Motorcycle,Lane 1,87.62,92.65,68,59
8658,Motorcycle,Lane 1,23.93,30.36,43,42
8659,Motorcycle,Lane 1,97.17,103.44,36,29
8661,Car,Lane 1,7.24,7.1,31,30
8663,Car,Lane 1,84.36,95.56,33,31
8664,Car,Lane 1,75.23,77.8,162,155
8666,Car,Lane 1,74.54,80.56,94,92
8668,Light Goods Vehicle,Lane 1,43.51,45.8,98,97
8671,Light Goods Vehicle,Lane 2,10.99,11.03,33,4
8672,Three-Wheeler,Lane 1,38.4,52.66,229,221
8676,Car,Lane 1,35.59,38.64,105,104
8683,Light Goods Vehicle,Lane 2,17.99,13.89,48,10
8684,Light Goods Vehicle,Lane 2,18.69,18.22,77,33
8689,Light Goods Vehicle,Lane 2,16.76,12.64,420,187
8691,Bus,Lane 2,3.31,9.0,99,48
8695,Three-Wheeler,Lane 1,42.63,44.85,178,162
8702,Bus,Lane 2,17.31,27.1,59,11
8704,Motorcycle,Lane 2,21.9,25.19,60,59
8707,Three-Wheeler,Lane 1,53.14,54.61,174,160
8712,Light Goods Vehicle,Lane 2,14.65,11.1,1669,750
8714,Motorcycle,Lane 1,28.61,36.21,45,44
8717,Car,Lane 1,23.38,22.52,32,31
8718,Car,Lane 1,45.12,44.21,202,196
8719,Car,Lane 1,32.82,37.25,226,214
8722,Car,Lane 1,33.35,32.74,148,146
8725,Bus,Lane 1,23.68,33.87,70,69
8726,Car,Lane 1,46.75,50.58,39,38
8727,Bus,Lane 1,56.6,58.05,132,131
8730,Van,Lane 1,19.67,20.76,32,31
8741,Car,Lane 1,6.37,5.65,45,6
8744,Car,Lane 1,58.2,56.99,163,113
8752,Light Goods Vehicle,Lane 2,16.91,14.63,67,24
8755,Car,Lane 1,62.51,66.56,33,32
8756,Motorcycle,Lane 1,81.88,91.5,53,44
8761,Motorcycle,Lane 1,33.15,33.67,31,30
8766,Motorcycle,Lane 1,90.62,95.04,50,45
8773,Motorcycle,Lane 1,86.84,94.07,57,54
8776,Light Goods Vehicle,Lane 2,14.65,9.69,31,9
8777,Three-Wheeler,Lane 1,52.65,55.39,178,158
8778,Car,Lane 1,63.06,59.29,281,201
8784,Three-Wheeler,Lane 1,43.44,46.53,206,188
8790,Car,Lane 1,74.66,86.92,59,48
8793,Car,Lane 1,87.94,91.17,51,39
8795,Motorcycle,Lane 1,60.09,63.59,80,78
8800,Light Goods Vehicle,Lane 1,45.97,47.06,142,139
8801,Motorcycle,Lane 1,85.67,89.62,50,42
8811,Motorcycle,Lane 1,32.8,39.22,54,53
8814,Car,Lane 1,70.71,77.23,91,86
8819,Motorcycle,Lane 2,24.68,29.55,48,47
8821,Light Goods Vehicle,Lane 2,11.45,11.06,547,244
8822,Car,Lane 1,7.13,4.98,31,9
8824,Light Goods Vehicle,Lane 1,49.42,49.2,181,135
8831,Motorcycle,Lane 2,3.49,3.0,31,28
8835,Light Goods Vehicle,Lane 1,19.65,28.36,66,65
8837,Three-Wheeler,Lane 2,36.09,42.78,150,142
8844,Three-Wheeler,Lane 1,35.18,42.14,229,207
8846,Light Goods Vehicle,Lane 2,8.2,9.56,642,401
8849,Three-Wheeler,Lane 1,32.48,33.61,149,145
8854,Motorcycle,Lane 1,31.19,36.44,69,68
8856,Motorcycle,Lane 1,24.14,30.76,50,49
8858,Motorcycle,Lane 1,26.62,32.21,67,65
8863,Motorcycle,Lane 2,20.88,27.76,111,108
8866,Light Goods Vehicle,Lane 2,6.27,5.94,31,30
8869,Motorcycle,Lane 1,25.85,30.77,45,44
8873,Motorcycle,Lane 1,20.35,25.26,80,79
8879,Three-Wheeler,Lane 1,33.4,38.64,196,180
8881,Three-Wheeler,Lane 1,40.07,41.17,166,145
8891,Car,Lane 1,96.07,108.77,36,23
8892,Light Goods Vehicle,Lane 1,96.35,103.81,55,34
8896,Car,Lane 1,79.44,87.37,135,126
8899,Car,Lane 1,7.09,7.4,31,30
8906,Motorcycle,Lane 2,26.56,29.76,52,51
8907,Motorcycle,Lane 2,22.12,28.05,63,62
8910,Light Goods Vehicle,Lane 1,28.83,31.53,104,102
8911,Three-Wheeler,Lane 1,45.15,52.23,120,105
8914,Light Goods Vehicle,Lane 1,43.63,43.74,198,181
8916,Bus,Lane 2,60.13,77.2,32,30
8918,Bus,Lane 2,118.16,116.46,33,16
8922,Car,Lane 1,15.5,16.26,33,32
8923,Van,Lane 1,11.44,12.02,35,34
8934,Motorcycle,Lane 1,24.66,28.57,77,75
8935,Bus,Lane 2,16.85,17.89,37,36
8936,Motorcycle,Lane 1,19.43,29.48,54,53
8939,Motorcycle,Lane 1,25.9,29.89,69,68
8942,Motorcycle,Lane 1,22.69,25.51,33,32
8948,Three-Wheeler,Lane 1,36.69,41.61,233,207
8950,Van,Lane 1,33.53,36.1,175,169
8953,Motorcycle,Lane 1,12.78,13.72,32,31
8955,Motorcycle,Lane 1,86.96,94.91,34,27
8956,Bus,Lane 1,17.41,22.49,53,52
8964,Motorcycle,Lane 1,102.54,109.82,42,23
8967,Light Goods Vehicle,Lane 1,31.24,32.1,122,118
8973,Heavy Goods Vehicle,Lane 1,6.83,6.88,33,32
8975,Three-Wheeler,Lane 1,26.78,33.21,60,56
8976,Car,Lane 1,12.62,13.51,37,36
8980,Van,Lane 1,16.64,17.39,37,36
8985,Heavy Goods Vehicle,Lane 2,7.13,9.07,172,159
8988,Van,Lane 1,9.67,9.82,31,30
8996,Three-Wheeler,Lane 2,30.11,38.96,267,227
9000,Three-Wheeler,Lane 1,28.23,32.87,150,146
9002,Three-Wheeler,Lane 1,39.16,45.32,202,192
9005,Bus,Lane 1,121.83,125.89,31,14
9006,Bus,Lane 1,99.07,107.46,55,33
9007,Light Goods Vehicle,Lane 1,76.09,78.68,157,145
9011,Three-Wheeler,Lane 1,32.43,36.78,120,118
9014,Bus,Lane 1,18.44,23.54,56,55
9020,Light Goods Vehicle,Lane 1,7.16,5.41,34,16
9021,Three-Wheeler,Lane 1,20.84,25.66,155,152
9023,Motorcycle,Lane 1,60.85,65.1,61,59
9025,Heavy Goods Vehicle,Lane 2,6.45,6.39,39,38
9026,Motorcycle,Lane 1,67.68,74.11,115,111
9032,Light Goods Vehicle,Lane 1,23.35,26.32,41,40
9034,Motorcycle,Lane 1,7.34,10.25,31,30
9038,Motorcycle,Lane 1,33.77,37.12,121,115
9047,Motorcycle,Lane 1,21.05,24.91,56,54
9048,Motorcycle,Lane 1,8.95,7.87,50,45
9051,Motorcycle,Lane 1,5.5,7.79,85,68
9059,Motorcycle,Lane 1,128.36,106.85,53,29
9066,Motorcycle,Lane 1,13.03,14.03,56,53
9074,Three-Wheeler,Lane 1,87.97,92.77,49,47
9080,Car,Lane 1,83.78,93.01,107,65
9082,Motorcycle,Lane 2,36.51,43.94,79,78
9084,Motorcycle,Lane 2,28.18,30.27,75,68
9085,Motorcycle,Lane 2,5.83,5.49,32,29
9089,Motorcycle,Lane 1,40.6,43.4,33,32
9090,Motorcycle,Lane 1,99.22,101.45,44,25
9091,Motorcycle,Lane 1,106.18,104.62,61,47
9092,Motorcycle,Lane 2,8.89,7.11,31,7
9094,Light Goods Vehicle,Lane 1,65.42,70.51,123,121
9103,Bus,Lane 1,64.54,59.74,117,111
9106,Motorcycle,Lane 2,95.83,99.24,47,24
9108,Motorcycle,Lane 1,89.82,76.17,56,39
9112,Motorcycle,Lane 1,106.42,102.54,55,40
9113,Three-Wheeler,Lane 1,12.85,19.36,39,38
9115,Light Goods Vehicle,Lane 1,34.89,35.12,115,113
9116,Car,Lane 1,34.5,46.36,366,255
9118,Motorcycle,Lane 2,47.66,56.16,41,39
9119,Car,Lane 1,74.66,82.66,35,34
9121,Car,Lane 1,66.45,66.53,229,149
9122,Motorcycle,Lane 2,36.11,48.84,46,45
9125,Motorcycle,Lane 2,22.71,27.11,32,31
9129,Three-Wheeler,Lane 2,40.94,43.65,166,160
9131,Car,Lane 1,64.82,65.2,32,31
9132,Light Goods Vehicle,Lane 1,71.06,68.19,194,166
9140,Car,Lane 1,64.87,74.33,63,61
9141,Three-Wheeler,Lane 1,119.48,74.59,139,24
9149,Three-Wheeler,Lane 2,37.7,40.57,131,130
9150,Car,Lane 1,7.22,11.68,64,62
9151,Car,Lane 1,43.38,48.03,164,154
9152,Car,Lane 1,43.55,45.43,208,175
9156,Car,Lane 1,42.64,45.47,208,186
9162,Three-Wheeler,Lane 1,44.56,47.91,140,117
9165,Car,Lane 1,18.35,18.16,34,33
9166,Car,Lane 1,62.04,68.67,33,32
9167,Car,Lane 1,43.47,47.37,111,110
9173,Light Goods Vehicle,Lane 1,51.41,58.5,211,183
9174,Motorcycle,Lane 2,10.4,11.83,61,59
9179,Car,Lane 1,33.99,39.27,275,242
9183,Three-Wheeler,Lane 1,52.42,50.8,84,71
9187,Three-Wheeler,Lane 1,39.57,40.84,192,176
9194,Light Goods Vehicle,Lane 1,84.38,95.13,33,31
9195,Light Goods Vehicle,Lane 1,50.45,52.65,327,194
9198,Car,Lane 1,105.79,64.52,52,15
9201,Light Goods Vehicle,Lane 1,56.64,60.23,83,82
9203,Bus,Lane 1,97.24,70.81,46,18
9214,Car,Lane 1,15.73,16.16,36,35
9216,Three-Wheeler,Lane 2,36.94,38.67,217,186
9217,Three-Wheeler,Lane 1,9.9,48.98,34,14
9219,Car,Lane 1,43.12,46.32,211,189
9223,Car,Lane 1,17.7,17.67,31,30
9224,Light Goods Vehicle,Lane 1,38.78,42.99,108,107
9229,Light Goods Vehicle,Lane 1,51.02,49.67,248,206
9230,Car,Lane 1,38.02,38.88,116,115
9233,Light Goods Vehicle,Lane 1,44.24,43.91,224,175
9235,Light Goods Vehicle,Lane 1,47.12,51.53,55,54
9239,Three-Wheeler,Lane 1,32.74,32.52,31,30
9240,Motorcycle,Lane 1,48.91,51.67,94,92
9241,Light Goods Vehicle,Lane 2,32.03,36.11,75,74
9243,Motorcycle,Lane 1,66.63,76.07,57,56
9244,Motorcycle,Lane 1,55.49,60.35,142,127
9250,Car,Lane 1,47.09,48.73,199,181
9255,Light Goods Vehicle,Lane 1,7.49,7.49,32,11
9258,Three-Wheeler,Lane 1,46.88,42.78,123,120
9263,Three-Wheeler,Lane 1,8.25,43.37,37,9
9268,Motorcycle,Lane 1,62.08,68.29,68,67
9270,Motorcycle,Lane 1,48.41,50.04,110,107
9273,Car,Lane 1,9.29,11.04,35,34
9274,Car,Lane 1,53.25,58.26,38,37
9275,Car,Lane 1,41.01,41.62,652,385
9276,Car,Lane 1,37.44,43.12,279,218
9279,Car,Lane 1,7.21,6.32,44,11
9286,Car,Lane 1,79.83,92.21,35,34
9289,Light Goods Vehicle,Lane 1,47.43,53.9,92,91
9290,Car,Lane 1,45.63,47.83,222,168
9293,Three-Wheeler,Lane 1,35.42,32.46,36,20
9295,Van,Lane 1,47.02,41.61,545,325
9299,Three-Wheeler,Lane 1,24.58,28.31,469,331
9303,Three-Wheeler,Lane 1,33.25,44.09,198,173
9306,Three-Wheeler,Lane 1,42.3,45.77,202,186
9308,Motorcycle,Lane 2,26.07,31.49,73,72
9313,Motorcycle,Lane 2,25.08,27.13,62,60
9318,Car,Lane 1,22.34,35.8,470,379
9321,Light Goods Vehicle,Lane 1,12.78,13.25,62,59
9326,Motorcycle,Lane 1,31.78,41.07,38,37
9328,Motorcycle,Lane 2,27.71,32.85,106,103
9329,Three-Wheeler,Lane 1,29.23,41.83,121,116
9331,Motorcycle,Lane 1,28.77,36.32,38,37
9333,Car,Lane 1,40.87,51.74,188,156
9340,Motorcycle,Lane 2,24.15,28.46,88,85
9341,Car,Lane 1,41.65,41.64,124,120
9344,Three-Wheeler,Lane 2,40.36,42.37,63,49
9355,Car,Lane 1,47.32,47.7,204,186
9356,Motorcycle,Lane 2,23.85,32.2,63,62
9360,Car,Lane 1,7.33,5.78,32,13
9361,Car,Lane 1,35.71,37.82,96,95
9364,Car,Lane 1,13.91,14.11,32,31
9365,Light Goods Vehicle,Lane 1,13.0,13.22,31,30
9367,Van,Lane 1,10.96,11.11,31,30
9376,Light Goods Vehicle,Lane 1,31.3,34.94,117,115
9378,Motorcycle,Lane 1,19.87,21.68,35,34
9386,Car,Lane 1,43.8,46.39,213,194
9387,Motorcycle,Lane 2,25.91,31.46,69,68
9388,Car,Lane 1,38.08,40.41,230,192
9389,Three-Wheeler,Lane 1,55.77,56.85,161,153
9390,Light Goods Vehicle,Lane 1,50.17,53.0,291,198
9394,Car,Lane 1,18.49,20.54,38,37
9395,Van,Lane 1,11.17,11.3,31,30
9398,Car,Lane 1,27.71,28.25,158,147
9409,Three-Wheeler,Lane 1,36.47,43.95,252,224
9413,Motorcycle,Lane 1,8.19,54.06,59,49
9414,Motorcycle,Lane 1,67.59,77.02,53,51
9420,Motorcycle,Lane 1,13.19,14.83,32,31
9422,Motorcycle,Lane 1,69.54,72.42,39,38
9425,Motorcycle,Lane 1,63.57,64.26,51,50
9429,Three-Wheeler,Lane 1,44.0,45.55,154,137
9431,Bus,Lane 1,81.67,84.06,59,44
9433,Car,Lane 1,39.72,44.13,293,226
9434,Van,Lane 1,15.79,16.66,32,31
9437,Motorcycle,Lane 2,33.26,41.12,61,60
9440,Heavy Goods Vehicle,Lane 1,36.8,41.76,394,333
9442,Motorcycle,Lane 2,25.18,25.87,45,43
9448,Car,Lane 1,43.65,44.61,164,151
9449,Car,Lane 1,53.03,53.08,45,30
9452,Car,Lane 1,35.6,37.45,190,181
9453,Three-Wheeler,Lane 1,67.64,67.66,108,70
9454,Car,Lane 1,13.82,27.2,115,78
9456,Three-Wheeler,Lane 1,40.13,43.14,33,32
9460,Three-Wheeler,Lane 1,39.44,24.69,31,15
9461,Bus,Lane 1,28.2,38.24,49,48
9463,Van,Lane 1,44.56,49.47,212,188
9472,Car,Lane 1,38.77,45.19,245,201
9474,Car,Lane 1,38.6,41.91,147,140
9475,Van,Lane 1,68.18,55.2,34,20
9479,Bus,Lane 2,46.85,44.54,164,88
9480,Car,Lane 1,26.87,32.03,47,39
9482,Three-Wheeler,Lane 2,44.31,45.63,198,185
9485,Three-Wheeler,Lane 2,102.46,108.46,35,31
9487,Three-Wheeler,Lane 1,42.51,34.88,42,18
9493,Three-Wheeler,Lane 1,38.67,39.43,118,117
9494,Light Goods Vehicle,Lane 2,95.45,65.85,32,16
9495,Light Goods Vehicle,Lane 1,21.25,29.18,81,79
9497,Light Goods Vehicle,Lane 1,35.47,41.41,194,166
9498,Three-Wheeler,Lane 2,20.13,25.62,269,228
9500,Van,Lane 1,13.58,13.92,31,30
9501,Car,Lane 1,33.91,37.37,67,56
9503,Van,Lane 1,12.68,13.15,31,30
9508,Van,Lane 2,42.43,42.28,33,13
9510,Three-Wheeler,Lane 1,35.59,39.16,68,42
9512,Motorcycle,Lane 2,3.59,15.44,76,36
9518,Three-Wheeler,Lane 2,16.92,19.87,141,136
9527,Light Goods Vehicle,Lane 1,63.32,65.74,229,186
9531,Motorcycle,Lane 1,88.39,95.36,65,47
9533,Light Goods Vehicle,Lane 1,49.62,53.74,89,88
9535,Motorcycle,Lane 1,103.95,101.13,47,28
9536,Motorcycle,Lane 1,55.35,59.81,52,51
9537,Motorcycle,Lane 1,120.13,126.97,36,17
9542,Light Goods Vehicle,Lane 2,28.87,29.32,98,96
9544,Three-Wheeler,Lane 1,36.72,37.94,66,65
9547,Motorcycle,Lane 1,37.06,38.74,125,124
9549,Car,Lane 1,19.56,21.91,54,52
9556,Light Goods Vehicle,Lane 1,17.11,17.93,36,35
9563,Motorcycle,Lane 1,14.85,20.84,111,108
9565,Three-Wheeler,Lane 1,25.07,31.71,560,391
9566,Bus,Lane 1,98.31,70.6,120,30
9574,Motorcycle,Lane 2,8.96,12.27,56,55
9579,Motorcycle,Lane 2,17.08,19.75,39,38
9581,Car,Lane 1,28.93,22.24,48,45
9584,Three-Wheeler,Lane 1,4.76,8.19,37,35
9586,Three-Wheeler,Lane 1,36.18,39.72,254,215
9588,Car,Lane 1,43.76,45.33,32,31
9589,Three-Wheeler,Lane 1,73.98,54.13,38,15
9590,Car,Lane 1,50.54,57.05,31,30
9591,Motorcycle,Lane 1,19.52,23.97,97,95
9592,Van,Lane 1,95.4,102.92,32,23
9593,Van,Lane 1,73.73,71.75,159,144
9595,Light Goods Vehicle,Lane 1,48.44,50.71,148,42
9601,Light Goods Vehicle,Lane 1,78.15,92.21,37,36
9604,Car,Lane 1,38.16,42.04,209,194
9605,Light Goods Vehicle,Lane 1,56.91,56.63,131,129
9610,Car,Lane 1,58.01,59.8,155,151
9611,Car,Lane 1,69.28,79.18,39,38
9612,Car,Lane 1,41.75,43.63,258,176
9623,Three-Wheeler,Lane 2,23.04,25.91,314,245
9624,Three-Wheeler,Lane 2,47.75,47.05,105,104
9626,Van,Lane 2,46.09,49.69,47,32
9628,Car,Lane 2,45.11,43.07,149,143
9631,Van,Lane 1,10.26,10.63,33,32
9635,Bus,Lane 2,25.03,28.89,51,49
9637,Three-Wheeler,Lane 2,23.72,37.76,245,214
9638,Motorcycle,Lane 2,31.3,35.5,73,71
9639,Car,Lane 1,2.05,3.79,89,13
9645,Light Goods Vehicle,Lane 1,15.53,16.17,38,37
9646,Light Goods Vehicle,Lane 1,48.28,47.72,175,164
9648,Motorcycle,Lane 2,28.38,33.81,49,48
9656,Light Goods Vehicle,Lane 2,12.68,13.22,34,33
9658,Car,Lane 1,78.81,68.76,102,56
9660,Car,Lane 1,92.4,79.22,103,79
9665,Motorcycle,Lane 1,27.38,35.27,49,48
9670,Motorcycle,Lane 1,23.41,28.42,44,43
9676,Light Goods Vehicle,Lane 2,9.8,10.33,37,36
9677,Light Goods Vehicle,Lane 2,6.13,6.72,31,30
9679,Three-Wheeler,Lane 2,68.74,51.73,32,14
9680,Three-Wheeler,Lane 2,36.21,41.56,106,98
9686,Three-Wheeler,Lane 2,32.84,32.71,116,115
9692,Motorcycle,Lane 1,30.94,36.25,46,45
9700,Light Goods Vehicle,Lane 2,10.86,11.09,32,31
9701,Motorcycle,Lane 2,29.99,34.79,49,48
9706,Motorcycle,Lane 1,70.31,80.5,62,57
9708,Motorcycle,Lane 2,26.47,30.99,58,57
9710,Motorcycle,Lane 1,72.57,76.87,68,67
9713,Car,Lane 1,42.67,44.02,40,39
9714,Light Goods Vehicle,Lane 1,48.94,49.11,231,194
9715,Three-Wheeler,Lane 1,46.06,48.04,127,125
9716,Motorcycle,Lane 1,78.28,85.04,62,60
9717,Motorcycle,Lane 1,61.67,69.04,66,65
9731,Three-Wheeler,Lane 1,51.5,49.83,44,43
9732,Car,Lane 1,54.3,59.46,42,41
9735,Light Goods Vehicle,Lane 1,47.81,52.39,113,109
9736,Bus,Lane 1,46.5,49.36,171,168
9738,Motorcycle,Lane 2,17.94,22.09,99,95
9741,Car,Lane 1,52.41,49.78,844,440
9743,Motorcycle,Lane 1,27.29,30.96,55,53
9745,Car,Lane 1,7.29,5.11,55,7
9749,Car,Lane 1,100.15,69.17,101,48
9756,Three-Wheeler,Lane 1,10.11,48.97,73,9
9764,Three-Wheeler,Lane 2,40.46,43.56,125,117
9768,Car,Lane 1,90.81,86.03,233,95
9771,Motorcycle,Lane 1,14.87,16.02,31,30
9780,Motorcycle,Lane 1,68.28,71.47,57,56
9781,Motorcycle,Lane 1,46.69,51.26,35,34
9789,Car,Lane 1,8.33,46.87,42,17
9790,Three-Wheeler,Lane 1,29.36,30.34,32,31
9793,Motorcycle,Lane 1,20.56,21.1,32,31
9794,Motorcycle,Lane 1,71.55,82.61,45,39
9797,Motorcycle,Lane 1,40.48,42.01,77,76
9805,Car,Lane 1,77.23,56.41,712,253
9806,Three-Wheeler,Lane 1,46.01,50.13,222,197
9808,Motorcycle,Lane 1,51.45,53.95,74,71
9822,Light Goods Vehicle,Lane 1,30.63,36.46,71,69
9833,Van,Lane 1,87.48,55.0,231,67
9834,Car,Lane 1,15.16,15.54,34,33
9835,Light Goods Vehicle,Lane 1,62.37,68.9,33,32
9836,Light Goods Vehicle,Lane 1,53.78,59.72,172,138
9839,Light Goods Vehicle,Lane 1,52.7,54.69,103,102
9841,Three-Wheeler,Lane 1,83.97,60.2,82,46
9842,Car,Lane 1,44.66,39.9,707,459
9843,Van,Lane 1,33.35,31.36,228,199
9844,Car,Lane 1,87.53,66.64,178,55
9850,Van,Lane 1,47.68,47.6,208,180
9854,Motorcycle,Lane 2,31.36,32.54,75,74
9856,Car,Lane 1,5.98,10.1,43,37
9863,Motorcycle,Lane 2,16.61,17.03,32,31
9864,Three-Wheeler,Lane 2,32.81,38.7,171,160
9866,Motorcycle,Lane 1,28.68,35.72,49,48
9871,Motorcycle,Lane 1,37.63,42.01,69,67
9872,Motorcycle,Lane 2,23.05,30.05,46,45
9880,Car,Lane 1,40.79,45.1,202,183
9885,Motorcycle,Lane 1,24.81,31.78,38,37
9887,Motorcycle,Lane 1,36.56,38.8,72,70
9889,Three-Wheeler,Lane 1,39.53,40.58,219,190
9891,Car,Lane 1,74.65,61.24,326,143
9893,Car,Lane 1,34.74,37.26,42,40
9896,Car,Lane 1,41.69,42.26,37,36
9897,Car,Lane 1,8.33,45.73,31,11
9899,Car,Lane 1,33.7,34.93,131,128
9901,Bus,Lane 1,37.55,40.51,496,314
9906,Car,Lane 1,6.61,9.28,35,34
9913,Car,Lane 1,52.09,56.4,107,106
9917,Car,Lane 1,55.3,52.22,149,143
9919,Three-Wheeler,Lane 1,33.06,38.49,287,245
9920,Car,Lane 2,65.99,47.66,42,20
9924,Motorcycle,Lane 2,23.62,27.36,48,47
9926,Motorcycle,Lane 2,30.05,37.34,48,47
9927,Three-Wheeler,Lane 1,23.76,23.33,367,236
9930,Motorcycle,Lane 1,27.62,33.88,51,50
9932,Motorcycle,Lane 1,16.09,16.78,32,31
9934,Bus,Lane 2,20.87,25.85,407,335
9935,Three-Wheeler,Lane 1,37.53,37.5,184,169
9937,Van,Lane 1,10.38,10.53,31,30
9940,Motorcycle,Lane 2,18.71,26.65,112,109
9945,Bus,Lane 2,27.51,33.13,275,230
9948,Car,Lane 1,20.53,32.54,522,391
9949,Three-Wheeler,Lane 1,29.02,33.0,204,192
9952,Three-Wheeler,Lane 1,22.03,22.23,31,30
9956,Car,Lane 1,21.11,15.83,70,56
9961,Three-Wheeler,Lane 1,12.58,16.79,37,35
9962,Motorcycle,Lane 2,12.81,18.17,63,62
9967,Light Goods Vehicle,Lane 2,15.53,24.95,79,77
9968,Car,Lane 1,6.16,4.91,40,9
9972,Car,Lane 2,22.74,27.9,82,78
9973,Light Goods Vehicle,Lane 1,78.93,85.5,36,35
9975,Car,Lane 1,75.49,72.37,124,123
9977,Car,Lane 1,65.03,56.92,61,43
9980,Car,Lane 1,70.17,66.0,162,98
9988,Three-Wheeler,Lane 1,26.05,27.3,236,194
9990,Light Goods Vehicle,Lane 1,45.54,53.28,82,79
9991,Three-Wheeler,Lane 1,24.09,30.53,304,260
9994,Three-Wheeler,Lane 2,30.19,34.41,294,266
10001,Van,Lane 1,27.77,28.21,38,37
10002,Car,Lane 1,49.63,50.48,182,162
10010,Car,Lane 1,31.79,43.44,304,202
10012,Three-Wheeler,Lane 1,29.34,41.1,286,227
10013,Van,Lane 1,21.52,30.33,38,25
10017,Bus,Lane 2,10.8,12.03,35,34
10023,Heavy Goods Vehicle,Lane 2,11.84,12.97,70,69
10025,Car,Lane 1,50.58,52.27,35,34
10026,Car,Lane 1,19.19,15.55,31,16
10029,Bus,Lane 2,18.86,21.53,36,35
10032,Three-Wheeler,Lane 1,10.91,26.92,67,55
10040,Motorcycle,Lane 2,22.24,14.32,38,7
10044,Three-Wheeler,Lane 1,28.02,32.08,262,230
10048,Bus,Lane 2,10.06,13.55,75,74
10049,Light Goods Vehicle,Lane 1,11.29,11.5,33,32
10050,Three-Wheeler,Lane 1,30.91,30.49,71,70
10051,Van,Lane 2,7.69,7.76,42,41
10052,Van,Lane 1,15.29,16.2,33,32
10066,Car,Lane 1,14.38,17.18,54,53
10068,Van,Lane 1,46.36,44.91,243,193
10069,Van,Lane 1,74.43,87.69,36,28
10072,Bus,Lane 1,44.89,55.63,185,171
10073,Car,Lane 2,23.33,32.95,426,243
10078,Light Goods Vehicle,Lane 1,16.76,21.35,78,77
10080,Van,Lane 1,20.91,18.77,31,15
10081,Car,Lane 1,7.28,5.76,46,10
10083,Van,Lane 2,7.51,7.8,31,30
10084,Three-Wheeler,Lane 2,64.15,68.46,92,59
10085,Bus,Lane 1,58.78,64.08,144,130
10086,Three-Wheeler,Lane 2,26.48,26.3,173,170
10087,Car,Lane 1,42.93,43.91,40,39
10094,Car,Lane 1,69.95,72.18,109,105
10096,Car,Lane 1,64.15,73.93,191,166
10102,Motorcycle,Lane 2,17.18,18.69,43,42
10109,Car,Lane 2,17.34,15.4,1335,603
10116,Light Goods Vehicle,Lane 1,13.0,13.6,35,34
10120,Car,Lane 2,10.58,10.71,32,31
10125,Three-Wheeler,Lane 2,48.84,38.3,80,39
10126,Three-Wheeler,Lane 1,50.38,52.51,180,159
10129,Motorcycle,Lane 2,27.06,31.28,88,87
10132,Three-Wheeler,Lane 1,42.81,47.83,141,135
10136,Motorcycle,Lane 1,21.65,26.97,51,50
10137,Car,Lane 1,80.85,83.55,153,145
10147,Three-Wheeler,Lane 1,108.37,112.85,46,31
10148,Bus,Lane 1,33.05,37.01,101,100
10150,Light Goods Vehicle,Lane 1,7.28,7.67,50,10
10153,Motorcycle,Lane 1,22.89,24.39,33,32
10163,Three-Wheeler,Lane 2,19.54,17.49,357,148
10165,Light Goods Vehicle,Lane 2,17.19,11.49,329,135
10166,Light Goods Vehicle,Lane 1,86.29,91.41,111,78
10167,Three-Wheeler,Lane 1,35.97,38.54,120,119
10168,Light Goods Vehicle,Lane 1,95.24,100.22,48,36
10172,Light Goods Vehicle,Lane 1,92.74,83.92,69,63
10177,Car,Lane 1,83.73,94.56,33,26
10179,Light Goods Vehicle,Lane 1,61.09,62.07,169,164
10182,Car,Lane 1,66.64,73.48,89,86
10183,Motorcycle,Lane 1,34.21,43.56,61,60
10185,Light Goods Vehicle,Lane 1,7.29,6.72,79,20
10193,Motorcycle,Lane 2,28.28,32.31,57,56
10205,Light Goods Vehicle,Lane 2,12.76,18.05,132,123
10210,Bus,Lane 2,17.47,12.87,953,343
10212,Van,Lane 1,42.19,43.74,243,200
10215,Car,Lane 1,7.0,5.9,34,13
10216,Car,Lane 2,11.61,14.18,85,84
10220,Motorcycle,Lane 1,23.34,24.37,33,32
10221,Motorcycle,Lane 1,86.73,92.67,48,33
10222,Motorcycle,Lane 1,91.73,98.74,36,23
10226,Motorcycle,Lane 1,87.13,91.51,50,36
10227,Motorcycle,Lane 1,95.85,99.52,65,50
10233,Motorcycle,Lane 1,89.25,97.43,45,31
10234,Motorcycle,Lane 1,80.65,85.56,69,60
10241,Motorcycle,Lane 2,20.46,25.97,90,88
10247,Motorcycle,Lane 1,77.34,78.38,46,44
10251,Car,Lane 1,82.97,92.87,51,41
10254,Motorcycle,Lane 1,94.2,100.45,44,28
10256,Light Goods Vehicle,Lane 1,6.98,5.07,69,14
10260,Car,Lane 1,71.27,72.9,95,94
10261,Light Goods Vehicle,Lane 1,62.18,62.32,207,158
10263,Three-Wheeler,Lane 1,46.17,49.16,227,198
10267,Three-Wheeler,Lane 2,72.08,73.09,70,34
10268,Motorcycle,Lane 1,83.59,93.47,54,33
10269,Motorcycle,Lane 1,117.23,118.59,37,18
10274,Motorcycle,Lane 1,108.59,111.61,68,60
10276,Bus,Lane 1,35.03,34.38,77,76
10281,Three-Wheeler,Lane 2,33.88,49.85,352,152
10285,Light Goods Vehicle,Lane 2,14.54,11.99,1115,549
10289,Light Goods Vehicle,Lane 1,40.11,44.97,242,200
10291,Three-Wheeler,Lane 1,47.38,55.58,170,130
10292,Car,Lane 1,16.31,17.98,43,42
10294,Motorcycle,Lane 2,23.69,29.04,83,82
10295,Bus,Lane 1,51.05,60.42,73,49
10298,Light Goods Vehicle,Lane 2,60.65,44.46,59,19
10306,Car,Lane 1,45.34,37.03,96,52
10307,Car,Lane 1,33.64,33.94,210,197
10308,Car,Lane 1,35.48,42.98,237,217
10309,Bus,Lane 1,18.36,39.55,541,388
10311,Bus,Lane 1,38.1,38.46,88,87
10317,Light Goods Vehicle,Lane 2,33.85,34.64,73,10
10318,Car,Lane 2,34.97,34.56,255,221
10320,Bus,Lane 2,44.55,61.72,89,22
10321,Car,Lane 1,28.68,29.19,31,30
10323,Motorcycle,Lane 1,75.35,80.67,55,50
10327,Motorcycle,Lane 1,67.97,76.92,55,54
10334,Three-Wheeler,Lane 2,31.94,29.51,77,16
10335,Motorcycle,Lane 1,42.87,40.35,31,30
10336,Car,Lane 1,6.6,10.57,127,56
10337,Bus,Lane 2,78.56,82.67,53,48
10339,Car,Lane 1,28.95,28.34,99,98
10340,Bus,Lane 2,43.97,40.55,109,45
10342,Light Goods Vehicle,Lane 1,15.47,16.1,38,37
10346,Light Goods Vehicle,Lane 1,46.3,47.08,38,37
10350,Car,Lane 1,35.5,47.81,223,204
10355,Light Goods Vehicle,Lane 2,17.33,13.88,119,40
10360,Light Goods Vehicle,Lane 1,31.18,34.66,203,192
10363,Light Goods Vehicle,Lane 2,94.81,107.6,32,25
10364,Bus,Lane 2,40.16,34.9,77,38
10368,Three-Wheeler,Lane 1,15.63,18.84,369,314
10369,Bus,Lane 1,65.47,52.89,143,85
10370,Light Goods Vehicle,Lane 2,59.98,53.3,44,18
10373,Light Goods Vehicle,Lane 2,40.28,36.19,38,9
10376,Bus,Lane 1,22.13,59.71,297,152
10377,Car,Lane 1,57.05,60.92,39,38
10378,Light Goods Vehicle,Lane 1,50.05,54.06,902,405
10379,Bus,Lane 1,58.09,63.12,96,95
10384,Car,Lane 1,7.24,6.32,76,18
10389,Light Goods Vehicle,Lane 1,125.16,85.37,489,163
10393,Bus,Lane 2,13.65,12.57,291,118
10396,Car,Lane 1,52.2,50.92,191,173
10398,Bus,Lane 1,10.58,11.1,35,34
10399,Van,Lane 1,13.53,14.21,40,39
10403,Car,Lane 1,124.42,82.97,164,49
10408,Three-Wheeler,Lane 1,57.48,50.69,36,34
10409,Motorcycle,Lane 1,46.74,51.31,78,76
10410,Motorcycle,Lane 1,36.06,39.94,68,67
10418,Heavy Goods Vehicle,Lane 2,19.89,44.93,52,40
10420,Heavy Goods Vehicle,Lane 2,5.51,7.76,71,56
10422,Light Goods Vehicle,Lane 1,20.9,64.05,261,95
10424,Bus,Lane 2,6.9,7.42,48,47
10426,Bus,Lane 2,8.35,8.0,34,33
10427,Motorcycle,Lane 2,13.47,13.47,31,5
10428,Van,Lane 2,10.69,11.09,42,41
10429,Motorcycle,Lane 1,47.47,50.4,70,69
10430,Motorcycle,Lane 1,49.81,59.98,63,62
10442,Motorcycle,Lane 1,42.98,44.94,95,93
10446,Motorcycle,Lane 2,17.56,19.53,46,44
10448,Three-Wheeler,Lane 1,49.09,49.54,199,185
10453,Light Goods Vehicle,Lane 1,10.65,59.97,217,62
10460,Motorcycle,Lane 1,24.25,31.7,47,44
10463,Three-Wheeler,Lane 2,32.88,39.31,160,128
10466,Light Goods Vehicle,Lane 1,43.84,46.74,121,119
10468,Three-Wheeler,Lane 1,42.72,45.19,349,279
10474,Car,Lane 1,39.91,37.95,182,161
10475,Bus,Lane 1,95.96,77.35,88,49
10477,Van,Lane 1,41.47,40.42,154,148
10478,Three-Wheeler,Lane 1,35.24,43.32,196,178
10479,Motorcycle,Lane 2,22.06,28.31,60,59
10481,Car,Lane 2,32.67,35.69,234,217
10482,Motorcycle,Lane 1,24.51,35.09,64,63
10485,Motorcycle,Lane 1,91.58,96.67,58,41
10494,Car,Lane 2,19.57,25.74,61,60
10497,Car,Lane 1,30.71,44.5,304,287
10504,Motorcycle,Lane 1,11.72,9.37,33,26
10506,Three-Wheeler,Lane 1,9.81,51.97,32,10
10510,Motorcycle,Lane 1,24.73,27.99,46,45
10511,Light Goods Vehicle,Lane 1,14.17,16.69,34,33
10520,Car,Lane 1,40.43,42.42,167,162
10521,Car,Lane 2,11.6,12.14,33,32
10525,Van,Lane 1,15.39,16.77,34,33
10528,Light Goods Vehicle,Lane 1,39.56,40.27,163,159
10536,Light Goods Vehicle,Lane 1,30.19,32.46,175,173
10537,Car,Lane 1,25.84,29.7,47,46
10538,Car,Lane 1,48.46,51.92,43,42
10540,Three-Wheeler,Lane 2,39.54,41.45,168,142
10543,Three-Wheeler,Lane 2,30.81,31.6,160,156
10547,Light Goods Vehicle,Lane 1,49.26,52.0,185,179
10550,Three-Wheeler,Lane 1,27.23,34.11,186,179
10552,Light Goods Vehicle,Lane 1,60.83,65.44,69,67
10554,Light Goods Vehicle,Lane 1,10.72,11.03,33,32
10556,Motorcycle,Lane 1,39.17,43.42,124,123
10557,Motorcycle,Lane 2,95.48,91.18,42,20
10558,Motorcycle,Lane 1,46.89,50.87,32,31
10559,Motorcycle,Lane 1,90.09,97.23,52,33
10576,Three-Wheeler,Lane 1,45.81,42.7,157,150
10579,Three-Wheeler,Lane 2,32.08,33.06,151,149
10587,Motorcycle,Lane 1,54.96,56.74,52,50
10589,Van,Lane 1,39.03,38.11,206,185
10594,Light Goods Vehicle,Lane 1,13.49,14.15,33,32
10595,Van,Lane 1,14.34,15.02,32,31
10599,Van,Lane 1,40.81,37.01,37,23
10602,Bus,Lane 2,69.07,44.97,31,5
10603,Three-Wheeler,Lane 1,28.56,32.75,144,143
10606,Car,Lane 1,37.9,39.11,207,187
10611,Three-Wheeler,Lane 2,26.51,27.6,113,111
10614,Bus,Lane 1,60.84,55.99,95,70
10615,Three-Wheeler,Lane 2,29.45,28.88,170,166
10617,Three-Wheeler,Lane 1,33.12,43.62,410,372
10620,Three-Wheeler,Lane 2,28.73,31.91,255,222
10621,Car,Lane 1,23.1,24.41,32,31
10633,Three-Wheeler,Lane 1,34.92,37.51,35,22
10636,Car,Lane 2,30.49,37.65,382,350
10640,Car,Lane 2,14.59,17.4,45,44
10646,Light Goods Vehicle,Lane 2,8.6,8.58,31,30
10649,Car,Lane 1,44.34,51.58,57,55
10650,Van,Lane 1,51.33,59.5,153,139
10654,Three-Wheeler,Lane 2,25.77,33.16,285,252
10662,Light Goods Vehicle,Lane 2,48.03,52.46,53,41
10663,Car,Lane 1,12.14,12.92,34,33
10664,Van,Lane 1,16.26,17.27,34,33
10666,Car,Lane 1,91.47,75.76,38,24
10667,Car,Lane 1,39.73,45.2,211,190
10670,Motorcycle,Lane 1,21.25,24.63,43,42
10671,Motorcycle,Lane 1,20.88,27.71,44,43
10679,Car,Lane 1,22.38,29.41,72,70
10682,Motorcycle,Lane 2,23.57,27.75,87,86
10689,Motorcycle,Lane 1,23.48,28.48,67,66
10691,Car,Lane 1,33.74,37.71,212,200
10694,Car,Lane 2,10.43,10.82,33,32
10695,Motorcycle,Lane 2,20.77,26.03,64,62
10704,Motorcycle,Lane 2,17.71,21.78,73,69
10707,Van,Lane 1,13.78,14.09,32,31
10708,Car,Lane 1,38.71,42.38,226,209
10719,Three-Wheeler,Lane 2,45.11,45.18,31,12
10722,Light Goods Vehicle,Lane 2,7.21,10.47,71,69
10724,Car,Lane 1,40.23,44.4,224,199
10727,Motorcycle,Lane 2,26.47,32.14,98,97
10728,Bus,Lane 2,7.83,7.42,38,37
10730,Van,Lane 2,7.95,8.27,45,44
10733,Light Goods Vehicle,Lane 1,14.25,15.09,38,37
10735,Three-Wheeler,Lane 1,41.33,46.48,207,183
10736,Three-Wheeler,Lane 1,8.9,43.75,136,53
10740,Motorcycle,Lane 1,23.92,30.28,72,71
10749,Motorcycle,Lane 1,20.04,23.44,52,51
10756,Three-Wheeler,Lane 1,65.5,71.25,94,54
10757,Van,Lane 1,13.85,14.5,33,32
10759,Car,Lane 1,21.34,27.25,65,64
10765,Three-Wheeler,Lane 1,97.23,108.3,31,24
10766,Three-Wheeler,Lane 1,93.81,105.13,32,25
10767,Three-Wheeler,Lane 1,91.27,100.05,31,29
10768,Three-Wheeler,Lane 1,35.35,37.36,149,140
10771,Car,Lane 1,67.36,71.63,179,164
10772,Light Goods Vehicle,Lane 1,48.71,53.31,35,33
10774,Car,Lane 1,17.03,32.22,52,49
10775,Light Goods Vehicle,Lane 1,22.36,29.74,51,49
10777,Light Goods Vehicle,Lane 1,34.74,40.78,44,43
10782,Three-Wheeler,Lane 1,53.32,55.33,184,159
10785,Light Goods Vehicle,Lane 1,45.51,45.53,118,109
10790,Motorcycle,Lane 2,28.08,34.14,66,65
10794,Three-Wheeler,Lane 2,33.92,34.88,1257,544
10797,Motorcycle,Lane 2,23.56,31.08,56,55
10805,Van,Lane 1,24.28,26.64,32,31
10807,Car,Lane 1,44.28,43.05,233,207
10808,Car,Lane 1,37.52,40.77,72,70
10809,Car,Lane 1,50.71,54.17,112,110
10812,Car,Lane 1,48.07,50.62,156,149
10814,Car,Lane 1,50.64,48.5,132,131
10815,Light Goods Vehicle,Lane 1,50.02,51.39,203,160
10816,Car,Lane 1,50.67,52.72,469,260
10817,Car,Lane 1,39.53,42.85,253,226
10820,Three-Wheeler,Lane 1,79.04,90.2,32,31
10821,Car,Lane 1,45.96,46.81,182,168
10832,Three-Wheeler,Lane 1,9.67,51.85,78,35
10837,Car,Lane 1,46.59,46.3,139,130
10849,Car,Lane 1,46.4,43.36,216,174
10850,Three-Wheeler,Lane 1,41.07,59.85,51,42
10852,Three-Wheeler,Lane 2,28.27,28.73,215,191
10854,Car,Lane 1,86.97,68.0,54,30
10861,Light Goods Vehicle,Lane 1,9.44,9.99,32,31
10863,Car,Lane 1,7.84,40.37,68,39
10865,Bus,Lane 1,76.73,74.42,68,50
10867,Car,Lane 1,59.65,69.49,92,89
10868,Light Goods Vehicle,Lane 1,62.49,66.81,189,151
10870,Car,Lane 1,77.04,52.79,171,53
10872,Van,Lane 1,52.49,61.66,40,39
10873,Van,Lane 1,38.33,39.14,249,209
10875,Car,Lane 1,6.39,4.83,40,18
10880,Car,Lane 1,79.65,61.44,1451,636
10884,Three-Wheeler,Lane 2,17.53,22.2,44,31
10887,Motorcycle,Lane 1,21.27,21.6,32,31
10888,Motorcycle,Lane 1,71.69,74.8,70,68
10897,Motorcycle,Lane 1,72.5,82.58,45,44
10903,Three-Wheeler,Lane 1,112.25,91.22,47,21
10904,Car,Lane 1,110.87,84.88,139,51
10909,Car,Lane 1,66.38,77.96,41,40
10910,Car,Lane 1,92.96,67.22,60,34
10911,Light Goods Vehicle,Lane 1,96.57,109.55,33,21
10912,Light Goods Vehicle,Lane 1,55.7,54.29,116,113
10913,Light Goods Vehicle,Lane 1,62.98,65.52,446,259
10914,Car,Lane 1,97.62,65.78,31,13
10921,Car,Lane 1,106.38,87.14,33,9
10925,Motorcycle,Lane 1,97.5,96.66,57,39
10935,Motorcycle,Lane 1,115.55,108.98,63,47
10937,Car,Lane 1,13.35,59.54,117,32
10941,Car,Lane 1,100.13,100.55,31,13
10946,Motorcycle,Lane 1,13.21,13.61,32,31
10947,Motorcycle,Lane 1,83.95,91.7,60,54
10951,Motorcycle,Lane 1,15.11,17.62,49,48
10954,Motorcycle,Lane 1,89.4,89.6,62,52
10957,Car,Lane 1,8.39,8.39,31,5
10958,Motorcycle,Lane 1,93.08,91.12,43,37
10962,Van,Lane 1,28.08,31.73,385,284
10965,Car,Lane 1,10.77,14.24,41,36
10966,Car,Lane 1,110.72,81.49,40,10
10967,Van,Lane 1,8.07,29.73,33,18
10970,Car,Lane 1,111.82,69.67,48,12
10973,Three-Wheeler,Lane 1,127.62,92.81,189,73
10974,Car,Lane 1,59.47,59.85,40,39
10976,Car,Lane 1,50.9,51.03,129,127
10980,Car,Lane 1,118.09,118.17,31,5
10981,Car,Lane 1,46.06,48.08,202,139
10984,Bus,Lane 1,39.29,39.99,33,32
10988,Light Goods Vehicle,Lane 1,46.74,49.41,73,72
10991,Bus,Lane 1,47.16,53.67,237,189
10995,Motorcycle,Lane 1,9.78,10.27,31,30
11000,Motorcycle,Lane 1,71.18,77.48,61,60
11008,Three-Wheeler,Lane 1,59.02,43.36,35,23
11010,Car,Lane 1,41.08,46.15,271,212
11015,Motorcycle,Lane 2,27.33,33.94,50,49
11023,Car,Lane 1,100.43,80.67,129,40
11026,Motorcycle,Lane 1,27.76,34.32,44,43
11027,Motorcycle,Lane 1,31.18,41.01,56,55
11031,Motorcycle,Lane 1,23.72,25.02,32,31
11034,Car,Lane 1,38.43,44.67,242,202
11035,Three-Wheeler,Lane 2,33.96,38.8,174,154
11036,Light Goods Vehicle,Lane 1,39.59,41.83,34,33
11038,Car,Lane 2,34.25,38.09,265,223
11039,Car,Lane 1,84.1,62.8,122,31
11044,Three-Wheeler,Lane 1,78.1,67.82,52,16
11045,Three-Wheeler,Lane 1,23.21,23.72,41,40
11047,Three-Wheeler,Lane 1,35.3,39.15,197,167
11050,Light Goods Vehicle,Lane 1,80.3,70.75,205,125
11051,Light Goods Vehicle,Lane 1,38.58,50.98,299,246
11053,Car,Lane 1,41.09,57.59,174,128
11056,Light Goods Vehicle,Lane 1,34.89,37.5,119,117
11068,Light Goods Vehicle,Lane 1,24.18,28.5,66,65
11069,Motorcycle,Lane 1,27.48,34.66,52,50
11071,Motorcycle,Lane 2,30.27,32.08,32,31
11072,Bus,Lane 2,12.61,49.87,43,24
11073,Motorcycle,Lane 2,21.79,22.5,36,35
11075,Car,Lane 1,39.04,47.0,297,256
11084,Motorcycle,Lane 1,26.03,32.02,99,98
11088,Three-Wheeler,Lane 1,41.81,52.49,47,42
11089,Light Goods Vehicle,Lane 1,96.22,77.66,77,52
11092,Car,Lane 1,15.96,21.69,65,64
11093,Light Goods Vehicle,Lane 1,62.34,73.75,50,45
11099,Motorcycle,Lane 1,18.09,20.3,35,34
11100,Bus,Lane 1,36.4,36.94,85,83
11102,Car,Lane 1,59.21,64.81,37,29
11109,Bus,Lane 1,5.5,19.41,60,52
11110,Car,Lane 2,30.65,37.71,36,35
11112,Three-Wheeler,Lane 2,25.34,29.17,146,140
11120,Car,Lane 1,18.41,27.97,82,81
11121,Light Goods Vehicle,Lane 1,20.67,21.26,31,30
11122,Three-Wheeler,Lane 1,33.2,35.69,183,174
11130,Heavy Goods Vehicle,Lane 1,15.8,17.02,34,33
11132,Motorcycle,Lane 2,20.52,25.01,53,52
11136,Motorcycle,Lane 2,2.9,5.01,32,20
11138,Motorcycle,Lane 2,11.24,11.53,31,30
11139,Three-Wheeler,Lane 1,34.1,36.05,211,197
11141,Motorcycle,Lane 1,24.21,32.51,59,58
11151,Car,Lane 2,17.22,21.67,54,53
11152,Car,Lane 1,27.18,29.16,88,86
11161,Bus,Lane 2,44.84,47.76,211,183
11163,Van,Lane 2,10.32,10.51,31,30
11167,Motorcycle,Lane 1,20.55,25.77,59,58
11169,Car,Lane 2,9.85,10.08,31,30
11172,Bus,Lane 1,35.54,41.83,179,156
11181,Light Goods Vehicle,Lane 2,84.25,88.81,35,33
11182,Van,Lane 1,15.02,16.02,33,32
11187,Van,Lane 1,15.94,16.93,35,34
11191,Car,Lane 1,24.78,27.88,82,80
11192,Three-Wheeler,Lane 2,32.66,36.67,230,202
11197,Car,Lane 2,31.11,33.22,278,232
11205,Light Goods Vehicle,Lane 1,11.46,11.96,34,33
11206,Motorcycle,Lane 1,20.35,22.9,40,39
11207,Van,Lane 1,9.72,9.89,31,30
11208,Three-Wheeler,Lane 1,33.85,36.66,227,203
11222,Light Goods Vehicle,Lane 1,13.93,14.59,33,32
11225,Motorcycle,Lane 1,15.16,15.6,31,30
11234,Motorcycle,Lane 1,29.1,38.27,65,64
11239,Motorcycle,Lane 1,11.7,11.38,31,30
11241,Three-Wheeler,Lane 2,29.66,32.92,224,213
11242,Motorcycle,Lane 1,18.7,22.16,40,39
11244,Car,Lane 1,40.03,40.68,196,183
11250,Motorcycle,Lane 1,24.57,30.09,55,54
11255,Motorcycle,Lane 2,20.85,23.05,36,35
11256,Three-Wheeler,Lane 1,38.86,42.18,247,210
11260,Three-Wheeler,Lane 1,90.38,85.66,36,15
11264,Motorcycle,Lane 1,103.88,104.24,65,53
11266,Car,Lane 1,39.76,42.5,232,207
11271,Three-Wheeler,Lane 2,46.03,55.28,178,157
11274,Bus,Lane 2,12.74,13.45,34,33
11283,Van,Lane 2,7.84,8.17,31,30
11284,Three-Wheeler,Lane 1,42.8,45.07,204,194
11287,Motorcycle,Lane 1,67.78,64.58,124,121
11289,Van,Lane 1,14.84,15.83,34,33
11293,Car,Lane 2,29.95,32.07,87,86
11295,Light Goods Vehicle,Lane 2,32.46,32.07,84,83
11296,Three-Wheeler,Lane 1,29.32,33.49,80,78
11297,Motorcycle,Lane 1,29.35,35.76,64,63
11299,Car,Lane 1,14.68,15.41,38,37
11300,Motorcycle,Lane 2,23.85,31.63,97,94
11306,Motorcycle,Lane 2,22.67,29.06,76,75
11309,Light Goods Vehicle,Lane 2,8.54,8.91,31,30
11314,Light Goods Vehicle,Lane 1,88.84,100.36,69,39
11322,Van,Lane 1,55.79,73.01,40,7
11328,Three-Wheeler,Lane 1,112.35,101.78,80,70
11330,Van,Lane 1,94.74,92.27,55,49
11331,Motorcycle,Lane 2,18.98,18.94,43,4
11334,Car,Lane 1,39.28,40.45,34,33
11335,Car,Lane 1,49.47,49.66,254,201
11336,Car,Lane 1,47.15,47.39,41,40
11337,Light Goods Vehicle,Lane 1,75.57,86.82,34,33
11338,Car,Lane 1,79.99,90.8,36,33
11340,Light Goods Vehicle,Lane 1,48.73,53.76,222,199
11341,Light Goods Vehicle,Lane 1,54.73,59.49,102,99
11345,Motorcycle,Lane 1,58.51,66.08,77,76
11347,Motorcycle,Lane 1,54.49,55.83,56,54
11348,Motorcycle,Lane 1,47.74,49.79,163,160
11350,Car,Lane 1,61.07,60.91,154,150
11361,Light Goods Vehicle,Lane 1,62.52,66.09,82,81
11362,Van,Lane 1,99.22,91.57,34,27
11367,Motorcycle,Lane 1,65.41,71.91,71,70
11369,Motorcycle,Lane 1,73.66,77.83,81,79
11379,Car,Lane 1,74.84,85.69,33,32
11380,Car,Lane 1,76.83,90.24,35,31
11382,Car,Lane 1,42.82,42.5,283,200
11383,Light Goods Vehicle,Lane 1,59.98,63.91,69,67
11388,Motorcycle,Lane 1,66.53,69.67,78,77
11390,Motorcycle,Lane 1,64.8,65.74,66,65
11396,Motorcycle,Lane 1,105.65,116.34,31,27
11399,Car,Lane 1,48.56,46.61,207,184
11401,Light Goods Vehicle,Lane 1,36.08,38.11,31,30
11402,Car,Lane 1,51.23,49.32,118,116
11410,Car,Lane 1,4.79,4.85,34,18
11414,Motorcycle,Lane 1,51.59,54.31,105,103
11418,Motorcycle,Lane 1,81.56,92.9,51,39
11427,Light Goods Vehicle,Lane 1,62.75,59.18,89,84
11429,Motorcycle,Lane 1,6.02,8.26,32,23
11432,Motorcycle,Lane 1,61.74,75.46,72,69
11433,Motorcycle,Lane 1,74.83,84.76,50,45
11436,Motorcycle,Lane 2,27.69,31.25,47,46
11439,Motorcycle,Lane 1,64.91,66.0,71,69
11440,Motorcycle,Lane 1,26.87,31.14,60,59
11447,Car,Lane 1,9.25,51.74,54,39
11448,Three-Wheeler,Lane 1,80.54,57.0,49,27
11449,Light Goods Vehicle,Lane 1,8.68,29.93,46,22
11450,Car,Lane 1,99.16,76.1,45,15
11451,Three-Wheeler,Lane 1,103.56,73.78,188,47
11452,Three-Wheeler,Lane 1,78.57,72.25,43,18
11453,Car,Lane 1,48.08,48.21,256,205
11456,Car,Lane 2,70.89,69.42,74,32
11457,Motorcycle,Lane 2,19.67,29.48,65,63
11461,Bus,Lane 1,34.43,39.67,266,201
11464,Bus,Lane 2,50.26,55.01,178,94
11465,Bus,Lane 1,11.83,27.05,35,31
11466,Car,Lane 1,11.14,49.41,67,45
11467,Car,Lane 1,38.56,38.32,159,153
11473,Car,Lane 1,54.02,55.65,82,80
11474,Car,Lane 2,31.32,34.21,178,146
11477,Bus,Lane 1,92.38,70.64,115,67
11480,Bus,Lane 2,6.05,11.24,1858,1000
11481,Motorcycle,Lane 1,14.7,15.08,33,32
11482,Motorcycle,Lane 1,65.99,73.63,72,71
11483,Motorcycle,Lane 1,75.62,82.4,56,51
11490,Car,Lane 1,50.43,54.97,57,56
11491,Light Goods Vehicle,Lane 1,65.24,72.52,34,33
11493,Light Goods Vehicle,Lane 1,44.75,43.22,166,160
11495,Motorcycle,Lane 1,50.77,52.21,83,82
11498,Light Goods Vehicle,Lane 1,39.35,41.48,196,171
11502,Bus,Lane 1,12.2,17.71,71,70
11503,Three-Wheeler,Lane 1,6.63,25.25,33,20
11504,Bus,Lane 1,29.14,32.68,44,42
11505,Car,Lane 1,18.11,20.9,46,45
11508,Car,Lane 1,42.06,47.93,216,190
11510,Light Goods Vehicle,Lane 1,8.7,9.11,32,31
11514,Light Goods Vehicle,Lane 1,23.26,26.83,32,31
11516,Light Goods Vehicle,Lane 1,42.81,44.52,130,129
11521,Car,Lane 1,45.12,46.58,183,160
11526,Motorcycle,Lane 1,35.25,39.14,91,90
11531,Motorcycle,Lane 1,37.28,38.52,60,59
11535,Car,Lane 1,98.01,64.74,39,12
11536,Car,Lane 1,43.67,48.45,635,370
11540,Car,Lane 1,11.86,14.47,50,49
11542,Light Goods Vehicle,Lane 1,9.4,9.73,34,33
11543,Van,Lane 1,12.9,13.65,36,35
11547,Three-Wheeler,Lane 1,82.02,66.74,137,73
11548,Motorcycle,Lane 1,66.23,79.46,64,43
11550,Motorcycle,Lane 1,74.79,79.63,76,75
11557,Motorcycle,Lane 1,21.02,21.11,31,30
11563,Three-Wheeler,Lane 1,41.55,30.33,31,25
11564,Three-Wheeler,Lane 1,37.47,37.97,34,6
11566,Car,Lane 1,69.0,63.97,228,75
11567,Car,Lane 1,25.54,26.87,36,35
11568,Car,Lane 1,39.65,40.53,114,113
11570,Light Goods Vehicle,Lane 1,36.66,35.76,147,145
11571,Car,Lane 1,41.47,49.34,514,358
11576,Light Goods Vehicle,Lane 1,19.33,17.15,31,30
11578,Car,Lane 1,8.14,36.2,39,8
11584,Motorcycle,Lane 1,33.28,39.21,88,85
11585,Three-Wheeler,Lane 1,34.76,38.17,173,162
11586,Motorcycle,Lane 1,27.09,35.65,93,91
11587,Three-Wheeler,Lane 1,40.91,40.85,204,181
11588,Motorcycle,Lane 1,29.41,34.48,63,62
11589,Motorcycle,Lane 2,18.95,24.08,106,105
11591,Motorcycle,Lane 1,30.67,42.89,62,61
11592,Car,Lane 1,44.17,45.41,211,190
11595,Motorcycle,Lane 2,18.37,19.45,101,100
11596,Three-Wheeler,Lane 2,18.65,18.7,986,538
11610,Motorcycle,Lane 1,30.22,38.87,57,56
11611,Light Goods Vehicle,Lane 1,55.16,55.32,146,94
11612,Motorcycle,Lane 1,26.65,32.85,72,71
11614,Motorcycle,Lane 1,9.56,11.31,31,30
11615,Car,Lane 1,64.11,56.35,38,23
11616,Motorcycle,Lane 2,27.16,31.21,119,116
11627,Three-Wheeler,Lane 1,40.05,42.6,93,92
11635,Three-Wheeler,Lane 1,37.27,38.08,173,162
11638,Motorcycle,Lane 1,25.99,29.77,63,62
11641,Motorcycle,Lane 2,29.52,34.67,52,51
11642,Three-Wheeler,Lane 2,35.41,41.46,280,231
11644,Motorcycle,Lane 1,24.0,28.75,37,36
11656,Car,Lane 1,53.75,54.12,167,156
11661,Motorcycle,Lane 2,11.07,11.16,31,30
11668,Car,Lane 1,15.99,21.26,47,46
11669,Three-Wheeler,Lane 1,38.79,44.44,207,181
11675,Light Goods Vehicle,Lane 1,45.22,42.89,95,94
11679,Three-Wheeler,Lane 1,41.45,44.19,60,24
11680,Motorcycle,Lane 2,26.81,31.07,85,84
11683,Light Goods Vehicle,Lane 1,39.63,38.87,132,126
11696,Three-Wheeler,Lane 1,42.01,42.31,164,154
11697,Car,Lane 1,31.26,36.41,66,65
11698,Car,Lane 1,54.74,59.11,107,40
11700,Three-Wheeler,Lane 1,53.4,53.04,185,171
11704,Car,Lane 1,27.84,28.56,33,32
11706,Light Goods Vehicle,Lane 1,9.77,11.15,32,31
11707,Light Goods Vehicle,Lane 1,72.54,76.89,174,165
11709,Car,Lane 1,62.74,65.64,90,89
11711,Car,Lane 1,51.77,52.59,178,167
11714,Car,Lane 1,26.44,33.99,54,53
11720,Van,Lane 1,17.68,18.6,33,32
11721,Car,Lane 1,90.57,96.73,35,25
11723,Car,Lane 1,61.35,68.24,183,172
11729,Car,Lane 1,70.21,72.86,67,66
11731,Bus,Lane 1,81.22,66.29,49,43
11734,Three-Wheeler,Lane 1,55.37,55.53,172,162
11736,Car,Lane 1,81.22,87.28,150,146
11739,Light Goods Vehicle,Lane 1,31.39,36.9,109,103
11741,Car,Lane 1,36.38,47.14,71,69
11742,Motorcycle,Lane 2,29.97,39.06,56,55
11743,Motorcycle,Lane 2,23.16,31.23,63,61
11745,Three-Wheeler,Lane 1,50.16,52.11,149,143
11746,Three-Wheeler,Lane 1,45.68,47.26,190,180
11747,Car,Lane 1,21.53,21.86,31,30
11748,Motorcycle,Lane 1,77.34,79.31,91,89
11753,Motorcycle,Lane 1,97.13,105.45,44,32
11754,Three-Wheeler,Lane 1,17.28,19.76,31,30
11760,Three-Wheeler,Lane 1,39.89,47.66,113,108
11765,Light Goods Vehicle,Lane 2,8.69,8.88,42,41
11770,Car,Lane 1,70.75,72.91,164,158
11776,Motorcycle,Lane 1,101.24,105.69,73,60
11780,Motorcycle,Lane 1,26.54,31.53,40,39
11784,Motorcycle,Lane 1,84.4,95.43,47,34
11785,Motorcycle,Lane 1,127.49,124.31,59,40
11793,Car,Lane 1,16.59,19.97,47,46
11796,Motorcycle,Lane 1,13.71,14.36,31,30
11798,Motorcycle,Lane 1,114.5,113.42,40,18
11802,Motorcycle,Lane 1,90.67,94.0,51,35
11806,Motorcycle,Lane 1,42.03,43.92,35,34
11807,Motorcycle,Lane 1,86.95,90.32,53,46
11811,Motorcycle,Lane 1,56.67,56.91,40,38
11814,Three-Wheeler,Lane 2,31.38,35.16,184,173
11815,Car,Lane 1,57.73,61.5,34,33
11816,Bus,Lane 1,104.52,113.88,34,18
11818,Bus,Lane 1,82.69,90.57,138,121
11825,Motorcycle,Lane 2,29.45,33.98,71,69
11828,Motorcycle,Lane 1,91.38,92.98,49,29
11831,Motorcycle,Lane 1,87.99,88.21,69,60
11843,Car,Lane 2,18.86,24.04,73,72
11847,Van,Lane 2,10.73,10.89,50,48
11848,Van,Lane 2,8.38,8.9,42,41
11849,Car,Lane 1,19.14,19.93,34,33
11850,Car,Lane 1,64.38,70.85,100,97
11851,Car,Lane 1,50.28,56.84,231,185
11858,Three-Wheeler,Lane 1,35.8,38.82,242,215
11861,Light Goods Vehicle,Lane 1,32.16,35.49,131,128
11862,Car,Lane 1,45.78,54.09,661,349
11868,Three-Wheeler,Lane 1,35.38,49.08,658,453
11873,Three-Wheeler,Lane 2,25.71,28.82,144,140
11875,Light Goods Vehicle,Lane 2,26.06,30.79,114,112
11882,Car,Lane 1,38.36,31.23,52,36
11883,Car,Lane 1,37.92,28.24,58,45
11886,Three-Wheeler,Lane 1,43.93,47.34,211,190
11893,Light Goods Vehicle,Lane 1,22.48,30.8,66,65
11897,Motorcycle,Lane 1,31.93,33.26,34,33
11909,Motorcycle,Lane 1,49.4,51.89,95,93
11913,Car,Lane 1,34.8,33.43,153,151
11919,Light Goods Vehicle,Lane 1,39.23,38.88,239,203
11920,Three-Wheeler,Lane 1,101.03,73.86,119,66
11923,Motorcycle,Lane 1,52.94,52.57,56,55
11925,Car,Lane 1,6.2,12.26,67,35
11927,Motorcycle,Lane 1,25.02,26.78,35,34
11928,Bus,Lane 1,45.91,46.81,40,39
11931,Motorcycle,Lane 2,13.79,17.43,70,68
11937,Motorcycle,Lane 2,14.48,16.17,44,43
11938,Three-Wheeler,Lane 1,9.34,51.89,47,17
11940,Car,Lane 1,8.96,47.07,94,36
11941,Bus,Lane 1,14.33,17.21,56,55
11943,Motorcycle,Lane 1,76.63,83.05,68,58
11944,Motorcycle,Lane 1,66.69,68.85,79,77
11947,Light Goods Vehicle,Lane 1,42.46,51.27,280,241
11951,Car,Lane 1,35.26,36.14,41,40
11952,Car,Lane 1,6.54,6.39,175,85
11953,Van,Lane 1,48.43,54.25,38,37
11954,Bus,Lane 1,58.37,63.33,92,91
11957,Heavy Goods Vehicle,Lane 1,54.46,52.68,163,147
11959,Car,Lane 1,26.25,35.73,472,331
11963,Van,Lane 1,89.7,75.15,44,22
11967,Motorcycle,Lane 1,4.79,5.36,33,32
11971,Motorcycle,Lane 1,75.04,80.93,69,59
11973,Motorcycle,Lane 1,64.27,74.18,77,76
11976,Motorcycle,Lane 1,60.41,59.24,72,71
11977,Car,Lane 1,35.25,36.6,321,245
11981,Car,Lane 1,50.78,54.03,33,32
11987,Bus,Lane 1,68.73,67.59,123,103
11997,Car,Lane 1,33.81,27.57,34,24
11999,Bus,Lane 1,33.56,29.69,119,104
12007,Van,Lane 1,8.58,54.29,115,35
12009,Bus,Lane 1,8.03,27.07,40,8
12011,Three-Wheeler,Lane 1,18.38,56.98,74,11
12012,Car,Lane 1,68.32,50.87,39,24
12014,Three-Wheeler,Lane 1,76.88,71.24,322,170
12017,Three-Wheeler,Lane 1,9.71,58.95,128,40
12020,Car,Lane 1,61.89,68.73,38,37
12023,Three-Wheeler,Lane 1,10.9,35.8,118,42
12024,Bus,Lane 1,41.61,44.23,102,101
12028,Car,Lane 1,46.51,53.8,308,209
12031,Bus,Lane 1,8.13,11.18,62,8
12032,Three-Wheeler,Lane 1,86.91,76.06,37,6
12034,Car,Lane 1,17.59,19.86,34,33
12035,Light Goods Vehicle,Lane 1,70.09,77.7,34,33
12036,Light Goods Vehicle,Lane 1,41.62,42.54,103,102
12037,Light Goods Vehicle,Lane 1,42.62,41.54,301,182
12040,Bus,Lane 1,57.6,57.92,31,20
12041,Three-Wheeler,Lane 1,67.46,51.75,659,297
12047,Car,Lane 1,56.22,56.63,167,152
12050,Motorcycle,Lane 1,30.87,39.65,41,40
12051,Bus,Lane 1,91.44,82.82,74,50
12053,Car,Lane 1,35.28,30.58,386,230
12057,Three-Wheeler,Lane 1,8.54,6.66,31,9
12065,Bus,Lane 1,22.84,27.97,49,48
12070,Three-Wheeler,Lane 1,25.35,25.19,32,31
12072,Motorcycle,Lane 2,26.77,33.68,45,44
12082,Motorcycle,Lane 1,42.66,44.74,102,101
12084,Three-Wheeler,Lane 1,44.19,60.37,94,81
12087,Three-Wheeler,Lane 1,17.02,17.99,31,30
12089,Car,Lane 1,43.2,47.15,72,69
12090,Bus,Lane 1,42.53,43.04,128,126
12091,Light Goods Vehicle,Lane 1,45.29,47.19,54,52
12092,Three-Wheeler,Lane 2,29.61,33.76,92,91
12097,Motorcycle,Lane 2,23.68,28.35,46,45
12098,Car,Lane 1,6.46,6.87,51,14
12100,Motorcycle,Lane 2,8.37,8.59,31,30
12103,Heavy Goods Vehicle,Lane 1,12.53,12.31,31,30
12104,Car,Lane 1,61.97,50.9,48,18
12106,Van,Lane 1,18.71,19.91,34,33
12107,Three-Wheeler,Lane 1,53.18,56.48,78,77
12111,Motorcycle,Lane 1,70.72,77.11,47,45
12113,Car,Lane 1,37.23,38.89,50,49
12114,Three-Wheeler,Lane 2,33.28,34.15,171,167
12117,Car,Lane 1,8.72,27.95,42,9
12121,Bus,Lane 1,46.25,50.62,39,38
12123,Bus,Lane 1,33.42,34.79,293,221
12124,Light Goods Vehicle,Lane 1,31.47,32.67,245,202
12127,Three-Wheeler,Lane 2,30.07,31.54,182,176
12128,Car,Lane 2,23.98,28.68,346,281
12129,Motorcycle,Lane 2,21.03,27.33,71,70
12134,Bus,Lane 1,59.16,45.28,47,13
12136,Three-Wheeler,Lane 1,41.97,46.47,303,244
12139,Motorcycle,Lane 2,24.8,31.88,59,58
12140,Van,Lane 1,76.92,53.39,41,18
12145,Motorcycle,Lane 2,25.32,27.86,41,40
12150,Three-Wheeler,Lane 1,63.37,67.61,53,18
12153,Car,Lane 1,29.83,35.29,399,317
12155,Car,Lane 1,37.47,41.25,211,195
12160,Three-Wheeler,Lane 1,8.27,35.72,59,25
12163,Car,Lane 2,9.23,9.37,31,30
12166,Van,Lane 2,8.17,36.02,36,9
12167,Car,Lane 1,39.38,37.62,168,157
12168,Three-Wheeler,Lane 1,45.33,43.1,39,35
12170,Car,Lane 2,50.47,48.11,109,51
12175,Motorcycle,Lane 1,14.07,14.29,32,31
12177,Three-Wheeler,Lane 1,34.59,27.83,46,16
12180,Motorcycle,Lane 1,84.29,89.73,45,34
12183,Motorcycle,Lane 1,71.8,80.37,55,47
12185,Motorcycle,Lane 1,89.14,85.24,46,32
12186,Motorcycle,Lane 1,75.59,78.5,59,57
12191,Car,Lane 2,22.32,23.99,31,30
12196,Three-Wheeler,Lane 1,15.99,14.95,31,23
12198,Car,Lane 1,42.12,43.98,72,71
12199,Bus,Lane 2,81.89,73.89,38,15
12201,Car,Lane 1,29.32,40.95,56,49
12204,Three-Wheeler,Lane 1,5.25,11.93,40,10
12205,Car,Lane 1,64.72,57.42,163,85
12208,Three-Wheeler,Lane 1,30.96,45.81,291,269
12212,Car,Lane 1,38.19,38.3,158,155
12213,Bus,Lane 2,10.27,11.88,1907,910
12219,Car,Lane 1,6.48,4.87,32,11
12220,Car,Lane 1,55.7,51.38,172,115
12223,Light Goods Vehicle,Lane 1,27.06,33.57,171,164
12228,Motorcycle,Lane 2,23.63,30.99,56,55
12229,Motorcycle,Lane 2,25.7,30.56,41,40
12230,Three-Wheeler,Lane 1,38.2,41.14,151,146
12232,Car,Lane 1,41.27,45.76,31,30
12234,Bus,Lane 1,20.33,27.92,145,142
12235,Three-Wheeler,Lane 1,48.03,37.61,44,12
12237,Car,Lane 1,20.48,23.3,36,35
12242,Three-Wheeler,Lane 1,37.65,40.16,192,178
12243,Van,Lane 1,14.82,15.58,33,32
12244,Three-Wheeler,Lane 1,31.46,33.88,159,149
12249,Three-Wheeler,Lane 1,44.7,49.22,225,189
12254,Van,Lane 2,11.31,12.09,35,34
12261,Three-Wheeler,Lane 1,35.88,38.39,275,227
12263,Three-Wheeler,Lane 1,70.23,53.97,59,45
12264,Van,Lane 1,44.17,51.9,115,83
12272,Bus,Lane 2,58.81,60.54,83,53
12275,Motorcycle,Lane 1,26.38,30.55,69,66
12278,Motorcycle,Lane 1,22.23,32.8,65,64
12280,Bus,Lane 1,29.02,33.21,311,283
12281,Light Goods Vehicle,Lane 1,12.08,12.49,32,31
12282,Van,Lane 1,17.39,18.52,34,33
12283,Motorcycle,Lane 1,22.03,24.72,54,52
12287,Three-Wheeler,Lane 1,31.88,34.14,221,197
12288,Bus,Lane 1,19.47,25.53,50,49
12299,Car,Lane 1,6.56,6.31,51,12
12303,Van,Lane 1,37.92,40.01,56,38
12304,Light Goods Vehicle,Lane 2,25.51,30.59,65,59
12309,Three-Wheeler,Lane 1,25.26,27.58,172,168
12311,Bus,Lane 1,25.83,38.74,338,290
12312,Bus,Lane 2,30.19,30.32,692,304
12318,Light Goods Vehicle,Lane 2,74.66,72.13,37,32
12320,Bus,Lane 2,11.25,11.91,42,41
12321,Light Goods Vehicle,Lane 2,9.06,29.69,42,34
12323,Car,Lane 1,2.2,4.59,42,9
12330,Three-Wheeler,Lane 2,53.02,57.08,75,52
12335,Car,Lane 1,44.49,48.02,200,184
12336,Van,Lane 1,8.95,9.07,31,30
12338,Three-Wheeler,Lane 2,20.96,20.97,36,7
12339,Bus,Lane 2,48.84,33.16,123,31
12343,Motorcycle,Lane 1,29.59,36.7,79,78
12349,Bus,Lane 1,104.96,77.63,84,52
12355,Car,Lane 1,19.16,22.93,45,44
12356,Van,Lane 1,58.25,63.87,164,158
12357,Light Goods Vehicle,Lane 2,48.17,57.54,53,5
12359,Three-Wheeler,Lane 1,41.95,49.97,206,188
12364,Car,Lane 1,6.54,5.86,31,7
12365,Van,Lane 1,10.28,19.56,33,13
12370,Motorcycle,Lane 1,32.15,39.36,78,77
12372,Bus,Lane 1,98.18,106.91,32,28
12373,Motorcycle,Lane 2,19.77,27.43,55,54
12375,Bus,Lane 1,37.29,42.48,77,73
12378,Light Goods Vehicle,Lane 2,17.29,28.99,188,29
12381,Motorcycle,Lane 1,27.35,31.72,40,39
12390,Motorcycle,Lane 1,27.25,31.89,49,48
12391,Motorcycle,Lane 1,16.5,16.49,32,31
12394,Bus,Lane 1,20.99,32.35,63,60
12395,Three-Wheeler,Lane 1,5.93,14.3,34,32
12403,Car,Lane 1,74.27,69.51,1445,618
12404,Light Goods Vehicle,Lane 2,39.85,24.95,70,16
12406,Van,Lane 1,45.75,45.96,252,199
12418,Motorcycle,Lane 2,25.02,30.21,54,53
12419,Car,Lane 1,4.18,11.76,37,22
12424,Light Goods Vehicle,Lane 2,5.16,21.54,66,17
12427,Bus,Lane 2,4.5,16.45,194,58
12431,Car,Lane 1,51.84,49.99,192,173
12434,Bus,Lane 2,27.71,27.71,43,2
12442,Light Goods Vehicle,Lane 2,10.92,25.81,239,109
12443,Van,Lane 1,47.4,47.21,272,208
12448,Car,Lane 1,18.76,20.61,36,35
12450,Van,Lane 1,12.68,12.92,31,30
12452,Car,Lane 1,6.54,5.74,44,13
12458,Three-Wheeler,Lane 1,27.11,27.94,44,43
12462,Motorcycle,Lane 1,35.91,42.76,62,61
12463,Motorcycle,Lane 1,31.18,36.27,68,66
12464,Car,Lane 2,10.59,17.49,83,61
12465,Bus,Lane 2,27.49,29.75,306,123
12466,Car,Lane 1,38.28,38.42,70,69
12476,Car,Lane 1,37.84,40.05,123,121
12478,Car,Lane 1,9.45,38.36,90,18
12480,Van,Lane 1,38.57,47.02,249,186
12481,Bus,Lane 1,23.46,23.62,469,262
12484,Bus,Lane 2,16.79,16.94,33,6
12486,Car,Lane 1,15.68,53.84,301,90
12489,Bus,Lane 2,14.01,15.73,982,572
12491,Three-Wheeler,Lane 1,28.95,24.02,108,60
12499,Light Goods Vehicle,Lane 1,21.2,22.57,185,167
12500,Car,Lane 1,24.86,24.11,40,22
12503,Three-Wheeler,Lane 2,20.02,15.61,66,23
12510,Motorcycle,Lane 1,56.86,65.41,72,71
12515,Motorcycle,Lane 1,54.21,61.28,63,62
12518,Car,Lane 1,109.97,68.51,153,23
12521,Van,Lane 2,20.12,20.12,39,2
12526,Car,Lane 2,7.42,7.36,78,76
12527,Light Goods Vehicle,Lane 1,11.36,11.77,34,33
12528,Light Goods Vehicle,Lane 1,65.22,63.03,266,185
12529,Light Goods Vehicle,Lane 1,66.04,67.22,78,77
12536,Car,Lane 1,106.0,73.57,92,14
12539,Light Goods Vehicle,Lane 1,84.27,98.38,34,29
12541,Light Goods Vehicle,Lane 1,51.36,54.05,205,165
12544,Light Goods Vehicle,Lane 1,64.37,66.49,84,82
12548,Three-Wheeler,Lane 2,20.62,22.46,241,217
12549,Car,Lane 1,64.16,43.94,32,24
12554,Motorcycle,Lane 1,90.18,98.93,47,39
12555,Light Goods Vehicle,Lane 2,19.6,21.27,150,142
12561,Car,Lane 1,47.24,50.13,126,123
12566,Car,Lane 1,47.73,47.03,166,149
12569,Car,Lane 1,74.19,63.35,52,16
12570,Car,Lane 1,46.94,45.16,280,191
12573,Car,Lane 1,76.67,60.42,401,81
12574,Car,Lane 1,79.59,86.52,48,47
12576,Car,Lane 1,64.87,62.95,37,36
12579,Bus,Lane 1,8.68,41.93,33,10
12584,Motorcycle,Lane 1,25.99,52.56,74,71
12585,Motorcycle,Lane 1,78.26,80.46,48,42
12592,Motorcycle,Lane 1,34.7,40.34,83,82
12596,Three-Wheeler,Lane 2,63.41,64.05,61,36
12601,Three-Wheeler,Lane 1,40.2,44.77,252,223
12605,Three-Wheeler,Lane 2,29.99,36.34,147,142
12609,Motorcycle,Lane 1,36.66,43.85,55,54
12612,Car,Lane 1,83.28,59.54,122,51
12614,Three-Wheeler,Lane 1,37.7,42.21,228,202
12622,Motorcycle,Lane 2,20.35,24.23,45,44
12626,Motorcycle,Lane 2,19.67,23.92,48,47
12629,Car,Lane 1,83.7,61.6,316,140
12630,Three-Wheeler,Lane 1,35.88,43.29,47,40
12634,Car,Lane 1,7.56,9.26,31,30
12637,Car,Lane 1,22.34,22.95,32,31
12640,Car,Lane 1,65.59,67.47,162,152
12655,Three-Wheeler,Lane 2,38.43,23.46,31,13
12656,Motorcycle,Lane 1,16.87,19.61,32,31
12658,Motorcycle,Lane 1,27.47,31.82,46,45
12665,Motorcycle,Lane 1,3.8,7.28,51,49
12675,Motorcycle,Lane 1,17.29,17.68,31,30
12685,Car,Lane 1,31.63,31.81,204,193
12686,Three-Wheeler,Lane 1,9.65,15.53,32,31
12687,Car,Lane 1,18.8,26.0,88,87
12689,Car,Lane 1,39.98,46.06,290,241
12692,Car,Lane 1,59.66,62.39,115,114
12693,Car,Lane 1,28.61,32.49,86,85
12709,Car,Lane 1,69.42,72.91,136,110
12715,Motorcycle,Lane 1,21.46,23.45,37,36
12716,Motorcycle,Lane 1,22.53,29.22,47,46
12721,Motorcycle,Lane 2,17.75,20.71,43,42
12723,Three-Wheeler,Lane 1,33.16,34.85,185,168
12727,Car,Lane 1,32.84,36.56,91,82
12728,Car,Lane 1,17.5,22.63,54,53
12729,Motorcycle,Lane 2,12.1,20.9,78,77
12735,Van,Lane 1,20.73,25.87,39,15
12744,Motorcycle,Lane 2,19.95,25.59,84,83
12747,Car,Lane 1,26.15,27.89,100,99
12752,Motorcycle,Lane 2,22.19,24.98,61,60
12755,Car,Lane 1,27.58,27.93,258,225
12757,Three-Wheeler,Lane 2,25.41,27.14,207,184
12761,Car,Lane 1,6.42,5.12,31,6
12762,Light Goods Vehicle,Lane 1,27.83,27.93,86,85
12767,Motorcycle,Lane 2,20.05,24.52,52,50
12773,Car,Lane 2,16.3,21.0,82,80
12779,Light Goods Vehicle,Lane 1,22.31,26.92,67,66
12782,Light Goods Vehicle,Lane 1,8.42,8.18,31,30
12793,Motorcycle,Lane 1,25.37,30.87,43,42
12794,Motorcycle,Lane 1,21.65,25.09,40,39
12795,Car,Lane 1,7.74,31.59,33,9
12799,Light Goods Vehicle,Lane 2,8.29,8.45,34,33
12801,Car,Lane 1,44.88,47.47,37,36
12803,Car,Lane 1,103.38,111.5,34,20
12804,Van,Lane 1,72.66,75.58,158,149
12805,Motorcycle,Lane 2,13.3,16.27,94,92
12806,Light Goods Vehicle,Lane 2,12.18,12.47,38,37
12809,Motorcycle,Lane 1,28.35,31.17,34,33
12811,Motorcycle,Lane 1,82.82,96.56,34,30
12812,Motorcycle,Lane 1,23.78,28.18,41,39
12813,Motorcycle,Lane 1,92.52,92.16,63,50
12828,Car,Lane 1,61.73,59.62,160,150
12830,Car,Lane 1,72.67,75.23,173,164
12831,Light Goods Vehicle,Lane 1,74.27,84.9,81,73
12841,Van,Lane 1,14.25,14.91,32,31
12844,Motorcycle,Lane 1,65.88,85.41,52,34
12845,Motorcycle,Lane 1,85.45,91.93,49,34
12847,Motorcycle,Lane 1,77.28,75.83,134,123
12852,Van,Lane 1,48.37,47.99,257,199
12853,Car,Lane 1,54.54,63.47,32,30
12854,Bus,Lane 1,34.01,46.16,285,268
12863,Car,Lane 1,55.17,53.75,155,148
12864,Bus,Lane 1,17.99,14.98,69,65
12866,Three-Wheeler,Lane 1,8.45,50.97,50,19
12867,Three-Wheeler,Lane 1,40.76,40.75,163,156
12868,Car,Lane 1,70.92,78.13,98,95
12871,Car,Lane 1,68.28,70.28,171,152
12875,Light Goods Vehicle,Lane 1,103.7,82.66,73,46
12880,Bus,Lane 1,37.32,45.35,212,185
12882,Three-Wheeler,Lane 2,41.55,59.04,80,55
12891,Motorcycle,Lane 1,83.1,88.61,59,48
12894,Light Goods Vehicle,Lane 1,11.23,11.33,31,30
12898,Light Goods Vehicle,Lane 2,41.22,42.57,202,152
12900,Car,Lane 2,17.6,18.25,1453,714
12906,Light Goods Vehicle,Lane 2,13.85,14.6,33,32
12910,Bus,Lane 1,92.38,69.39,84,62
12922,Motorcycle,Lane 2,12.99,14.57,40,39
12924,Bus,Lane 2,19.02,12.1,35,20
12925,Car,Lane 1,52.73,57.29,114,111
12929,Motorcycle,Lane 1,76.86,80.43,44,43
12930,Motorcycle,Lane 1,9.27,9.59,31,30
12935,Motorcycle,Lane 1,2.62,4.65,31,16
12939,Motorcycle,Lane 1,65.32,67.68,48,47
12941,Bus,Lane 2,3.37,3.8,44,8
12942,Car,Lane 1,46.55,41.1,32,19
12944,Car,Lane 1,10.88,11.54,31,30
12945,Car,Lane 1,54.21,54.5,183,165
12948,Light Goods Vehicle,Lane 1,62.82,65.14,82,81
12954,Car,Lane 1,51.82,51.84,267,195
12960,Motorcycle,Lane 2,19.69,21.99,37,36
12961,Motorcycle,Lane 2,6.59,7.98,31,30
12963,Three-Wheeler,Lane 1,97.69,86.53,69,42
12970,Motorcycle,Lane 1,26.6,32.15,35,34
12972,Van,Lane 1,9.92,32.78,32,5
12974,Van,Lane 2,90.66,101.97,48,26
12976,Car,Lane 1,41.77,40.61,237,206
12980,Van,Lane 1,59.1,59.97,276,193
12985,Car,Lane 1,121.38,77.45,64,12
12987,Van,Lane 1,42.2,46.7,85,84
12995,Car,Lane 1,28.06,28.9,34,33
12996,Car,Lane 1,84.26,98.27,36,27
12999,Car,Lane 1,48.19,44.7,244,212
13002,Motorcycle,Lane 1,44.29,48.43,73,72
13004,Light Goods Vehicle,Lane 1,48.02,48.52,119,118
13005,Motorcycle,Lane 1,62.23,74.1,52,51
13009,Motorcycle,Lane 1,39.78,40.54,92,91
13010,Car,Lane 1,9.79,37.71,44,4
13014,Car,Lane 1,77.57,85.71,44,41
13019,Bus,Lane 1,40.86,40.2,181,166
13022,Van,Lane 2,13.2,13.95,34,33
13026,Van,Lane 1,9.67,43.82,67,36
13033,Bus,Lane 1,38.53,47.55,395,200
13041,Van,Lane 1,17.87,48.76,107,44
13048,Motorcycle,Lane 2,19.43,23.72,55,54
13054,Motorcycle,Lane 1,80.07,85.37,58,48
13057,Motorcycle,Lane 1,9.87,9.45,31,30
13059,Light Goods Vehicle,Lane 1,97.58,64.53,77,21
13069,Motorcycle,Lane 1,17.75,17.09,31,30
13071,Motorcycle,Lane 1,91.4,87.49,45,41
13072,Motorcycle,Lane 1,68.59,75.24,60,59
13074,Motorcycle,Lane 1,39.21,41.15,31,30
13078,Motorcycle,Lane 1,26.99,27.81,87,84
13086,Motorcycle,Lane 1,20.64,22.0,32,31
13089,Van,Lane 1,32.7,33.81,377,278
13091,Van,Lane 1,55.53,64.05,35,34
13096,Motorcycle,Lane 1,82.97,85.44,71,68
13097,Motorcycle,Lane 1,66.39,77.65,60,57
13099,Motorcycle,Lane 1,62.06,64.31,65,64
13113,Three-Wheeler,Lane 1,17.85,46.77,195,61
13114,Car,Lane 1,52.26,52.82,186,169
13115,Van,Lane 1,34.64,38.89,451,314
13116,Car,Lane 1,33.38,33.97,145,140
13120,Car,Lane 1,48.81,47.31,582,369
13122,Three-Wheeler,Lane 1,50.91,53.24,184,169
13126,Three-Wheeler,Lane 1,77.8,48.08,31,14
13127,Three-Wheeler,Lane 1,41.21,39.87,315,227
13128,Van,Lane 1,68.39,46.47,31,13
13132,Three-Wheeler,Lane 2,35.94,41.41,249,214
13137,Car,Lane 1,74.59,75.95,55,33
13140,Motorcycle,Lane 2,21.9,31.92,50,49
13146,Motorcycle,Lane 2,23.48,28.98,88,87
13147,Car,Lane 1,60.15,48.92,34,27
13148,Motorcycle,Lane 1,35.82,40.89,81,80
13150,Van,Lane 1,17.31,18.22,32,31
13151,Three-Wheeler,Lane 1,34.45,42.55,139,134
13155,Car,Lane 1,63.46,48.82,70,20
13156,Motorcycle,Lane 1,28.26,34.13,43,42
13161,Bus,Lane 1,47.94,53.28,160,131
13172,Motorcycle,Lane 1,29.69,34.73,60,58
13178,Bus,Lane 2,37.85,41.19,213,189
13180,Motorcycle,Lane 2,7.58,9.85,32,31
13182,Motorcycle,Lane 1,26.46,30.92,48,47
13189,Motorcycle,Lane 1,20.04,21.54,45,43
13196,Motorcycle,Lane 1,70.05,69.82,84,82
13197,Motorcycle,Lane 2,20.76,24.62,45,44
13200,Motorcycle,Lane 1,23.51,29.07,45,44
13210,Car,Lane 1,30.58,37.54,111,107
13211,Light Goods Vehicle,Lane 1,38.67,39.49,125,124
13216,Bus,Lane 2,33.51,37.69,183,171
13220,Light Goods Vehicle,Lane 1,39.65,45.48,225,196
13226,Three-Wheeler,Lane 1,29.8,41.07,187,179
13231,Light Goods Vehicle,Lane 1,10.03,10.07,31,30
13239,Light Goods Vehicle,Lane 2,9.28,9.28,31,30
13245,Car,Lane 1,16.0,20.09,101,99
13252,Three-Wheeler,Lane 1,9.52,46.03,34,11
13256,Car,Lane 1,37.55,41.69,67,64
13259,Bus,Lane 1,56.47,57.56,64,43
13260,Car,Lane 2,22.24,26.29,55,54
13261,Car,Lane 1,28.29,32.89,55,53
13264,Van,Lane 1,16.16,17.05,35,34
13268,Light Goods Vehicle,Lane 1,10.47,51.54,67,29
13270,Three-Wheeler,Lane 2,24.9,28.62,173,154
13271,Car,Lane 2,13.58,17.9,54,53
13279,Light Goods Vehicle,Lane 1,29.45,31.88,79,78
13280,Light Goods Vehicle,Lane 1,8.41,8.61,31,30
13281,Van,Lane 1,14.67,15.21,33,32
13287,Three-Wheeler,Lane 1,68.58,76.26,70,67
13289,Motorcycle,Lane 1,20.44,23.26,43,42
13291,Motorcycle,Lane 1,17.18,19.87,39,38
13299,Three-Wheeler,Lane 2,20.61,26.05,106,104
13301,Three-Wheeler,Lane 1,29.8,31.14,137,132
13302,Three-Wheeler,Lane 1,32.38,32.54,182,173
13304,Motorcycle,Lane 1,23.82,29.21,58,57
13308,Three-Wheeler,Lane 2,44.42,50.5,229,175
13311,Motorcycle,Lane 2,17.64,20.96,48,47
13323,Car,Lane 2,34.65,43.71,113,103
13324,Car,Lane 1,10.41,59.23,116,66
13325,Car,Lane 1,16.81,19.34,94,92
13331,Three-Wheeler,Lane 1,38.23,41.34,272,225
13332,Motorcycle,Lane 1,19.23,24.79,57,56
13335,Car,Lane 2,10.01,10.43,32,31
13342,Van,Lane 1,8.79,8.87,31,30
13344,Van,Lane 1,12.57,13.12,32,31
13349,Bus,Lane 2,23.47,25.03,257,234
13350,Light Goods Vehicle,Lane 2,20.99,27.7,87,86
13354,Light Goods Vehicle,Lane 1,11.45,11.77,34,33
13356,Bus,Lane 1,12.68,13.11,38,37
13357,Car,Lane 1,65.23,69.56,36,35
13360,Light Goods Vehicle,Lane 1,62.84,70.43,90,88
13362,Motorcycle,Lane 1,20.71,23.56,55,54
13364,Car,Lane 1,42.24,44.16,203,186
13366,Three-Wheeler,Lane 1,48.57,50.69,131,105
13375,Motorcycle,Lane 2,21.79,27.83,76,75
13380,Car,Lane 1,62.63,62.29,134,124
13382,Car,Lane 1,28.12,29.22,31,30
13384,Car,Lane 1,59.93,64.63,193,180
13386,Motorcycle,Lane 2,17.33,19.68,36,35
13394,Car,Lane 1,44.49,44.55,199,182
13396,Bus,Lane 2,14.4,17.03,92,87
13399,Car,Lane 1,34.4,37.23,125,121
13400,Three-Wheeler,Lane 2,42.82,44.53,210,188
13403,Light Goods Vehicle,Lane 1,12.64,13.52,35,34
13406,Bus,Lane 2,10.9,11.33,33,32
13409,Light Goods Vehicle,Lane 1,25.2,27.11,62,60
13411,Car,Lane 1,15.55,17.25,34,33
13415,Motorcycle,Lane 1,24.82,28.98,48,47
13416,Light Goods Vehicle,Lane 1,12.69,13.11,32,31
13417,Car,Lane 2,9.33,9.31,35,34
13421,Van,Lane 2,9.91,9.88,33,32
13423,Van,Lane 2,8.85,9.23,32,31
13424,Van,Lane 2,13.96,14.79,34,33
13427,Bus,Lane 1,19.36,24.97,54,53
13429,Car,Lane 1,17.55,23.87,75,74
13446,Car,Lane 1,60.69,65.17,113,110
13448,Light Goods Vehicle,Lane 1,61.82,67.14,188,175
13454,Light Goods Vehicle,Lane 1,50.35,53.31,58,57
13457,Car,Lane 1,52.94,60.95,36,34
13458,Motorcycle,Lane 1,82.52,92.98,58,51
13462,Motorcycle,Lane 1,25.71,31.01,41,40
13466,Motorcycle,Lane 1,26.26,29.91,39,38
13467,Motorcycle,Lane 1,98.73,103.83,37,32
13468,Three-Wheeler,Lane 1,6.72,10.54,32,14
13469,Motorcycle,Lane 1,85.16,93.94,46,33
13471,Motorcycle,Lane 1,90.45,91.23,42,22
13477,Motorcycle,Lane 1,91.55,98.08,35,34
13480,Three-Wheeler,Lane 1,111.1,72.0,57,29
13482,Car,Lane 1,58.71,64.51,38,37
13483,Car,Lane 1,76.56,79.15,155,151
13484,Motorcycle,Lane 1,70.61,79.88,51,44
13485,Light Goods Vehicle,Lane 2,63.91,59.67,75,48
13486,Three-Wheeler,Lane 2,16.66,23.14,499,373
13494,Van,Lane 1,56.84,64.89,210,187
13495,Motorcycle,Lane 1,71.67,71.9,65,49
13496,Motorcycle,Lane 1,80.44,82.64,56,52
13500,Motorcycle,Lane 1,82.84,90.28,53,46
13507,Motorcycle,Lane 1,17.08,20.7,33,32
13513,Car,Lane 1,94.87,100.15,39,35
13515,Light Goods Vehicle,Lane 2,33.3,28.03,40,28
13519,Car,Lane 1,48.82,48.43,204,190
13520,Light Goods Vehicle,Lane 1,27.57,28.75,33,32
13521,Car,Lane 1,86.15,99.0,34,27
13523,Light Goods Vehicle,Lane 1,52.46,54.85,301,211
13524,Bus,Lane 1,54.51,55.99,114,113
13525,Car,Lane 1,63.37,66.98,156,151
13526,Car,Lane 1,43.77,47.4,206,185
13527,Car,Lane 1,57.92,61.35,1186,689
13532,Light Goods Vehicle,Lane 1,28.88,34.4,95,93
13533,Three-Wheeler,Lane 1,103.86,63.31,37,22
13537,Three-Wheeler,Lane 1,13.77,14.88,37,36
13538,Car,Lane 1,17.79,18.2,137,86
13539,Car,Lane 1,21.23,22.38,31,30
13545,Light Goods Vehicle,Lane 1,19.3,16.6,470,243
13547,Three-Wheeler,Lane 2,26.32,31.65,345,272
13549,Motorcycle,Lane 2,19.48,24.31,82,80
13550,Motorcycle,Lane 2,21.14,23.4,74,72
13560,Motorcycle,Lane 1,23.92,29.49,54,53
13562,Motorcycle,Lane 1,21.21,25.49,56,54
13566,Car,Lane 1,100.67,74.18,138,34
13579,Motorcycle,Lane 2,3.59,10.04,31,18
13582,Light Goods Vehicle,Lane 1,18.34,13.87,931,387
13586,Three-Wheeler,Lane 1,31.95,31.85,152,149
13588,Van,Lane 1,53.54,54.99,46,10
13595,Light Goods Vehicle,Lane 1,40.4,42.33,37,36
13597,Car,Lane 1,46.56,48.01,112,109
13606,Car,Lane 1,46.29,46.76,253,168
13607,Bus,Lane 1,22.02,25.07,50,49
13609,Three-Wheeler,Lane 1,46.36,50.91,85,84
13610,Motorcycle,Lane 1,58.54,57.95,68,65
13611,Motorcycle,Lane 1,46.16,49.69,77,75
13616,Car,Lane 1,18.04,14.69,1104,554
13620,Van,Lane 1,34.45,36.83,38,37
13622,Car,Lane 1,54.78,58.39,92,91
13628,Bus,Lane 1,49.35,50.36,146,123
13631,Car,Lane 1,48.84,49.13,319,209
13637,Car,Lane 1,54.06,59.12,64,63
13642,Three-Wheeler,Lane 1,36.02,40.26,41,39
13646,Car,Lane 1,19.38,15.72,107,22
13649,Car,Lane 1,43.6,46.17,199,183
13653,Three-Wheeler,Lane 1,91.66,72.04,104,41
13655,Light Goods Vehicle,Lane 1,47.04,52.99,92,91
13661,Car,Lane 1,109.73,104.01,33,29
13662,Light Goods Vehicle,Lane 1,41.39,42.08,34,33
13666,Car,Lane 1,55.48,55.75,31,10
13670,Motorcycle,Lane 1,79.21,76.72,43,30
13672,Motorcycle,Lane 1,78.37,84.09,72,63
13678,Motorcycle,Lane 1,75.49,84.32,83,77
13690,Car,Lane 1,77.76,71.63,278,101
13698,Car,Lane 1,60.12,66.44,41,40
13701,Car,Lane 1,42.89,43.3,258,188
13711,Light Goods Vehicle,Lane 1,39.06,36.82,83,82
13717,Car,Lane 1,2.05,3.54,71,10
13719,Car,Lane 1,47.86,47.58,243,171
13720,Car,Lane 1,60.42,58.06,155,149
13722,Car,Lane 1,39.2,37.15,555,355
13729,Car,Lane 1,6.4,5.28,100,18
13733,Three-Wheeler,Lane 1,67.19,54.71,132,45
13742,Three-Wheeler,Lane 1,28.51,31.51,213,187
13745,Three-Wheeler,Lane 2,46.49,43.29,76,43
13748,Car,Lane 1,12.42,11.58,35,34
13751,Car,Lane 1,60.37,65.3,36,35
13752,Light Goods Vehicle,Lane 1,41.16,42.77,195,180
13758,Car,Lane 1,17.79,15.2,641,342
13761,Three-Wheeler,Lane 1,12.85,20.89,436,355
13763,Car,Lane 1,46.56,44.6,132,127
13765,Bus,Lane 2,19.6,21.56,39,38
13769,Car,Lane 1,8.33,8.43,31,30
13770,Car,Lane 1,36.93,39.12,235,202
13771,Three-Wheeler,Lane 1,23.95,26.81,36,35
13774,Van,Lane 1,50.95,59.66,41,40
13777,Car,Lane 1,27.14,27.6,139,137
13778,Car,Lane 1,6.48,7.39,95,42
13783,Car,Lane 1,62.03,70.2,104,64
13787,Car,Lane 1,49.92,37.94,647,379
13793,Motorcycle,Lane 1,25.27,29.93,46,45
13794,Motorcycle,Lane 1,24.65,29.0,37,36
13798,Van,Lane 1,40.83,41.03,212,190
13806,Three-Wheeler,Lane 2,30.17,34.17,211,185
13807,Motorcycle,Lane 1,23.69,26.77,43,41
13810,Motorcycle,Lane 1,21.66,22.97,33,32
13814,Van,Lane 1,34.41,36.52,41,36
13818,Three-Wheeler,Lane 1,27.78,34.8,261,222
13823,Car,Lane 1,79.21,93.12,49,30
13828,Car,Lane 1,82.38,92.25,32,31
13830,Car,Lane 1,37.81,46.16,337,256
13834,Motorcycle,Lane 1,84.27,93.61,55,47
13836,Van,Lane 1,32.02,33.88,90,80
13837,Bus,Lane 1,29.05,32.31,132,122
13838,Light Goods Vehicle,Lane 1,20.54,20.32,43,21
13847,Bus,Lane 1,38.18,39.25,148,143
13848,Bus,Lane 2,27.39,33.03,180,133
13849,Car,Lane 1,9.63,11.59,36,11
13850,Car,Lane 1,6.12,6.4,32,28
13859,Motorcycle,Lane 2,16.89,17.47,31,30
13865,Car,Lane 1,28.33,31.42,203,193
13872,Bus,Lane 2,4.26,6.15,138,134
13873,Van,Lane 1,29.1,38.06,278,223
13875,Motorcycle,Lane 2,18.31,22.86,66,65
13877,Light Goods Vehicle,Lane 1,12.79,13.52,33,32
13885,Car,Lane 2,25.06,31.44,339,275
13886,Three-Wheeler,Lane 1,78.83,68.38,40,25
13895,Heavy Goods Vehicle,Lane 1,9.06,10.29,32,31
13902,Bus,Lane 1,74.2,54.94,160,69
13911,Car,Lane 2,14.7,18.37,65,64
13912,Light Goods Vehicle,Lane 2,3.47,3.27,54,53
13916,Light Goods Vehicle,Lane 1,19.33,16.56,408,227
13924,Light Goods Vehicle,Lane 2,3.25,3.29,67,65
13926,Motorcycle,Lane 2,17.57,22.3,96,95
13927,Motorcycle,Lane 1,15.32,18.09,47,46
13933,Van,Lane 1,31.53,34.89,173,169
13941,Motorcycle,Lane 2,13.09,16.56,61,60
13943,Motorcycle,Lane 2,18.31,24.5,81,80
13944,Motorcycle,Lane 2,18.78,22.53,72,71
13946,Van,Lane 2,2.92,3.05,52,47
13951,Car,Lane 1,64.7,67.29,61,47
13952,Car,Lane 1,26.43,28.29,205,199
13962,Motorcycle,Lane 2,11.32,11.84,31,30
13967,Van,Lane 1,7.59,36.73,338,138
13968,Bus,Lane 1,23.63,28.51,257,241
13971,Van,Lane 1,20.16,28.73,312,286
13974,Motorcycle,Lane 1,24.89,25.71,31,30
13975,Motorcycle,Lane 1,91.71,93.25,52,40
13978,Motorcycle,Lane 1,72.16,80.47,32,31
13979,Motorcycle,Lane 1,80.88,90.07,34,33
13981,Motorcycle,Lane 1,107.96,105.43,43,30
13985,Van,Lane 1,10.78,11.4,43,42
13986,Three-Wheeler,Lane 1,32.8,31.0,31,24
13988,Three-Wheeler,Lane 2,31.67,38.94,287,245
13992,Motorcycle,Lane 1,70.03,75.07,75,70
13993,Three-Wheeler,Lane 1,19.66,21.83,140,138
14001,Motorcycle,Lane 1,64.49,74.86,56,54
14003,Van,Lane 1,21.74,30.85,356,302
14010,Light Goods Vehicle,Lane 1,17.77,16.17,764,422
14015,Car,Lane 1,5.93,6.82,41,40
14018,Light Goods Vehicle,Lane 2,10.09,10.48,40,39
14023,Car,Lane 2,29.27,35.69,60,47
14027,Light Goods Vehicle,Lane 1,9.98,12.81,47,46
14028,Car,Lane 2,39.22,47.29,165,120
14031,Car,Lane 1,30.49,38.29,328,254
14033,Van,Lane 1,9.55,9.53,34,33
14037,Light Goods Vehicle,Lane 1,8.52,8.28,43,42
14047,Car,Lane 1,36.83,31.69,38,21
14049,Car,Lane 2,20.7,22.52,265,249
14050,Car,Lane 2,10.5,11.3,37,36
14052,Car,Lane 2,27.71,26.25,138,135
14053,Van,Lane 1,9.56,9.85,38,37
14055,Car,Lane 1,75.18,80.47,159,153
14060,Car,Lane 1,6.4,5.04,74,16
14061,Motorcycle,Lane 2,15.59,19.34,44,43
14064,Three-Wheeler,Lane 1,22.87,30.3,268,230
14069,Car,Lane 1,8.63,9.73,31,30
14078,Three-Wheeler,Lane 1,28.44,31.4,264,241
14088,Motorcycle,Lane 2,21.75,24.96,45,44
14093,Motorcycle,Lane 2,14.07,15.65,36,35
14095,Light Goods Vehicle,Lane 1,17.89,13.82,343,155
14097,Van,Lane 1,10.33,10.46,38,37
14098,Car,Lane 2,6.1,5.91,31,30
14099,Van,Lane 2,11.68,11.92,32,31
14102,Car,Lane 1,13.14,19.51,99,95
14103,Van,Lane 1,30.69,36.43,275,244
14106,Motorcycle,Lane 2,16.75,18.26,53,52
14116,Car,Lane 1,8.09,8.55,36,35
14117,Van,Lane 1,35.38,41.07,66,59
14119,Van,Lane 1,11.99,12.36,35,34
14121,Car,Lane 1,84.59,89.72,142,134
14124,Motorcycle,Lane 2,4.77,6.05,34,30
14126,Light Goods Vehicle,Lane 1,14.01,17.62,64,63
14127,Motorcycle,Lane 2,15.79,18.82,60,59
14128,Motorcycle,Lane 2,16.0,21.28,71,68
14130,Van,Lane 2,8.58,8.94,35,34
14136,Three-Wheeler,Lane 2,29.11,30.97,157,147
14139,Car,Lane 1,10.4,11.61,39,38
14141,Three-Wheeler,Lane 1,44.38,46.35,139,104
14142,Van,Lane 2,13.24,14.05,34,33
14144,Light Goods Vehicle,Lane 1,27.98,30.28,114,113
14148,Three-Wheeler,Lane 2,33.41,36.17,183,172
14150,Car,Lane 1,44.37,48.41,205,187
14152,Light Goods Vehicle,Lane 1,13.64,16.57,49,48
14153,Car,Lane 2,12.32,12.74,33,32
14171,Light Goods Vehicle,Lane 1,15.38,19.77,55,54
14173,Three-Wheeler,Lane 1,33.64,42.29,211,178
14176,Car,Lane 2,8.25,8.29,31,30
14177,Van,Lane 2,13.34,13.96,34,33
14193,Motorcycle,Lane 1,10.36,10.38,32,31
14195,Motorcycle,Lane 2,20.01,24.09,42,41
14216,Light Goods Vehicle,Lane 2,17.92,23.02,80,77
14217,Car,Lane 1,64.61,62.79,262,179
14222,Motorcycle,Lane 1,11.66,12.84,35,34
14225,Motorcycle,Lane 1,40.31,43.46,83,82
14232,Car,Lane 2,6.3,6.96,31,30
14237,Three-Wheeler,Lane 1,31.44,33.51,37,36
14239,Car,Lane 1,69.32,78.96,40,38
14241,Car,Lane 1,48.34,50.94,339,251
14245,Car,Lane 1,43.87,43.68,140,138
14246,Van,Lane 1,51.89,52.94,75,73
14247,Car,Lane 1,40.14,42.18,128,126
14252,Car,Lane 1,55.52,49.75,459,234
14254,Light Goods Vehicle,Lane 1,39.94,43.43,154,138
14256,Three-Wheeler,Lane 1,45.75,49.16,206,181
14260,Van,Lane 1,42.74,37.02,31,25
14269,Light Goods Vehicle,Lane 1,50.77,52.14,33,32
14271,Car,Lane 1,51.4,50.19,197,171
14272,Car,Lane 1,54.59,56.95,110,108
14273,Three-Wheeler,Lane 1,40.53,42.77,103,101
14277,Motorcycle,Lane 1,83.16,90.64,49,32
14283,Motorcycle,Lane 1,76.02,80.75,70,67
14294,Motorcycle,Lane 1,69.48,70.41,63,62
14299,Car,Lane 1,53.6,46.92,796,427
14300,Car,Lane 1,61.34,64.15,94,64
14305,Car,Lane 1,43.9,44.17,185,117
14308,Car,Lane 1,47.92,48.29,42,4
14312,Car,Lane 1,38.19,38.35,136,126
14313,Car,Lane 1,6.23,31.75,37,35
14318,Three-Wheeler,Lane 1,61.91,60.2,138,134
14320,Motorcycle,Lane 1,130.45,136.99,31,14
14323,Car,Lane 1,66.62,63.84,62,24
14327,Car,Lane 1,36.4,27.97,1766,763
14333,Van,Lane 1,37.95,32.76,43,6
14334,Car,Lane 2,42.08,43.48,236,204
14338,Van,Lane 1,5.21,10.69,129,13
14339,Van,Lane 1,108.23,69.67,60,12
14344,Car,Lane 2,65.09,71.22,117,90
14349,Three-Wheeler,Lane 2,39.56,40.14,172,160
14352,Van,Lane 2,36.04,34.01,48,34
14354,Van,Lane 1,21.75,21.89,44,43
14355,Heavy Goods Vehicle,Lane 1,42.63,41.79,208,167
14356,Car,Lane 1,9.44,43.81,31,6
14358,Car,Lane 2,15.28,16.33,37,36
14360,Van,Lane 2,15.89,16.6,32,31
14361,Van,Lane 1,37.17,41.46,286,225
14363,Car,Lane 1,44.24,48.28,184,178
14364,Car,Lane 2,35.59,33.86,105,104
14365,Car,Lane 1,35.23,37.37,822,387
14376,Light Goods Vehicle,Lane 1,30.1,33.04,70,68
14380,Car,Lane 1,24.57,25.06,254,181
14386,Three-Wheeler,Lane 2,28.14,31.55,139,135
14390,Van,Lane 1,71.47,62.02,76,35
14393,Car,Lane 1,8.91,16.42,855,438
14395,Car,Lane 1,37.58,41.27,120,119
14400,Car,Lane 1,27.2,27.81,31,30
14401,Three-Wheeler,Lane 1,52.8,38.47,1022,386
14402,Light Goods Vehicle,Lane 2,13.92,13.71,31,30
14405,Van,Lane 1,71.23,55.74,48,15
14414,Three-Wheeler,Lane 1,4.57,13.66,47,23
14416,Three-Wheeler,Lane 1,54.16,55.38,83,74
14430,Three-Wheeler,Lane 1,13.2,14.24,67,65
14431,Motorcycle,Lane 1,74.02,81.55,69,66
14441,Motorcycle,Lane 1,58.62,61.71,85,84
14443,Motorcycle,Lane 1,51.57,53.31,65,64
14450,Motorcycle,Lane 1,33.96,33.7,36,35
14454,Car,Lane 1,62.83,51.59,59,28
14455,Three-Wheeler,Lane 1,35.83,45.77,32,31
14457,Van,Lane 1,7.92,22.05,715,390
14459,Motorcycle,Lane 1,29.91,38.04,46,45
14461,Motorcycle,Lane 2,21.02,26.39,50,49
14467,Car,Lane 1,54.58,56.69,175,161
14469,Motorcycle,Lane 1,35.59,44.37,62,61
14477,Motorcycle,Lane 2,19.92,24.67,35,34
14478,Car,Lane 1,46.21,43.31,296,188
14481,Motorcycle,Lane 2,26.17,31.61,40,39
14486,Motorcycle,Lane 1,17.24,17.58,31,30
14487,Van,Lane 1,4.52,4.52,39,7
14488,Motorcycle,Lane 2,6.15,5.32,31,30
14490,Motorcycle,Lane 2,26.7,31.15,48,47
14495,Motorcycle,Lane 2,22.27,26.36,40,38
14497,Motorcycle,Lane 1,34.47,35.2,45,43
14498,Car,Lane 1,44.69,53.34,31,21
14500,Motorcycle,Lane 1,27.08,27.52,44,42
14503,Three-Wheeler,Lane 1,4.59,4.59,33,2
14508,Van,Lane 1,5.6,22.92,91,18
14512,Motorcycle,Lane 2,18.67,22.52,75,73
14513,Car,Lane 1,45.68,47.01,210,169
14514,Motorcycle,Lane 2,13.79,16.86,49,48
14515,Motorcycle,Lane 2,18.61,22.08,64,62
14516,Motorcycle,Lane 2,8.35,11.93,32,31
14518,Three-Wheeler,Lane 2,61.46,44.21,41,15
14526,Car,Lane 1,76.02,46.27,55,9
14531,Three-Wheeler,Lane 2,26.51,28.54,124,99
14534,Van,Lane 1,41.76,31.41,115,23
14537,Three-Wheeler,Lane 1,43.68,44.75,178,155
14538,Van,Lane 1,28.81,33.86,33,31
14540,Light Goods Vehicle,Lane 1,8.68,8.68,31,8
14549,Three-Wheeler,Lane 1,32.39,35.0,198,180
14552,Car,Lane 1,29.02,21.98,97,51
14553,Van,Lane 1,28.9,32.0,35,29
14554,Three-Wheeler,Lane 1,39.33,43.68,219,155
14555,Van,Lane 1,28.6,23.78,53,27
14556,Car,Lane 1,33.79,40.42,92,67
14557,Van,Lane 1,38.88,40.19,324,223
14564,Three-Wheeler,Lane 2,25.92,28.9,142,138
14567,Three-Wheeler,Lane 1,70.84,69.64,80,49
14568,Three-Wheeler,Lane 1,55.95,55.97,31,5
14571,Car,Lane 1,94.54,76.13,83,23
14573,Car,Lane 1,29.99,29.5,194,187
14576,Motorcycle,Lane 2,27.64,27.42,51,49
14577,Motorcycle,Lane 1,88.03,93.83,62,52
14582,Motorcycle,Lane 1,11.24,11.86,34,33
14590,Motorcycle,Lane 1,100.77,101.03,47,35
14595,Motorcycle,Lane 1,40.77,47.17,81,80
14602,Motorcycle,Lane 1,13.54,12.73,31,30
14606,Motorcycle,Lane 1,34.03,38.5,106,105
14614,Light Goods Vehicle,Lane 1,30.72,30.88,90,89
14618,Light Goods Vehicle,Lane 1,24.89,27.91,173,171
14622,Van,Lane 1,34.26,38.04,37,32
14623,Car,Lane 1,34.93,34.88,224,198
14627,Car,Lane 2,14.22,16.21,99,98
14630,Bus,Lane 2,24.9,36.54,312,234
14652,Motorcycle,Lane 2,16.8,20.11,38,37
14656,Bus,Lane 2,54.51,63.05,138,106
14665,Car,Lane 1,40.04,49.25,265,243
14667,Motorcycle,Lane 1,15.28,14.47,57,54
14668,Car,Lane 1,64.75,73.09,167,159
14669,Motorcycle,Lane 1,19.86,24.62,60,59
14673,Car,Lane 1,26.74,28.38,94,93
14694,Bus,Lane 2,22.3,26.06,474,363
14698,Three-Wheeler,Lane 1,72.7,82.31,37,35
14699,Three-Wheeler,Lane 1,34.89,38.07,219,170
14702,Van,Lane 1,13.4,13.96,32,31
14703,Car,Lane 1,35.98,38.84,235,216
14707,Car,Lane 1,66.97,69.67,811,494
14710,Light Goods Vehicle,Lane 1,12.12,12.68,33,32
14712,Van,Lane 1,14.7,15.93,32,31
14714,Three-Wheeler,Lane 1,36.52,43.73,207,182
14722,Motorcycle,Lane 1,24.9,30.64,46,45
14732,Motorcycle,Lane 2,21.59,24.97,46,45
14734,Motorcycle,Lane 1,2.46,4.29,31,23
14736,Motorcycle,Lane 1,22.19,23.34,32,31
14741,Car,Lane 1,19.13,26.45,61,60
14746,Car,Lane 1,6.42,7.08,46,31
14747,Bus,Lane 1,26.25,30.06,86,74
14749,Car,Lane 1,10.18,13.64,41,11
14750,Car,Lane 1,8.93,9.16,31,30
14754,Van,Lane 1,13.84,14.37,33,32
14757,Motorcycle,Lane 1,89.33,94.68,61,45
14758,Light Goods Vehicle,Lane 1,23.13,28.48,57,56
14769,Light Goods Vehicle,Lane 1,10.09,10.11,31,30
14771,Motorcycle,Lane 1,22.35,25.03,38,37
14779,Light Goods Vehicle,Lane 2,7.6,14.4,931,492
14784,Motorcycle,Lane 1,23.99,28.73,46,45
14792,Car,Lane 1,60.69,69.41,37,36
14793,Car,Lane 1,68.78,67.96,188,166
14801,Car,Lane 1,58.26,56.03,168,159
14809,Light Goods Vehicle,Lane 2,21.99,15.25,179,86
14812,Motorcycle,Lane 2,13.56,13.7,36,35
14819,Motorcycle,Lane 2,8.19,8.34,31,30
14820,Light Goods Vehicle,Lane 1,85.8,86.98,137,134
14823,Motorcycle,Lane 1,92.91,106.52,45,24
14831,Motorcycle,Lane 1,112.94,111.81,42,21
14837,Bus,Lane 1,52.45,67.56,72,57
14845,Bus,Lane 1,47.46,48.44,143,138
14848,Bus,Lane 1,124.25,110.88,47,41
14859,Motorcycle,Lane 1,105.49,99.47,59,44
14861,Light Goods Vehicle,Lane 1,7.37,7.36,37,3
14866,Bus,Lane 1,12.91,13.29,39,38
14872,Three-Wheeler,Lane 1,30.38,33.94,173,165
14873,Van,Lane 1,113.41,77.15,43,13
14875,Bus,Lane 1,27.58,43.95,519,374
14878,Motorcycle,Lane 1,96.75,98.87,50,26
14889,Motorcycle,Lane 1,15.33,15.14,32,31
14890,Motorcycle,Lane 1,86.58,91.31,51,29
14894,Motorcycle,Lane 1,8.07,7.75,31,30
14903,Motorcycle,Lane 1,23.8,28.88,31,30
14904,Light Goods Vehicle,Lane 1,30.05,31.12,87,86
14909,Light Goods Vehicle,Lane 1,8.81,8.97,31,30
14914,Motorcycle,Lane 1,20.54,25.28,40,39
14916,Bus,Lane 1,62.46,52.1,210,145
14917,Light Goods Vehicle,Lane 2,7.57,13.49,402,208
14918,Car,Lane 1,69.88,68.13,692,353
14920,Light Goods Vehicle,Lane 2,17.07,16.25,1237,640
14922,Light Goods Vehicle,Lane 1,119.02,77.05,120,48
14926,Motorcycle,Lane 2,9.28,8.3,35,34
14929,Motorcycle,Lane 2,15.48,21.09,45,44
14935,Light Goods Vehicle,Lane 1,68.12,80.98,40,39
14939,Light Goods Vehicle,Lane 1,46.18,52.26,187,159
14940,Light Goods Vehicle,Lane 1,47.92,50.08,125,92
14941,Three-Wheeler,Lane 1,107.37,94.74,32,18
14942,Three-Wheeler,Lane 1,42.68,52.14,202,166
14944,Motorcycle,Lane 2,10.72,8.19,34,33
14945,Light Goods Vehicle,Lane 1,99.25,80.48,138,47
14949,Three-Wheeler,Lane 1,38.24,44.05,227,207
14951,Light Goods Vehicle,Lane 1,58.98,63.64,39,38
14954,Light Goods Vehicle,Lane 1,39.69,38.9,128,127
14956,Car,Lane 1,65.74,57.38,1128,618
14958,Light Goods Vehicle,Lane 1,28.4,33.44,77,74
14960,Three-Wheeler,Lane 1,26.71,30.6,146,135
14961,Car,Lane 1,23.64,29.27,54,53
14970,Bus,Lane 2,21.21,17.58,462,237
14974,Bus,Lane 1,7.95,36.25,31,5
14976,Light Goods Vehicle,Lane 1,34.27,36.96,239,190
14977,Light Goods Vehicle,Lane 1,19.1,63.21,37,19
14980,Motorcycle,Lane 1,61.73,64.13,72,71
14981,Motorcycle,Lane 1,76.25,86.94,42,39
14992,Light Goods Vehicle,Lane 1,10.76,63.96,154,48
14995,Light Goods Vehicle,Lane 1,34.04,37.31,78,76
14997,Three-Wheeler,Lane 1,23.1,23.18,34,33
14998,Motorcycle,Lane 1,20.94,21.06,32,31
14999,Motorcycle,Lane 1,79.8,94.66,48,37
15001,Motorcycle,Lane 1,29.18,30.39,31,30
15002,Motorcycle,Lane 1,32.01,33.35,34,33
15006,Motorcycle,Lane 1,67.17,70.16,55,54
15014,Car,Lane 1,18.75,57.14,131,67
15017,Van,Lane 1,105.37,67.1,72,27
15035,Van,Lane 1,105.52,66.6,286,148
15037,Light Goods Vehicle,Lane 1,57.6,57.6,34,6
15039,Light Goods Vehicle,Lane 2,14.72,13.72,622,363
15043,Bus,Lane 1,9.77,50.78,135,51
15052,Car,Lane 1,9.74,48.75,32,16
15061,Car,Lane 1,20.47,24.69,51,50
15065,Light Goods Vehicle,Lane 1,103.86,65.78,80,16
15067,Car,Lane 1,107.42,76.77,203,91
15078,Motorcycle,Lane 1,12.82,10.73,35,32
15079,Motorcycle,Lane 1,16.48,23.08,34,33
15080,Motorcycle,Lane 1,39.92,39.34,55,53
15082,Motorcycle,Lane 1,44.57,45.5,42,41
15083,Motorcycle,Lane 1,6.69,7.79,31,30
15084,Motorcycle,Lane 1,16.23,20.75,31,30
15093,Light Goods Vehicle,Lane 2,14.31,14.81,80,47
15099,Car,Lane 1,58.24,71.07,41,40
15100,Car,Lane 1,83.03,96.97,35,32
15101,Light Goods Vehicle,Lane 1,50.54,52.89,107,106
15102,Light Goods Vehicle,Lane 1,47.04,49.46,541,296
15105,Bus,Lane 1,109.18,76.25,68,34
15112,Car,Lane 1,6.52,5.74,40,6
15116,Car,Lane 1,9.36,54.35,317,110
15117,Light Goods Vehicle,Lane 1,10.74,11.07,209,170
15125,Three-Wheeler,Lane 1,104.3,67.38,191,68
15127,Van,Lane 1,9.28,37.79,68,17
15131,Three-Wheeler,Lane 1,41.54,49.46,225,199
15133,Car,Lane 1,36.45,39.72,265,230
15137,Bus,Lane 1,10.04,11.48,103,102
15143,Car,Lane 2,44.53,42.12,57,43
15144,Car,Lane 1,47.68,51.63,37,36
15145,Van,Lane 1,51.74,50.08,209,178
15148,Car,Lane 1,48.25,49.82,130,127
15152,Light Goods Vehicle,Lane 1,41.32,38.53,145,139
15161,Motorcycle,Lane 2,8.27,10.68,52,51
15164,Bus,Lane 1,126.92,93.34,40,13
15165,Car,Lane 1,53.64,56.84,235,169
15170,Van,Lane 1,41.73,43.39,262,195
15175,Motorcycle,Lane 2,29.88,27.86,32,31
15177,Motorcycle,Lane 1,25.34,29.24,69,66
15179,Motorcycle,Lane 1,22.94,25.23,72,69
15186,Car,Lane 1,6.47,15.62,85,67
15191,Three-Wheeler,Lane 2,32.78,39.32,149,117
15195,Motorcycle,Lane 1,24.69,27.97,46,45
15200,Car,Lane 1,33.05,34.35,183,174
15201,Car,Lane 1,68.04,64.25,105,75
15205,Light Goods Vehicle,Lane 1,22.82,33.94,72,71
15206,Car,Lane 1,17.57,19.34,35,34
15208,Car,Lane 1,46.75,48.06,97,96
15209,Bus,Lane 1,38.23,39.01,299,209
15218,Car,Lane 1,9.27,43.53,71,18
15219,Motorcycle,Lane 1,27.79,35.52,70,68
15221,Motorcycle,Lane 1,25.08,31.69,89,88
15226,Three-Wheeler,Lane 1,30.01,32.04,210,187
15235,Motorcycle,Lane 2,24.74,26.42,39,38
15239,Three-Wheeler,Lane 1,28.64,29.71,167,165
15246,Car,Lane 1,24.15,29.64,304,275
15249,Bus,Lane 1,86.38,69.7,221,91
15250,Motorcycle,Lane 1,23.49,28.41,43,42
15252,Bus,Lane 1,16.19,36.5,145,88
15254,Motorcycle,Lane 2,18.81,24.02,59,57
15259,Motorcycle,Lane 1,17.55,20.93,37,36
15264,Three-Wheeler,Lane 1,24.97,28.77,205,196
15266,Motorcycle,Lane 2,10.0,13.92,86,84
15267,Bus,Lane 1,21.17,66.65,41,7
15273,Motorcycle,Lane 2,14.32,18.44,48,47
15283,Car,Lane 2,12.21,18.32,60,59
15288,Three-Wheeler,Lane 1,27.21,34.67,220,185
15289,Light Goods Vehicle,Lane 1,7.4,7.63,68,66
15292,Three-Wheeler,Lane 2,40.1,44.08,41,33
15298,Motorcycle,Lane 2,14.93,17.66,85,83
15302,Motorcycle,Lane 2,19.42,21.56,57,56
15305,Car,Lane 1,47.24,52.29,59,36
15311,Motorcycle,Lane 2,15.71,17.8,62,60
15316,Motorcycle,Lane 2,3.43,5.97,63,58
15318,Three-Wheeler,Lane 2,20.51,23.45,158,153
15326,Motorcycle,Lane 1,71.93,78.31,69,68
15327,Car,Lane 1,23.64,30.35,322,298
15328,Motorcycle,Lane 1,45.32,48.54,53,52
15333,Van,Lane 2,22.13,26.37,378,318
15335,Three-Wheeler,Lane 2,22.64,24.17,213,201
15336,Van,Lane 1,7.6,7.75,34,33
15362,Car,Lane 1,20.87,22.24,134,129
15365,Car,Lane 1,23.7,18.39,34,16
15376,Three-Wheeler,Lane 1,17.64,18.37,174,172
15377,Light Goods Vehicle,Lane 2,15.92,20.67,62,60
15379,Van,Lane 2,46.13,51.13,196,140
15380,Motorcycle,Lane 1,28.38,25.64,31,30
15390,Car,Lane 1,31.7,37.96,31,30
15392,Light Goods Vehicle,Lane 1,6.73,6.17,53,52
15395,Car,Lane 1,28.04,33.8,269,250
15399,Three-Wheeler,Lane 2,84.06,69.26,42,14
15405,Van,Lane 2,8.54,8.73,32,31
15413,Car,Lane 1,7.15,7.58,35,34
15417,Light Goods Vehicle,Lane 1,5.87,5.52,31,30
15425,Van,Lane 2,24.83,35.11,89,66
15428,Three-Wheeler,Lane 1,26.1,29.41,198,189
15429,Car,Lane 1,33.1,38.11,251,231
15431,Three-Wheeler,Lane 2,17.33,19.09,334,294
15432,Car,Lane 2,17.29,18.68,219,215
15433,Van,Lane 1,21.5,22.46,36,35
15434,Van,Lane 1,38.31,38.05,281,216
15435,Van,Lane 1,52.25,59.77,34,33
15443,Car,Lane 1,80.52,86.24,43,33
15445,Car,Lane 1,24.6,33.55,276,226
15446,Car,Lane 1,48.42,54.3,211,202
15447,Car,Lane 1,75.52,81.24,161,137
15454,Car,Lane 1,86.61,92.85,72,65
15457,Bus,Lane 1,14.68,14.89,149,143
15458,Car,Lane 1,103.58,100.82,38,33
15461,Van,Lane 1,9.87,10.31,37,36
15463,Light Goods Vehicle,Lane 1,13.93,11.34,47,45
15465,Car,Lane 1,116.49,98.23,50,22
15468,Motorcycle,Lane 1,20.56,26.0,56,55
15469,Three-Wheeler,Lane 1,30.72,37.4,260,231
15472,Van,Lane 1,10.34,10.74,33,32
15473,Car,Lane 1,4.65,15.59,37,21
15478,Car,Lane 1,6.29,5.37,31,9
15479,Van,Lane 2,3.38,4.06,31,30
15480,Van,Lane 2,7.85,8.13,39,38
15486,Van,Lane 1,11.38,11.84,36,35
15488,Car,Lane 1,35.84,37.3,220,157
15489,Car,Lane 1,33.74,40.29,339,272
15490,Light Goods Vehicle,Lane 1,18.17,19.52,108,107
15494,Motorcycle,Lane 1,23.6,31.31,80,78
15500,Bus,Lane 1,47.91,59.13,197,163
15502,Motorcycle,Lane 1,21.78,29.55,63,61
15503,Car,Lane 1,23.97,23.1,115,114
15525,Bus,Lane 1,6.25,21.2,31,23
15527,Bus,Lane 2,137.2,136.74,34,12
15536,Light Goods Vehicle,Lane 1,46.17,48.66,146,89
15540,Three-Wheeler,Lane 1,42.74,43.09,31,10
15546,Motorcycle,Lane 1,21.1,27.87,85,83
15550,Motorcycle,Lane 1,26.67,32.34,48,47
15554,Bus,Lane 1,83.19,72.78,82,74
15559,Motorcycle,Lane 1,23.74,29.38,58,57
15560,Motorcycle,Lane 2,29.9,35.35,76,75
15561,Motorcycle,Lane 1,22.28,27.81,54,53
15576,Motorcycle,Lane 2,21.52,25.26,48,47
15579,Motorcycle,Lane 1,89.37,94.56,50,31
15580,Motorcycle,Lane 1,87.44,83.41,63,49
15583,Three-Wheeler,Lane 1,68.51,53.42,33,11
15585,Car,Lane 1,51.94,57.84,216,194
15589,Motorcycle,Lane 2,21.45,25.15,54,53
15592,Motorcycle,Lane 1,12.18,12.32,31,30
15600,Three-Wheeler,Lane 2,28.63,32.37,111,107
15608,Light Goods Vehicle,Lane 2,8.98,8.67,31,30
15611,Motorcycle,Lane 2,18.67,20.12,47,46
15615,Car,Lane 1,59.44,59.39,175,164
15617,Light Goods Vehicle,Lane 1,51.09,51.13,127,123
15619,Motorcycle,Lane 2,23.08,25.71,57,56
15623,Motorcycle,Lane 2,16.47,19.28,38,37
15627,Three-Wheeler,Lane 2,31.33,34.15,180,170
15628,Car,Lane 1,38.42,40.87,131,130
15629,Car,Lane 1,42.89,42.21,214,182
15631,Car,Lane 1,57.59,61.57,35,34
15633,Bus,Lane 1,86.27,98.73,34,30
15635,Light Goods Vehicle,Lane 1,68.14,62.87,142,137
15639,Light Goods Vehicle,Lane 1,63.0,62.24,231,168
15642,Car,Lane 1,50.59,54.07,313,217
15648,Car,Lane 1,40.18,43.44,53,52
15652,Light Goods Vehicle,Lane 2,14.6,15.45,34,33
15654,Car,Lane 1,40.23,42.65,43,42
15656,Car,Lane 1,48.15,52.7,58,57
15660,Car,Lane 1,62.04,70.6,37,36
15662,Light Goods Vehicle,Lane 1,33.97,31.02,323,215
15665,Light Goods Vehicle,Lane 1,35.14,32.63,186,155
15666,Bus,Lane 1,48.62,47.46,105,98
15668,Car,Lane 1,45.65,50.26,88,85
15669,Motorcycle,Lane 1,47.55,48.2,88,87
15670,Motorcycle,Lane 1,31.88,33.67,35,34
15680,Motorcycle,Lane 1,52.41,50.01,64,63
15686,Light Goods Vehicle,Lane 1,80.11,65.21,35,9
15687,Car,Lane 1,34.81,36.74,100,98
15688,Motorcycle,Lane 1,51.86,50.62,63,58
15689,Motorcycle,Lane 1,41.78,44.46,87,85
15693,Car,Lane 1,41.24,43.27,276,221
15701,Car,Lane 1,17.99,22.98,35,34
15702,Car,Lane 1,34.43,35.57,318,253
15703,Light Goods Vehicle,Lane 1,45.92,49.67,56,55
15711,Car,Lane 1,35.12,34.23,551,355
15712,Bus,Lane 1,52.01,35.37,120,41
15713,Light Goods Vehicle,Lane 1,34.59,32.89,229,180
15721,Light Goods Vehicle,Lane 1,92.49,101.25,35,29
15724,Car,Lane 1,24.11,26.43,383,272
15728,Three-Wheeler,Lane 1,39.13,36.7,83,82
15729,Car,Lane 1,33.57,34.12,51,50
15737,Bus,Lane 1,6.35,27.87,137,53
15738,Three-Wheeler,Lane 1,33.52,29.98,32,23
15742,Three-Wheeler,Lane 1,9.11,9.37,45,44
15746,Car,Lane 1,22.86,25.71,129,128
15747,Bus,Lane 1,89.16,58.51,80,23
15751,Light Goods Vehicle,Lane 1,24.61,29.55,263,218
15752,Car,Lane 1,44.54,44.87,204,183
15755,Car,Lane 2,44.46,42.7,172,151
15756,Light Goods Vehicle,Lane 1,12.4,25.48,97,33
15764,Light Goods Vehicle,Lane 1,33.26,31.09,209,145
15765,Three-Wheeler,Lane 1,97.64,68.78,31,6
15772,Car,Lane 1,38.86,37.59,157,148
15773,Car,Lane 1,33.07,33.6,204,178
15774,Car,Lane 1,71.27,64.37,65,25
15775,Car,Lane 1,52.97,50.78,331,220
15784,Van,Lane 1,9.0,44.45,58,27
15803,Three-Wheeler,Lane 1,40.54,35.0,111,72
15804,Car,Lane 1,62.25,70.53,35,34
15805,Car,Lane 1,41.97,38.6,179,174
15807,Bus,Lane 1,34.75,33.84,178,171
15816,Motorcycle,Lane 1,63.38,74.99,61,60
15817,Motorcycle,Lane 1,67.66,64.93,84,82
15824,Car,Lane 1,49.19,30.97,86,38
15826,Car,Lane 1,46.55,39.84,38,15
15834,Three-Wheeler,Lane 1,35.28,35.46,33,10
15835,Three-Wheeler,Lane 1,7.08,12.58,41,40
15837,Car,Lane 1,27.74,27.57,248,196
15847,Three-Wheeler,Lane 1,62.34,46.87,38,10
15849,Light Goods Vehicle,Lane 1,23.56,24.45,209,166
15858,Car,Lane 1,63.77,47.38,76,18
15859,Bus,Lane 1,90.79,80.57,39,7
15862,Light Goods Vehicle,Lane 1,6.25,26.6,57,7
15865,Car,Lane 1,35.92,36.39,32,6
15867,Three-Wheeler,Lane 1,71.52,47.91,1518,493
15868,Bus,Lane 1,12.51,34.45,238,108
15873,Car,Lane 1,28.56,30.12,724,474
15877,Three-Wheeler,Lane 1,50.13,45.75,131,51
15880,Light Goods Vehicle,Lane 1,10.74,11.97,31,30
15882,Light Goods Vehicle,Lane 1,67.85,80.86,47,46
15884,Bus,Lane 1,68.49,62.59,53,41
15890,Car,Lane 1,68.27,63.27,144,139
15893,Light Goods Vehicle,Lane 1,12.87,30.29,73,26
15895,Three-Wheeler,Lane 2,43.25,47.71,147,134
15897,Car,Lane 1,19.66,21.87,34,33
15903,Three-Wheeler,Lane 2,29.92,32.89,115,87
15909,Motorcycle,Lane 2,6.84,5.16,31,28
15910,Car,Lane 1,50.6,48.7,63,33
15916,Light Goods Vehicle,Lane 1,33.68,29.82,77,62
15928,Motorcycle,Lane 1,20.81,21.67,33,32
15929,Bus,Lane 1,8.37,34.48,32,6
15933,Motorcycle,Lane 1,24.31,27.79,36,35
15935,Motorcycle,Lane 1,28.97,38.15,46,45
15936,Motorcycle,Lane 1,30.75,38.36,57,56
15937,Motorcycle,Lane 1,30.94,37.99,66,63
15939,Motorcycle,Lane 1,27.75,33.79,42,41
15944,Bus,Lane 2,22.29,27.1,46,45
15947,Car,Lane 1,53.4,68.97,65,64
15949,Three-Wheeler,Lane 2,74.33,68.69,33,10
15951,Three-Wheeler,Lane 1,70.89,75.27,32,31
15955,Motorcycle,Lane 2,25.12,26.83,66,64
15960,Motorcycle,Lane 1,29.78,34.49,70,67
15965,Van,Lane 2,12.96,13.08,31,30
15966,Light Goods Vehicle,Lane 1,35.24,34.07,90,86
15968,Bus,Lane 1,31.4,35.23,485,315
15971,Motorcycle,Lane 1,25.89,30.96,38,37
15993,Car,Lane 1,49.91,47.96,71,22
16001,Bus,Lane 1,90.7,58.52,106,37
16002,Light Goods Vehicle,Lane 1,35.77,40.83,204,122
16007,Motorcycle,Lane 2,7.75,7.93,32,31
16019,Bus,Lane 1,49.9,51.18,221,189
16022,Motorcycle,Lane 2,19.27,20.14,42,40
16023,Light Goods Vehicle,Lane 1,40.14,32.62,214,129
16024,Bus,Lane 2,38.12,46.25,159,138
16030,Light Goods Vehicle,Lane 1,51.85,44.07,128,94
16032,Three-Wheeler,Lane 1,22.94,23.56,31,30
16033,Motorcycle,Lane 1,36.08,40.71,126,123
16034,Light Goods Vehicle,Lane 2,11.63,14.21,37,36
16039,Motorcycle,Lane 1,38.7,37.06,75,74
16042,Bus,Lane 1,10.54,56.18,81,36
16045,Three-Wheeler,Lane 2,29.24,34.37,125,119
16046,Motorcycle,Lane 1,11.41,9.97,31,11
16047,Motorcycle,Lane 2,17.32,19.14,40,39
16050,Van,Lane 1,38.87,41.58,39,33
16052,Motorcycle,Lane 1,31.11,31.85,42,41
16056,Bus,Lane 1,76.0,52.88,56,34
16063,Bus,Lane 1,34.73,38.09,203,195
16066,Bus,Lane 1,63.76,57.54,31,15
16068,Three-Wheeler,Lane 1,44.69,52.31,171,155
16073,Three-Wheeler,Lane 1,11.56,14.18,56,52
16076,Bus,Lane 1,88.34,78.91,40,19
16077,Car,Lane 1,39.75,38.51,197,179
16080,Bus,Lane 1,8.21,24.4,31,23
16083,Three-Wheeler,Lane 1,11.23,12.35,33,19
16084,Car,Lane 1,18.99,22.32,187,184
16085,Bus,Lane 2,19.28,25.3,103,101
16091,Three-Wheeler,Lane 2,24.65,28.71,63,62
16097,Light Goods Vehicle,Lane 2,12.91,13.42,33,32
16102,Three-Wheeler,Lane 1,9.02,53.2,66,28
16107,Three-Wheeler,Lane 1,81.52,55.13,45,29
16113,Car,Lane 1,32.6,36.81,43,42
16118,Light Goods Vehicle,Lane 1,27.35,40.72,301,256
16124,Car,Lane 1,55.73,65.68,57,24
16126,Car,Lane 1,73.44,66.61,151,91
16127,Three-Wheeler,Lane 1,39.7,31.37,51,50
16131,Three-Wheeler,Lane 1,45.4,45.73,177,169
16132,Car,Lane 1,102.75,103.0,31,10
16133,Bus,Lane 2,51.81,57.53,119,103
16134,Three-Wheeler,Lane 1,35.82,38.67,97,95
16136,Bus,Lane 1,48.51,46.51,165,157
16143,Motorcycle,Lane 2,25.98,32.52,52,51
16146,Bus,Lane 2,42.8,46.77,64,60
16152,Motorcycle,Lane 2,23.68,27.46,51,50
16158,Motorcycle,Lane 2,20.03,23.84,34,33
16168,Car,Lane 1,43.67,43.91,224,202
16175,Car,Lane 2,20.66,24.98,81,78
16182,Motorcycle,Lane 1,24.98,31.48,49,48
16192,Motorcycle,Lane 1,34.21,41.51,42,40
16196,Motorcycle,Lane 2,26.95,32.24,51,50
16197,Motorcycle,Lane 1,48.26,50.8,75,74
16200,Motorcycle,Lane 2,7.8,7.3,31,30
16202,Motorcycle,Lane 1,22.18,22.12,31,30
16203,Motorcycle,Lane 2,23.08,24.89,36,35
16204,Motorcycle,Lane 2,17.43,17.89,31,30
16206,Motorcycle,Lane 1,43.49,45.93,102,100
16216,Motorcycle,Lane 1,30.16,37.72,67,66
16219,Light Goods Vehicle,Lane 1,59.93,64.19,97,96
16231,Three-Wheeler,Lane 1,58.35,58.13,132,124
16232,Car,Lane 1,73.83,86.67,37,36
16233,Car,Lane 1,61.4,66.24,82,81
16237,Car,Lane 1,64.96,72.27,122,120
16239,Motorcycle,Lane 1,59.6,64.23,115,111
16248,Motorcycle,Lane 1,85.44,82.1,97,95
16257,Motorcycle,Lane 1,77.15,87.73,64,49
16258,Motorcycle,Lane 1,3.08,6.88,31,26
16268,Three-Wheeler,Lane 1,90.21,86.26,101,93
16271,Motorcycle,Lane 1,98.92,97.05,54,37
16273,Motorcycle,Lane 1,68.54,73.3,154,151
16279,Car,Lane 2,35.08,39.07,275,224
16280,Three-Wheeler,Lane 2,97.4,75.85,34,4
16286,Car,Lane 1,32.8,34.09,32,31
16288,Car,Lane 1,7.18,8.71,33,32
16290,Car,Lane 2,6.06,18.03,118,84
16291,Car,Lane 1,57.05,61.77,36,35
16293,Light Goods Vehicle,Lane 1,41.74,42.07,114,112
16294,Van,Lane 2,13.42,14.03,35,34
16297,Light Goods Vehicle,Lane 1,32.64,35.86,128,124
16300,Car,Lane 1,53.12,58.41,47,46
16301,Light Goods Vehicle,Lane 2,22.39,24.69,108,106
16305,Light Goods Vehicle,Lane 1,48.21,48.59,169,160
16306,Three-Wheeler,Lane 2,12.17,16.08,31,30
16311,Light Goods Vehicle,Lane 1,61.35,65.06,65,63
16312,Car,Lane 2,6.04,11.71,32,17
16315,Car,Lane 1,45.05,53.85,380,275
16320,Van,Lane 1,49.49,38.68,32,24
16323,Car,Lane 1,6.52,6.78,44,14
16328,Three-Wheeler,Lane 1,64.05,52.05,128,72
16333,Car,Lane 1,5.82,22.35,31,28
16338,Motorcycle,Lane 1,81.98,89.1,41,39
16341,Motorcycle,Lane 1,45.55,48.07,64,63
16342,Motorcycle,Lane 1,54.95,55.79,70,69
16350,Three-Wheeler,Lane 1,95.61,68.79,910,337
16362,Bus,Lane 2,48.3,47.05,193,172
16364,Motorcycle,Lane 2,29.82,36.87,80,78
16366,Bus,Lane 2,47.94,54.32,98,79
16370,Motorcycle,Lane 1,7.57,7.72,32,31
16375,Motorcycle,Lane 1,49.23,50.92,107,106
16385,Motorcycle,Lane 1,36.63,38.26,55,53
16386,Motorcycle,Lane 1,18.34,30.49,49,47
16390,Bus,Lane 2,15.87,16.78,33,32
16391,Bus,Lane 1,32.41,45.55,31,30
16392,Bus,Lane 2,20.57,21.87,41,40
16395,Three-Wheeler,Lane 1,80.51,73.38,45,17
16398,Light Goods Vehicle,Lane 1,32.27,36.75,184,181
16403,Light Goods Vehicle,Lane 1,50.17,52.14,154,119
16405,Motorcycle,Lane 1,74.79,85.07,62,50
16406,Three-Wheeler,Lane 1,55.83,58.43,84,82
16419,Motorcycle,Lane 1,56.36,57.33,55,54
16421,Car,Lane 2,3.96,13.12,1574,720
16428,Three-Wheeler,Lane 1,39.38,41.12,76,73
16434,Motorcycle,Lane 1,44.14,46.16,81,79
16437,Three-Wheeler,Lane 1,9.73,9.73,34,1
16439,Motorcycle,Lane 1,57.0,60.47,60,58
16444,Motorcycle,Lane 1,10.95,11.22,31,30
16448,Motorcycle,Lane 1,57.1,62.04,71,70
16452,Three-Wheeler,Lane 1,42.0,41.58,293,200
16454,Three-Wheeler,Lane 1,7.23,35.71,61,31
16461,Three-Wheeler,Lane 1,77.23,60.84,94,58
16462,Car,Lane 1,45.62,46.3,132,131
16465,Car,Lane 1,6.28,6.35,40,15
16468,Car,Lane 1,49.61,47.58,178,157
16475,Three-Wheeler,Lane 1,16.85,18.12,31,30
16476,Three-Wheeler,Lane 1,37.6,40.99,244,216
16477,Motorcycle,Lane 1,50.62,53.81,93,92
16480,Motorcycle,Lane 1,13.55,12.57,32,31
16481,Motorcycle,Lane 1,89.58,94.48,41,31
16482,Motorcycle,Lane 1,54.75,59.37,66,64
16485,Light Goods Vehicle,Lane 2,7.94,38.9,31,10
16487,Motorcycle,Lane 1,12.4,13.46,32,31
16491,Car,Lane 1,8.38,39.92,100,18
16492,Three-Wheeler,Lane 1,15.4,23.5,514,385
16499,Car,Lane 1,37.54,42.34,614,350
16500,Three-Wheeler,Lane 2,30.22,25.62,46,20
16501,Three-Wheeler,Lane 2,11.66,14.77,306,245
16506,Three-Wheeler,Lane 2,15.6,18.09,392,262
16509,Bus,Lane 1,19.43,26.42,71,70
16514,Car,Lane 2,4.69,8.22,57,48
16516,Motorcycle,Lane 1,89.17,99.82,47,35
16519,Motorcycle,Lane 1,64.5,83.63,52,40
16520,Motorcycle,Lane 1,111.73,114.33,37,24
16524,Motorcycle,Lane 1,84.36,89.03,39,38
16525,Car,Lane 1,37.9,36.89,92,87
16528,Car,Lane 1,92.01,57.32,77,14
16530,Three-Wheeler,Lane 1,79.36,49.27,78,27
16532,Van,Lane 1,63.36,75.83,35,34
16533,Van,Lane 1,49.62,50.02,255,192
16535,Three-Wheeler,Lane 1,40.39,28.54,32,24
16537,Three-Wheeler,Lane 1,46.47,47.27,212,190
16538,Car,Lane 1,8.41,43.1,31,12
16542,Light Goods Vehicle,Lane 2,7.92,8.77,160,149
16545,Three-Wheeler,Lane 1,25.66,31.86,400,354
16546,Car,Lane 1,103.39,105.89,32,28
16551,Three-Wheeler,Lane 1,18.6,53.0,273,108
16554,Motorcycle,Lane 1,29.74,35.88,54,53
16568,Motorcycle,Lane 1,5.87,4.51,31,30
16569,Motorcycle,Lane 1,26.83,31.55,41,40
16571,Motorcycle,Lane 1,4.39,5.12,31,30
16578,Car,Lane 1,19.62,27.08,349,306
16586,Motorcycle,Lane 1,25.21,29.69,44,43
16589,Car,Lane 1,8.71,10.44,140,135
16595,Motorcycle,Lane 1,20.68,24.93,60,59
16601,Three-Wheeler,Lane 1,26.96,37.73,272,244
16603,Car,Lane 1,98.96,65.82,118,43
16610,Car,Lane 1,13.07,12.17,32,31
16612,Car,Lane 1,90.52,100.93,34,27
16616,Light Goods Vehicle,Lane 1,62.36,64.54,184,164
16620,Motorcycle,Lane 1,28.76,33.88,69,67
16634,Bus,Lane 1,56.05,56.88,113,103
16641,Car,Lane 1,85.68,97.3,32,27
16642,Bus,Lane 1,66.16,65.9,156,153
16643,Light Goods Vehicle,Lane 1,83.65,87.21,79,76
16644,Car,Lane 1,12.09,13.38,114,113
16652,Car,Lane 1,49.68,54.88,236,211
16653,Three-Wheeler,Lane 1,21.93,23.84,277,249
16654,Car,Lane 1,20.85,26.9,214,212
16655,Van,Lane 1,68.66,59.42,58,36
16656,Motorcycle,Lane 1,13.17,19.06,69,68
16658,Van,Lane 2,5.61,5.94,35,34
16659,Motorcycle,Lane 1,12.89,19.36,68,63
16665,Car,Lane 1,9.74,15.54,108,61
16678,Motorcycle,Lane 1,90.32,81.79,63,47
16681,Motorcycle,Lane 1,95.36,101.08,44,30
16683,Motorcycle,Lane 1,98.29,95.66,46,34
16690,Car,Lane 1,6.27,7.13,52,27
16702,Three-Wheeler,Lane 1,21.54,23.73,267,242
16707,Car,Lane 1,15.92,19.34,117,113
16710,Bus,Lane 1,8.19,10.28,43,42
16712,Car,Lane 1,8.3,10.48,31,30
16714,Car,Lane 1,23.11,26.64,258,234
16715,Car,Lane 1,26.86,30.54,309,262
16719,Motorcycle,Lane 2,19.02,22.96,67,66
16722,Van,Lane 1,8.35,9.24,42,41
16724,Motorcycle,Lane 2,14.67,19.12,65,64
16728,Three-Wheeler,Lane 2,34.49,36.7,140,122
16729,Motorcycle,Lane 2,15.44,20.5,96,93
16737,Motorcycle,Lane 1,18.36,23.31,61,60
16738,Motorcycle,Lane 1,16.39,19.77,59,58
16741,Car,Lane 1,27.76,29.57,262,230
16742,Three-Wheeler,Lane 2,23.15,28.5,818,316
16748,Van,Lane 1,9.22,9.55,33,32
16749,Light Goods Vehicle,Lane 1,16.22,19.77,126,124
16750,Van,Lane 1,31.09,34.49,293,241
16753,Car,Lane 1,20.0,23.09,52,51
16754,Three-Wheeler,Lane 1,30.58,34.44,304,248
16755,Car,Lane 2,14.31,14.92,35,34
16760,Light Goods Vehicle,Lane 1,11.4,12.11,52,51
16763,Car,Lane 1,30.38,38.13,114,100
16765,Car,Lane 1,53.45,57.36,35,34
16766,Car,Lane 1,11.78,13.24,44,43
16767,Car,Lane 1,103.45,112.71,32,20
16768,Car,Lane 1,85.14,89.81,136,129
16769,Car,Lane 1,35.89,38.84,247,228
16773,Van,Lane 1,7.2,7.19,31,30
16779,Light Goods Vehicle,Lane 2,22.78,16.63,63,9
16780,Three-Wheeler,Lane 1,5.51,6.7,31,30
16782,Light Goods Vehicle,Lane 1,24.18,23.96,101,100
16784,Car,Lane 1,22.75,24.39,144,142
16785,Motorcycle,Lane 1,82.55,89.33,69,63
16787,Motorcycle,Lane 1,85.07,90.26,56,44
16791,Van,Lane 1,13.18,14.21,39,38
16796,Motorcycle,Lane 1,111.52,113.04,52,33
16803,Light Goods Vehicle,Lane 2,22.71,16.55,55,9
16804,Car,Lane 1,72.7,83.43,42,37
16808,Motorcycle,Lane 1,107.85,105.76,61,37
16809,Van,Lane 1,65.25,75.0,163,158
16810,Light Goods Vehicle,Lane 1,8.51,8.51,32,31
16811,Van,Lane 1,14.6,15.12,35,34
16819,Car,Lane 1,6.57,5.55,31,16
16820,Bus,Lane 1,18.84,17.63,100,87
16821,Car,Lane 1,64.92,67.08,182,160
16825,Three-Wheeler,Lane 1,92.81,96.71,42,40
16826,Car,Lane 1,33.1,33.23,32,31
16827,Motorcycle,Lane 1,22.54,24.56,69,65
16830,Motorcycle,Lane 1,21.96,23.55,41,38
16833,Motorcycle,Lane 1,19.53,24.01,47,46
16836,Motorcycle,Lane 2,10.61,12.23,96,82
16838,Bus,Lane 1,34.1,44.7,276,226
16842,Car,Lane 1,96.26,99.64,146,114
16843,Car,Lane 1,84.78,90.66,85,64
16850,Motorcycle,Lane 1,69.26,80.44,65,62
16854,Bus,Lane 1,62.94,61.07,163,119
16855,Motorcycle,Lane 1,65.7,68.44,74,73
16863,Car,Lane 1,43.9,44.75,211,193
16865,Car,Lane 1,95.05,107.36,34,22
16866,Car,Lane 1,74.11,84.71,98,91
16868,Light Goods Vehicle,Lane 2,23.0,14.56,403,134
16875,Motorcycle,Lane 1,129.34,122.78,37,11
16877,Motorcycle,Lane 1,109.81,111.06,42,19
16880,Motorcycle,Lane 1,102.11,106.78,48,31
16885,Bus,Lane 1,39.17,48.96,300,257
16892,Motorcycle,Lane 2,17.18,17.38,33,32
16895,Motorcycle,Lane 2,18.98,21.36,40,39
16899,Car,Lane 1,111.76,90.41,59,40
16903,Bus,Lane 1,10.67,41.05,42,16
16904,Bus,Lane 2,23.14,14.83,941,272
16908,Light Goods Vehicle,Lane 2,3.88,11.09,288,57
16912,Motorcycle,Lane 1,23.7,26.56,41,40
16915,Light Goods Vehicle,Lane 2,22.71,13.97,1132,248
16918,Motorcycle,Lane 1,88.03,94.47,34,32
16926,Three-Wheeler,Lane 1,21.0,20.82,32,31
16932,Motorcycle,Lane 1,62.04,65.85,104,101
16937,Car,Lane 1,44.92,48.73,360,256
16944,Light Goods Vehicle,Lane 2,3.86,3.86,50,2
16952,Light Goods Vehicle,Lane 1,34.08,35.84,33,32
16956,Light Goods Vehicle,Lane 1,43.06,41.02,204,178
16959,Motorcycle,Lane 1,57.27,58.84,50,49
16961,Motorcycle,Lane 1,17.61,17.93,33,32
16963,Motorcycle,Lane 1,37.09,37.8,36,35
16967,Car,Lane 1,7.04,17.53,33,11
16969,Light Goods Vehicle,Lane 2,3.88,11.57,75,5
16972,Car,Lane 1,47.28,43.96,777,364
16974,Car,Lane 1,40.99,41.48,102,100
16979,Light Goods Vehicle,Lane 2,16.12,14.82,1165,404
16980,Three-Wheeler,Lane 1,37.55,44.02,45,44
16982,Three-Wheeler,Lane 1,67.13,53.25,87,44
16983,Three-Wheeler,Lane 1,89.79,76.78,165,74
16984,Car,Lane 1,75.3,82.37,45,39
16986,Light Goods Vehicle,Lane 1,42.9,48.0,254,211
16988,Three-Wheeler,Lane 1,82.22,93.89,85,32
16992,Car,Lane 1,49.55,43.86,190,100
16993,Light Goods Vehicle,Lane 1,99.7,89.88,57,9
16995,Bus,Lane 1,103.71,67.37,364,131
16996,Three-Wheeler,Lane 1,21.11,59.34,94,41
16997,Car,Lane 1,33.74,31.95,258,193
16999,Three-Wheeler,Lane 1,53.37,58.92,95,22
17000,Car,Lane 1,54.11,61.06,45,44
17001,Car,Lane 1,30.62,24.91,37,36
17004,Light Goods Vehicle,Lane 1,49.67,50.19,230,196
17006,Light Goods Vehicle,Lane 1,37.97,42.05,217,185
17009,Three-Wheeler,Lane 1,54.17,51.94,150,143
17010,Three-Wheeler,Lane 1,31.88,37.49,180,164
17011,Car,Lane 1,29.78,29.35,161,159
17014,Van,Lane 1,48.43,45.05,492,285
17015,Light Goods Vehicle,Lane 1,27.79,32.77,342,252
17016,Three-Wheeler,Lane 1,14.4,38.91,198,41
17019,Three-Wheeler,Lane 2,57.73,48.39,60,40
17020,Light Goods Vehicle,Lane 2,22.81,15.98,53,8
17028,Light Goods Vehicle,Lane 1,8.52,33.56,123,72
17029,Three-Wheeler,Lane 1,36.6,23.98,51,41
17030,Motorcycle,Lane 2,25.99,26.84,56,54
17031,Motorcycle,Lane 1,6.81,6.81,31,2
17032,Motorcycle,Lane 1,21.72,21.65,67,62
17037,Three-Wheeler,Lane 1,41.11,44.41,207,187
17039,Motorcycle,Lane 1,22.51,28.05,49,48
17042,Bus,Lane 1,8.78,36.02,89,37
17043,Three-Wheeler,Lane 1,38.34,40.21,237,203
17050,Three-Wheeler,Lane 1,38.64,35.91,119,118
17051,Car,Lane 1,73.22,87.94,36,35
17054,Light Goods Vehicle,Lane 1,57.55,70.5,183,129
17060,Car,Lane 1,47.91,52.43,179,175
17062,Motorcycle,Lane 2,21.53,28.6,66,65
17063,Car,Lane 1,22.49,28.84,50,49
17070,Car,Lane 1,42.81,43.76,222,201
17071,Motorcycle,Lane 2,20.29,23.3,43,42
17073,Car,Lane 1,30.97,35.32,142,140
17074,Car,Lane 1,9.63,14.8,44,7
17075,Car,Lane 1,6.66,6.39,36,14
17079,Motorcycle,Lane 2,17.35,19.21,49,48
17080,Motorcycle,Lane 2,16.15,18.84,57,56
17081,Car,Lane 1,34.28,37.97,95,94
17093,Car,Lane 1,76.75,91.73,101,55
17098,Three-Wheeler,Lane 1,65.42,55.18,31,19
17102,Light Goods Vehicle,Lane 2,15.68,20.83,138,108
17107,Van,Lane 2,13.66,16.63,42,29
17116,Bus,Lane 1,26.31,30.25,64,63
17120,Van,Lane 1,13.86,14.46,32,31
17131,Car,Lane 1,12.66,13.26,33,32
17133,Motorcycle,Lane 2,20.78,24.15,41,40
17134,Motorcycle,Lane 1,13.99,14.18,31,30
17135,Car,Lane 1,12.4,12.4,31,30
17140,Light Goods Vehicle,Lane 1,51.76,54.15,99,98
17141,Three-Wheeler,Lane 1,35.74,43.5,239,206
17150,Bus,Lane 1,53.83,59.82,183,165
17151,Motorcycle,Lane 1,25.5,30.66,106,97
17156,Car,Lane 1,9.77,28.77,38,17
17157,Three-Wheeler,Lane 2,29.17,36.15,246,211
17159,Van,Lane 1,13.6,13.93,31,30
17164,Three-Wheeler,Lane 1,29.6,31.3,153,149
17166,Heavy Goods Vehicle,Lane 2,82.02,86.34,41,30
17167,Bus,Lane 2,34.3,44.49,31,30
17172,Light Goods Vehicle,Lane 1,26.99,31.62,90,88
17185,Motorcycle,Lane 1,20.29,28.12,55,53
17186,Car,Lane 2,65.97,58.88,31,8
17189,Bus,Lane 2,15.44,22.12,1001,526
17191,Motorcycle,Lane 1,23.97,29.01,61,60
17194,Light Goods Vehicle,Lane 1,12.55,12.85,34,33
17196,Bus,Lane 2,33.99,46.57,111,98
17198,Car,Lane 2,8.95,9.27,46,45
17201,Van,Lane 2,11.74,11.95,42,41
17202,Bus,Lane 1,68.32,65.32,169,155
17207,Car,Lane 1,29.73,29.17,137,134
17209,Car,Lane 1,24.79,36.48,125,86
17211,Three-Wheeler,Lane 1,29.0,30.84,164,158
17220,Car,Lane 2,32.09,32.79,184,172
17223,Motorcycle,Lane 1,118.81,118.12,37,18
17226,Light Goods Vehicle,Lane 2,15.44,17.69,60,58
17227,Motorcycle,Lane 1,90.38,96.48,73,70
17236,Three-Wheeler,Lane 1,69.68,78.23,53,49
17239,Motorcycle,Lane 1,20.11,27.27,67,65
17244,Bus,Lane 1,90.34,81.99,85,65
17245,Van,Lane 1,24.62,23.62,31,18
17248,Car,Lane 1,33.75,34.05,174,166
17249,Car,Lane 1,58.82,70.54,101,97
17251,Car,Lane 1,15.92,20.6,78,77
17254,Motorcycle,Lane 2,20.79,24.42,53,52
17257,Three-Wheeler,Lane 1,64.02,65.09,84,51
17263,Three-Wheeler,Lane 1,28.36,30.54,232,211
17267,Light Goods Vehicle,Lane 1,7.83,7.41,31,30
17268,Car,Lane 1,58.64,63.91,149,128
17274,Motorcycle,Lane 1,5.89,6.28,32,31
17276,Car,Lane 1,83.43,60.39,32,12
17278,Motorcycle,Lane 1,67.17,80.89,65,50
17281,Motorcycle,Lane 1,75.83,83.24,67,62
17282,Three-Wheeler,Lane 2,26.45,28.85,117,116
17283,Car,Lane 1,34.75,36.87,334,266
17290,Car,Lane 1,76.26,83.05,32,31
17291,Light Goods Vehicle,Lane 1,77.09,77.39,157,152
17297,Light Goods Vehicle,Lane 1,96.35,97.51,77,75
17300,Car,Lane 1,24.94,30.49,57,56
17305,Car,Lane 1,35.41,36.22,225,203
17312,Three-Wheeler,Lane 1,30.99,29.93,163,157
17313,Car,Lane 1,56.61,61.03,210,191
17316,Car,Lane 1,40.22,41.2,244,200
17319,Van,Lane 2,6.68,29.46,33,21
17320,Bus,Lane 2,38.88,40.61,334,270
17323,Van,Lane 1,30.49,33.24,40,29
17324,Light Goods Vehicle,Lane 1,22.81,30.83,409,252
17327,Car,Lane 1,65.57,69.44,49,48
17330,Motorcycle,Lane 1,85.75,87.39,93,91
17335,Motorcycle,Lane 1,14.21,16.94,33,32
17351,Van,Lane 1,13.68,14.37,36,35
17355,Three-Wheeler,Lane 1,27.07,31.73,221,191
17358,Three-Wheeler,Lane 2,36.87,39.88,113,79
17359,Light Goods Vehicle,Lane 1,8.53,8.6,31,30
17362,Bus,Lane 2,15.18,22.89,149,81
17363,Car,Lane 1,11.76,12.19,33,32
17364,Van,Lane 1,14.76,15.44,33,32
17372,Car,Lane 1,85.69,90.52,144,131
17373,Bus,Lane 1,29.66,34.11,180,163
17375,Three-Wheeler,Lane 2,27.04,28.61,136,128
17381,Three-Wheeler,Lane 2,26.47,29.89,206,192
17382,Van,Lane 1,11.72,12.1,33,32
17388,Motorcycle,Lane 1,117.96,116.88,49,21
17391,Van,Lane 2,13.89,14.31,32,31
17392,Motorcycle,Lane 1,100.1,106.39,34,29
17394,Three-Wheeler,Lane 2,53.9,52.08,87,67
17396,Motorcycle,Lane 1,64.38,70.09,31,30
17406,Motorcycle,Lane 2,24.86,28.01,67,65
17408,Car,Lane 1,35.36,37.72,218,197
17410,Three-Wheeler,Lane 1,88.31,87.67,31,30
17414,Bus,Lane 2,14.96,24.76,124,49
17422,Bus,Lane 2,36.84,26.02,253,124
17423,Three-Wheeler,Lane 1,23.04,25.38,129,127
17429,Light Goods Vehicle,Lane 2,5.01,19.75,37,11
17430,Three-Wheeler,Lane 1,34.94,33.42,205,190
17433,Three-Wheeler,Lane 2,29.16,36.09,94,93
17434,Three-Wheeler,Lane 2,21.97,24.02,161,155
17440,Light Goods Vehicle,Lane 2,37.54,28.48,140,54
17446,Van,Lane 1,14.2,15.18,34,33
17448,Car,Lane 2,10.74,11.09,36,35
17449,Motorcycle,Lane 1,26.41,28.96,25,24
17451,Van,Lane 1,12.62,13.01,20,19
17453,Motorcycle,Lane 1,28.55,32.88,15,14
